asset,asset_name,category,hypothesis,group,description,test_pf,test_sharpe,test_max_dd,test_trades,test_wr,test_expectancy,oos_pf,oos_sharpe,oos_max_dd,oos_trades,oos_wr,oos_expectancy,oos_verdict,pf_degradation,robustness,rob_verdict,mc_prob_profit,mc_pnl_mean,mc_dd_95pct,dominant_regime,pct_trending,pct_mean_rev,pct_high_vol,pct_low_vol,regime_detail
NASDAQ,NASDAQ Futures,index,VOL_ATR_Expand,volatility,Enter in bias direction when ATR > 1.5x rolling mean,1.8880,0.2420,901.2000,52,0.4615,51.0200,1.0970,0.0410,1898.8000,70,0.4143,6.0800,PASS,-0.4192,0.8761,ROBUST,0.9620,2601.7000,1392.0000,HIGH_VOLATILITY,0.0000,0.0000,1.0000,0.0000,"{'test': {'HIGH_VOLATILITY': {'n_trades': 52, 'win_rate': 0.4615, 'profit_factor': np.float64(1.8883), 'expectancy_pips': 51.025, 'sharpe': 0.2416, 'max_drawdown_pips': 901.2, 'total_pnl_pips': 2653.3, 'avg_bars_held': 10.0, 'payoff_ratio': 2.203, 'recovery_factor': 2.9442, 'tp_count': 22, 'sl_count': 28, 'timeout_count': 2, 'pnl_std': 211.1531, 'pnl_mean': 51.025}}, 'oos': {'HIGH_VOLATILITY': {'n_trades': 70, 'win_rate': 0.4143, 'profit_factor': np.float64(1.0968), 'expectancy_pips': 6.0803, 'sharpe': 0.0409, 'max_drawdown_pips': 1898.83, 'total_pnl_pips': 425.62, 'avg_bars_held': 9.26, 'payoff_ratio': 1.5507, 'recovery_factor': 0.2241, 'tp_count': 24, 'sl_count': 41, 'timeout_count': 5, 'pnl_std': 148.6554, 'pnl_mean': 6.0803}}}"
GOLD,Gold Futures,commodity,TF_Momentum,trend_follow,Trend follow: 10-bar momentum > 0.5x ATR,1.2190,0.0810,2447.6000,376,0.4229,19.1400,1.0880,0.0330,6819.9000,480,0.4104,16.6000,OOS_PASS,-0.1068,0.8702,ROBUST,0.9320,7207.5000,5681.7000,TRENDING,0.5186,0.0426,0.4043,0.0346,"{'test': {'HIGH_VOLATILITY': {'n_trades': 152, 'win_rate': 0.3947, 'profit_factor': np.float64(0.9786), 'expectancy_pips': -2.2422, 'sharpe': -0.0089, 'max_drawdown_pips': 2213.86, 'total_pnl_pips': -340.82, 'avg_bars_held': 9.83, 'payoff_ratio': 1.5004, 'recovery_factor': -0.1539, 'tp_count': 60, 'sl_count': 91, 'timeout_count': 1, 'pnl_std': 251.5454, 'pnl_mean': -2.2422}, 'LOW_VOLATILITY': {'n_trades': 13, 'win_rate': 0.3846, 'profit_factor': np.float64(0.9928), 'expectancy_pips': -0.3392, 'sharpe': -0.0033, 'max_drawdown_pips': 336.19, 'total_pnl_pips': -4.41, 'avg_bars_held': 2.69, 'payoff_ratio': 1.5885, 'recovery_factor': -0.0131, 'tp_count': 5, 'sl_count': 8, 'timeout_count': 0, 'pnl_std': 102.9437, 'pnl_mean': -0.3392}, 'MEAN_REVERTING': {'n_trades': 16, 'win_rate': 0.5625, 'profit_factor': np.float64(2.7149), 'expectancy_pips': 103.4, 'sharpe': 0.407, 'max_drawdown_pips': 262.5, 'total_pnl_pips': 1654.4, 'avg_bars_held': 8.88, 'payoff_ratio': 2.1116, 'recovery_factor': 6.3025, 'tp_count': 9, 'sl_count': 7, 'timeout_count': 0, 'pnl_std': 254.0725, 'pnl_mean': 103.4}, 'TRENDING': {'n_trades': 195, 'win_rate': 0.4359, 'profit_factor': np.float64(1.3811), 'expectancy_pips': 30.1859, 'sharpe': 0.1324, 'max_drawdown_pips': 1614.72, 'total_pnl_pips': 5886.26, 'avg_bars_held': 10.96, 'payoff_ratio': 1.7873, 'recovery_factor': 3.6454, 'tp_count': 83, 'sl_count': 110, 'timeout_count': 2, 'pnl_std': 228.0349, 'pnl_mean': 30.1859}}, 'oos': {'HIGH_VOLATILITY': {'n_trades': 181, 'win_rate': 0.4033, 'profit_factor': np.float64(1.0451), 'expectancy_pips': 9.743, 'sharpe': 0.0168, 'max_drawdown_pips': 8022.68, 'total_pnl_pips': 1763.49, 'avg_bars_held': 9.93, 'payoff_ratio': 1.5462, 'recovery_factor': 0.2198, 'tp_count': 72, 'sl_count': 108, 'timeout_count': 1, 'pnl_std': 579.9291, 'pnl_mean': 9.743}, 'LOW_VOLATILITY': {'n_trades': 13, 'win_rate': 0.3846, 'profit_factor': np.float64(0.7469), 'expectancy_pips': -43.5454, 'sharpe': -0.1276, 'max_drawdown_pips': 937.29, 'total_pnl_pips': -566.09, 'avg_bars_held': 6.15, 'payoff_ratio': 1.195, 'recovery_factor': -0.604, 'tp_count': 5, 'sl_count': 8, 'timeout_count': 0, 'pnl_std': 341.2924, 'pnl_mean': -43.5454}, 'MEAN_REVERTING': {'n_trades': 11, 'win_rate': 0.3636, 'profit_factor': np.float64(0.77), 'expectancy_pips': -56.5627, 'sharpe': -0.1059, 'max_drawdown_pips': 2137.0, 'total_pnl_pips': -622.19, 'avg_bars_held': 8.73, 'payoff_ratio': 1.3476, 'recovery_factor': -0.2912, 'tp_count': 4, 'sl_count': 7, 'timeout_count': 0, 'pnl_std': 533.9422, 'pnl_mean': -56.5627}, 'TRENDING': {'n_trades': 275, 'win_rate': 0.4182, 'profit_factor': np.float64(1.1605), 'expectancy_pips': 26.8744, 'sharpe': 0.0606, 'max_drawdown_pips': 3457.77, 'total_pnl_pips': 7390.46, 'avg_bars_held': 9.52, 'payoff_ratio': 1.6146, 'recovery_factor': 2.1373, 'tp_count': 114, 'sl_count': 160, 'timeout_count': 1, 'pnl_std': 443.1952, 'pnl_mean': 26.8744}}}"
EURUSD,EUR/USD,forex,MR_RSI_Exhaust,mean_reversion,MR entry at RSI < 30 (buy) or RSI > 70 (sell),1.3720,0.1340,372.2000,403,0.4094,3.2700,1.0830,0.0360,291.7000,474,0.3523,0.6600,PASS,-0.2108,0.8278,ROBUST,0.9940,1309.7000,445.5000,TRENDING,0.5211,0.0968,0.2308,0.1514,"{'test': {'HIGH_VOLATILITY': {'n_trades': 93, 'win_rate': 0.5054, 'profit_factor': np.float64(1.9293), 'expectancy_pips': 8.5077, 'sharpe': 0.2892, 'max_drawdown_pips': 196.2, 'total_pnl_pips': 791.22, 'avg_bars_held': 5.6, 'payoff_ratio': 1.8883, 'recovery_factor': 4.0327, 'tp_count': 47, 'sl_count': 46, 'timeout_count': 0, 'pnl_std': 29.4161, 'pnl_mean': 8.5077}, 'LOW_VOLATILITY': {'n_trades': 61, 'win_rate': 0.4754, 'profit_factor': np.float64(1.669), 'expectancy_pips': 3.7033, 'sharpe': 0.2252, 'max_drawdown_pips': 89.7, 'total_pnl_pips': 225.9, 'avg_bars_held': 2.66, 'payoff_ratio': 1.8416, 'recovery_factor': 2.5184, 'tp_count': 29, 'sl_count': 32, 'timeout_count': 0, 'pnl_std': 16.4427, 'pnl_mean': 3.7033}, 'MEAN_REVERTING': {'n_trades': 39, 'win_rate': 0.2564, 'profit_factor': np.float64(0.8192), 'expectancy_pips': -1.7782, 'sharpe': -0.0868, 'max_drawdown_pips': 188.32, 'total_pnl_pips': -69.35, 'avg_bars_held': 5.44, 'payoff_ratio': 2.3757, 'recovery_factor': -0.3683, 'tp_count': 10, 'sl_count': 29, 'timeout_count': 0, 'pnl_std': 20.492, 'pnl_mean': -1.7782}, 'TRENDING': {'n_trades': 210, 'win_rate': 0.3762, 'profit_factor': np.float64(1.1888), 'expectancy_pips': 1.7707, 'sharpe': 0.0729, 'max_drawdown_pips': 259.08, 'total_pnl_pips': 371.85, 'avg_bars_held': 5.24, 'payoff_ratio': 1.9712, 'recovery_factor': 1.4353, 'tp_count': 79, 'sl_count': 131, 'timeout_count': 0, 'pnl_std': 24.2924, 'pnl_mean': 1.7707}}, 'oos': {'HIGH_VOLATILITY': {'n_trades': 97, 'win_rate': 0.3196, 'profit_factor': np.float64(1.0352), 'expectancy_pips': 0.3509, 'sharpe': 0.0152, 'max_drawdown_pips': 188.23, 'total_pnl_pips': 34.04, 'avg_bars_held': 6.7, 'payoff_ratio': 2.204, 'recovery_factor': 0.1808, 'tp_count': 31, 'sl_count': 65, 'timeout_count': 1, 'pnl_std': 23.0734, 'pnl_mean': 0.3509}, 'LOW_VOLATILITY': {'n_trades': 49, 'win_rate': 0.4082, 'profit_factor': np.float64(1.2844), 'expectancy_pips': 1.4543, 'sharpe': 0.1154, 'max_drawdown_pips': 82.97, 'total_pnl_pips': 71.26, 'avg_bars_held': 2.27, 'payoff_ratio': 1.8624, 'recovery_factor': 0.8589, 'tp_count': 20, 'sl_count': 29, 'timeout_count': 0, 'pnl_std': 12.6048, 'pnl_mean': 1.4543}, 'MEAN_REVERTING': {'n_trades': 66, 'win_rate': 0.3333, 'profit_factor': np.float64(1.0403), 'expectancy_pips': 0.3091, 'sharpe': 0.0177, 'max_drawdown_pips': 129.58, 'total_pnl_pips': 20.4, 'avg_bars_held': 4.18, 'payoff_ratio': 2.0807, 'recovery_factor': 0.1574, 'tp_count': 22, 'sl_count': 44, 'timeout_count': 0, 'pnl_std': 17.4386, 'pnl_mean': 0.3091}, 'TRENDING': {'n_trades': 262, 'win_rate': 0.3588, 'profit_factor': np.float64(1.0919), 'expectancy_pips': 0.7104, 'sharpe': 0.0398, 'max_drawdown_pips': 169.21, 'total_pnl_pips': 186.13, 'avg_bars_held': 5.03, 'payoff_ratio': 1.9516, 'recovery_factor': 1.1, 'tp_count': 92, 'sl_count': 168, 'timeout_count': 2, 'pnl_std': 17.8317, 'pnl_mean': 0.7104}}}"
IBOV,Ibovespa,index,MR_EMA_Dist,mean_reversion,MR entry when price > 1.5 ATR from EMA50,1.2290,0.0930,6750.5000,168,0.3869,76.9000,0.8410,-0.0740,23180.2000,249,0.2851,-75.2900,DEGRADED,-0.3156,0.7975,ROBUST,0.8740,12486.1000,14032.0000,TRENDING,0.5655,0.0536,0.3690,0.0119,"{'test': {'HIGH_VOLATILITY': {'n_trades': 62, 'win_rate': 0.4194, 'profit_factor': np.float64(1.428), 'expectancy_pips': 145.0319, 'sharpe': 0.1554, 'max_drawdown_pips': 4719.0, 'total_pnl_pips': 8991.98, 'avg_bars_held': 5.89, 'payoff_ratio': 1.9773, 'recovery_factor': 1.9055, 'tp_count': 26, 'sl_count': 36, 'timeout_count': 0, 'pnl_std': 933.1233, 'pnl_mean': 145.0319}, 'LOW_VOLATILITY': {'n_trades': 2, 'win_rate': 0.0, 'profit_factor': np.float64(0.0), 'expectancy_pips': -380.955, 'sharpe': -7.8753, 'max_drawdown_pips': 346.75, 'total_pnl_pips': -761.91, 'avg_bars_held': 1.0, 'payoff_ratio': 0.0, 'recovery_factor': -2.1973, 'tp_count': 0, 'sl_count': 2, 'timeout_count': 0, 'pnl_std': 48.3732, 'pnl_mean': -380.955}, 'MEAN_REVERTING': {'n_trades': 9, 'win_rate': 0.2222, 'profit_factor': np.float64(0.4315), 'expectancy_pips': -239.1689, 'sharpe': -0.3962, 'max_drawdown_pips': 1624.09, 'total_pnl_pips': -2152.52, 'avg_bars_held': 3.56, 'payoff_ratio': 1.5104, 'recovery_factor': -1.3254, 'tp_count': 2, 'sl_count': 7, 'timeout_count': 0, 'pnl_std': 603.6013, 'pnl_mean': -239.1689}, 'TRENDING': {'n_trades': 95, 'win_rate': 0.3895, 'profit_factor': np.float64(1.2221), 'expectancy_pips': 72.0156, 'sharpe': 0.0935, 'max_drawdown_pips': 7839.74, 'total_pnl_pips': 6841.48, 'avg_bars_held': 4.44, 'payoff_ratio': 1.9158, 'recovery_factor': 0.8727, 'tp_count': 37, 'sl_count': 58, 'timeout_count': 0, 'pnl_std': 770.3439, 'pnl_mean': 72.0156}}, 'oos': {'HIGH_VOLATILITY': {'n_trades': 72, 'win_rate': 0.3472, 'profit_factor': np.float64(1.0526), 'expectancy_pips': 24.0922, 'sharpe': 0.022, 'max_drawdown_pips': 8980.22, 'total_pnl_pips': 1734.64, 'avg_bars_held': 3.78, 'payoff_ratio': 1.979, 'recovery_factor': 0.1932, 'tp_count': 25, 'sl_count': 47, 'timeout_count': 0, 'pnl_std': 1093.3077, 'pnl_mean': 24.0922}, 'LOW_VOLATILITY': {'n_trades': 8, 'win_rate': 0.25, 'profit_factor': np.float64(0.9109), 'expectancy_pips': -25.2237, 'sharpe': -0.0372, 'max_drawdown_pips': 2265.39, 'total_pnl_pips': -201.79, 'avg_bars_held': 3.25, 'payoff_ratio': 2.7328, 'recovery_factor': -0.0891, 'tp_count': 2, 'sl_count': 6, 'timeout_count': 0, 'pnl_std': 678.3304, 'pnl_mean': -25.2237}, 'MEAN_REVERTING': {'n_trades': 6, 'win_rate': 0.3333, 'profit_factor': np.float64(1.6608), 'expectancy_pips': 335.5833, 'sharpe': 0.1933, 'max_drawdown_pips': 2570.12, 'total_pnl_pips': 2013.5, 'avg_bars_held': 5.67, 'payoff_ratio': 3.3216, 'recovery_factor': 0.7834, 'tp_count': 2, 'sl_count': 4, 'timeout_count': 0, 'pnl_std': 1736.3239, 'pnl_mean': 335.5833}, 'TRENDING': {'n_trades': 163, 'win_rate': 0.2577, 'profit_factor': np.float64(0.7209), 'expectancy_pips': -136.7742, 'sharpe': -0.1403, 'max_drawdown_pips': 24033.58, 'total_pnl_pips': -22294.2, 'avg_bars_held': 4.07, 'payoff_ratio': 2.0769, 'recovery_factor': -0.9276, 'tp_count': 42, 'sl_count': 121, 'timeout_count': 0, 'pnl_std': 975.0258, 'pnl_mean': -136.7742}}}"
EURUSD,EUR/USD,forex,MR_EMA_Dist,mean_reversion,MR entry when price > 1.5 ATR from EMA50,1.2410,0.0920,404.2000,546,0.3773,2.2000,1.0980,0.0420,372.5000,714,0.3431,0.7700,OOS_PASS,-0.1153,0.7618,ROBUST,0.9920,1244.1000,592.3000,TRENDING,0.4835,0.0788,0.3095,0.1282,"{'test': {'HIGH_VOLATILITY': {'n_trades': 169, 'win_rate': 0.426, 'profit_factor': np.float64(1.5758), 'expectancy_pips': 5.6662, 'sharpe': 0.1976, 'max_drawdown_pips': 216.68, 'total_pnl_pips': 957.59, 'avg_bars_held': 5.86, 'payoff_ratio': 2.123, 'recovery_factor': 4.4194, 'tp_count': 72, 'sl_count': 97, 'timeout_count': 0, 'pnl_std': 28.6745, 'pnl_mean': 5.6662}, 'LOW_VOLATILITY': {'n_trades': 70, 'win_rate': 0.3, 'profit_factor': np.float64(0.9194), 'expectancy_pips': -0.5473, 'sharpe': -0.0355, 'max_drawdown_pips': 145.19, 'total_pnl_pips': -38.31, 'avg_bars_held': 2.06, 'payoff_ratio': 2.1453, 'recovery_factor': -0.2639, 'tp_count': 21, 'sl_count': 49, 'timeout_count': 0, 'pnl_std': 15.43, 'pnl_mean': -0.5473}, 'MEAN_REVERTING': {'n_trades': 43, 'win_rate': 0.3488, 'profit_factor': np.float64(1.0603), 'expectancy_pips': 0.5056, 'sharpe': 0.0266, 'max_drawdown_pips': 74.08, 'total_pnl_pips': 21.74, 'avg_bars_held': 5.51, 'payoff_ratio': 1.9792, 'recovery_factor': 0.2935, 'tp_count': 15, 'sl_count': 28, 'timeout_count': 0, 'pnl_std': 19.0118, 'pnl_mean': 0.5056}, 'TRENDING': {'n_trades': 264, 'win_rate': 0.3712, 'profit_factor': np.float64(1.1053), 'expectancy_pips': 0.9942, 'sharpe': 0.0434, 'max_drawdown_pips': 342.45, 'total_pnl_pips': 262.47, 'avg_bars_held': 5.88, 'payoff_ratio': 1.8722, 'recovery_factor': 0.7664, 'tp_count': 98, 'sl_count': 165, 'timeout_count': 1, 'pnl_std': 22.9152, 'pnl_mean': 0.9942}}, 'oos': {'HIGH_VOLATILITY': {'n_trades': 167, 'win_rate': 0.3353, 'profit_factor': np.float64(1.0833), 'expectancy_pips': 0.7724, 'sharpe': 0.0353, 'max_drawdown_pips': 218.27, 'total_pnl_pips': 128.99, 'avg_bars_held': 6.77, 'payoff_ratio': 2.1472, 'recovery_factor': 0.591, 'tp_count': 55, 'sl_count': 110, 'timeout_count': 2, 'pnl_std': 21.8589, 'pnl_mean': 0.7724}, 'LOW_VOLATILITY': {'n_trades': 63, 'win_rate': 0.3175, 'profit_factor': np.float64(0.9362), 'expectancy_pips': -0.4017, 'sharpe': -0.0297, 'max_drawdown_pips': 104.04, 'total_pnl_pips': -25.31, 'avg_bars_held': 2.59, 'payoff_ratio': 2.0129, 'recovery_factor': -0.2433, 'tp_count': 20, 'sl_count': 43, 'timeout_count': 0, 'pnl_std': 13.5255, 'pnl_mean': -0.4017}, 'MEAN_REVERTING': {'n_trades': 99, 'win_rate': 0.2929, 'profit_factor': np.float64(0.8801), 'expectancy_pips': -0.9512, 'sharpe': -0.0572, 'max_drawdown_pips': 289.51, 'total_pnl_pips': -94.17, 'avg_bars_held': 4.12, 'payoff_ratio': 2.1244, 'recovery_factor': -0.3253, 'tp_count': 29, 'sl_count': 70, 'timeout_count': 0, 'pnl_std': 16.619, 'pnl_mean': -0.9512}, 'TRENDING': {'n_trades': 385, 'win_rate': 0.3636, 'profit_factor': np.float64(1.1878), 'expectancy_pips': 1.4022, 'sharpe': 0.0771, 'max_drawdown_pips': 142.74, 'total_pnl_pips': 539.85, 'avg_bars_held': 4.9, 'payoff_ratio': 2.0786, 'recovery_factor': 3.7821, 'tp_count': 140, 'sl_count': 245, 'timeout_count': 0, 'pnl_std': 18.1906, 'pnl_mean': 1.4022}}}"
IBOV,Ibovespa,index,VOL_Range_Bkout,volatility,Enter in bias direction after ATR compression (< 0.7x mean),2.6590,0.4280,1070.3000,5,0.6000,355.0700,3.9580,0.5510,687.6000,7,0.5714,595.3100,PASS,0.4888,0.7473,ROBUST,0.8500,1832.3000,1725.5000,LOW_VOLATILITY,0.0000,0.0000,0.2000,0.8000,"{'test': {'HIGH_VOLATILITY': {'n_trades': 1, 'win_rate': 1.0, 'profit_factor': np.float64(1057589999999.9998), 'expectancy_pips': 1057.59, 'sharpe': 1057589999999.9999, 'max_drawdown_pips': 0.0, 'total_pnl_pips': 1057.59, 'avg_bars_held': 6.0, 'payoff_ratio': 1057589999999.9999, 'recovery_factor': inf, 'tp_count': 1, 'sl_count': 0, 'timeout_count': 0, 'pnl_std': 0.0, 'pnl_mean': 1057.59}, 'LOW_VOLATILITY': {'n_trades': 4, 'win_rate': 0.5, 'profit_factor': np.float64(1.6706), 'expectancy_pips': 179.4375, 'sharpe': 0.2124, 'max_drawdown_pips': 1070.35, 'total_pnl_pips': 717.75, 'avg_bars_held': 4.25, 'payoff_ratio': 1.6706, 'recovery_factor': 0.6706, 'tp_count': 2, 'sl_count': 2, 'timeout_count': 0, 'pnl_std': 844.6112, 'pnl_mean': 179.4375}}, 'oos': {'HIGH_VOLATILITY': {'n_trades': 1, 'win_rate': 1.0, 'profit_factor': np.float64(1722390000000.0), 'expectancy_pips': 1722.39, 'sharpe': 1722390000000.0, 'max_drawdown_pips': 0.0, 'total_pnl_pips': 1722.39, 'avg_bars_held': 6.0, 'payoff_ratio': 1722390000000.0, 'recovery_factor': inf, 'tp_count': 1, 'sl_count': 0, 'timeout_count': 0, 'pnl_std': 0.0, 'pnl_mean': 1722.39}, 'LOW_VOLATILITY': {'n_trades': 6, 'win_rate': 0.5, 'profit_factor': np.float64(2.7356), 'expectancy_pips': 407.4667, 'sharpe': 0.3881, 'max_drawdown_pips': 687.58, 'total_pnl_pips': 2444.8, 'avg_bars_held': 2.67, 'payoff_ratio': 2.7356, 'recovery_factor': 3.5557, 'tp_count': 3, 'sl_count': 3, 'timeout_count': 0, 'pnl_std': 1050.0304, 'pnl_mean': 407.4667}}}"
EURUSD,EUR/USD,forex,MR_BB_Stretch,mean_reversion,MR entry when price > 2.0 ATR from EMA50,1.2410,0.0920,494.8000,453,0.3775,2.2200,1.0790,0.0340,272.1000,583,0.3465,0.6300,OOS_PASS,-0.1305,0.7148,ROBUST,0.9780,1041.1000,539.0000,TRENDING,0.5166,0.0751,0.2826,0.1258,"{'test': {'HIGH_VOLATILITY': {'n_trades': 128, 'win_rate': 0.4297, 'profit_factor': np.float64(1.5943), 'expectancy_pips': 5.7843, 'sharpe': 0.2007, 'max_drawdown_pips': 236.11, 'total_pnl_pips': 740.39, 'avg_bars_held': 5.74, 'payoff_ratio': 2.1161, 'recovery_factor': 3.1358, 'tp_count': 55, 'sl_count': 73, 'timeout_count': 0, 'pnl_std': 28.8221, 'pnl_mean': 5.7843}, 'LOW_VOLATILITY': {'n_trades': 57, 'win_rate': 0.2982, 'profit_factor': np.float64(0.9793), 'expectancy_pips': -0.1409, 'sharpe': -0.0087, 'max_drawdown_pips': 141.58, 'total_pnl_pips': -8.03, 'avg_bars_held': 2.18, 'payoff_ratio': 2.3043, 'recovery_factor': -0.0567, 'tp_count': 17, 'sl_count': 40, 'timeout_count': 0, 'pnl_std': 16.2257, 'pnl_mean': -0.1409}, 'MEAN_REVERTING': {'n_trades': 34, 'win_rate': 0.3824, 'profit_factor': np.float64(1.2893), 'expectancy_pips': 2.2256, 'sharpe': 0.1141, 'max_drawdown_pips': 61.14, 'total_pnl_pips': 75.67, 'avg_bars_held': 5.59, 'payoff_ratio': 2.0827, 'recovery_factor': 1.2377, 'tp_count': 13, 'sl_count': 21, 'timeout_count': 0, 'pnl_std': 19.5073, 'pnl_mean': 2.2256}, 'TRENDING': {'n_trades': 234, 'win_rate': 0.3675, 'profit_factor': np.float64(1.0864), 'expectancy_pips': 0.8386, 'sharpe': 0.0359, 'max_drawdown_pips': 324.18, 'total_pnl_pips': 196.23, 'avg_bars_held': 5.4, 'payoff_ratio': 1.8696, 'recovery_factor': 0.6053, 'tp_count': 86, 'sl_count': 148, 'timeout_count': 0, 'pnl_std': 23.3689, 'pnl_mean': 0.8386}}, 'oos': {'HIGH_VOLATILITY': {'n_trades': 136, 'win_rate': 0.3015, 'profit_factor': np.float64(0.9628), 'expectancy_pips': -0.3674, 'sharpe': -0.0166, 'max_drawdown_pips': 209.39, 'total_pnl_pips': -49.96, 'avg_bars_held': 6.18, 'payoff_ratio': 2.2308, 'recovery_factor': -0.2386, 'tp_count': 40, 'sl_count': 94, 'timeout_count': 2, 'pnl_std': 22.1209, 'pnl_mean': -0.3674}, 'LOW_VOLATILITY': {'n_trades': 55, 'win_rate': 0.3636, 'profit_factor': np.float64(1.086), 'expectancy_pips': 0.5145, 'sharpe': 0.0376, 'max_drawdown_pips': 54.22, 'total_pnl_pips': 28.3, 'avg_bars_held': 2.49, 'payoff_ratio': 1.9005, 'recovery_factor': 0.5219, 'tp_count': 20, 'sl_count': 35, 'timeout_count': 0, 'pnl_std': 13.682, 'pnl_mean': 0.5145}, 'MEAN_REVERTING': {'n_trades': 80, 'win_rate': 0.275, 'profit_factor': np.float64(0.8424), 'expectancy_pips': -1.2687, 'sharpe': -0.0759, 'max_drawdown_pips': 237.85, 'total_pnl_pips': -101.5, 'avg_bars_held': 4.24, 'payoff_ratio': 2.2209, 'recovery_factor': -0.4267, 'tp_count': 22, 'sl_count': 58, 'timeout_count': 0, 'pnl_std': 16.716, 'pnl_mean': -1.2687}, 'TRENDING': {'n_trades': 312, 'win_rate': 0.3814, 'profit_factor': np.float64(1.2123), 'expectancy_pips': 1.5633, 'sharpe': 0.0874, 'max_drawdown_pips': 128.88, 'total_pnl_pips': 487.74, 'avg_bars_held': 4.96, 'payoff_ratio': 1.9661, 'recovery_factor': 3.7845, 'tp_count': 119, 'sl_count': 192, 'timeout_count': 1, 'pnl_std': 17.8962, 'pnl_mean': 1.5633}}}"
IBOV,Ibovespa,index,MR_BB_Stretch,mean_reversion,MR entry when price > 2.0 ATR from EMA50,1.2410,0.0970,6121.9000,142,0.3873,80.9000,0.8240,-0.0820,21503.0000,227,0.2819,-83.3100,DEGRADED,-0.3364,0.6976,MODERATE,0.8620,11457.8000,13877.0000,TRENDING,0.5211,0.0563,0.3944,0.0282,"{'test': {'HIGH_VOLATILITY': {'n_trades': 56, 'win_rate': 0.4107, 'profit_factor': np.float64(1.4333), 'expectancy_pips': 143.3575, 'sharpe': 0.1557, 'max_drawdown_pips': 5492.42, 'total_pnl_pips': 8028.02, 'avg_bars_held': 5.41, 'payoff_ratio': 2.0565, 'recovery_factor': 1.4617, 'tp_count': 23, 'sl_count': 33, 'timeout_count': 0, 'pnl_std': 920.4903, 'pnl_mean': 143.3575}, 'LOW_VOLATILITY': {'n_trades': 4, 'win_rate': 0.5, 'profit_factor': np.float64(3.2056), 'expectancy_pips': 425.925, 'sharpe': 0.4203, 'max_drawdown_pips': 340.75, 'total_pnl_pips': 1703.7, 'avg_bars_held': 8.25, 'payoff_ratio': 3.2056, 'recovery_factor': 4.9999, 'tp_count': 2, 'sl_count': 2, 'timeout_count': 0, 'pnl_std': 1013.3482, 'pnl_mean': 425.925}, 'MEAN_REVERTING': {'n_trades': 8, 'win_rate': 0.25, 'profit_factor': np.float64(0.5015), 'expectancy_pips': -203.0112, 'sharpe': -0.3198, 'max_drawdown_pips': 1247.75, 'total_pnl_pips': -1624.09, 'avg_bars_held': 3.88, 'payoff_ratio': 1.5046, 'recovery_factor': -1.3016, 'tp_count': 2, 'sl_count': 6, 'timeout_count': 0, 'pnl_std': 634.7716, 'pnl_mean': -203.0112}, 'TRENDING': {'n_trades': 74, 'win_rate': 0.3784, 'profit_factor': np.float64(1.1346), 'expectancy_pips': 45.6738, 'sharpe': 0.059, 'max_drawdown_pips': 7817.04, 'total_pnl_pips': 3379.86, 'avg_bars_held': 4.39, 'payoff_ratio': 1.864, 'recovery_factor': 0.4324, 'tp_count': 28, 'sl_count': 46, 'timeout_count': 0, 'pnl_std': 774.5036, 'pnl_mean': 45.6738}}, 'oos': {'HIGH_VOLATILITY': {'n_trades': 65, 'win_rate': 0.3385, 'profit_factor': np.float64(0.9902), 'expectancy_pips': -4.5669, 'sharpe': -0.0042, 'max_drawdown_pips': 8008.06, 'total_pnl_pips': -296.85, 'avg_bars_held': 3.69, 'payoff_ratio': 1.9355, 'recovery_factor': -0.0371, 'tp_count': 22, 'sl_count': 43, 'timeout_count': 0, 'pnl_std': 1090.9087, 'pnl_mean': -4.5669}, 'LOW_VOLATILITY': {'n_trades': 9, 'win_rate': 0.2222, 'profit_factor': np.float64(0.7692), 'expectancy_pips': -68.8133, 'sharpe': -0.1062, 'max_drawdown_pips': 2682.92, 'total_pnl_pips': -619.32, 'avg_bars_held': 3.44, 'payoff_ratio': 2.6921, 'recovery_factor': -0.2308, 'tp_count': 2, 'sl_count': 7, 'timeout_count': 0, 'pnl_std': 647.8549, 'pnl_mean': -68.8133}, 'MEAN_REVERTING': {'n_trades': 7, 'win_rate': 0.2857, 'profit_factor': np.float64(1.4509), 'expectancy_pips': 224.6557, 'sharpe': 0.1394, 'max_drawdown_pips': 3047.03, 'total_pnl_pips': 1572.59, 'avg_bars_held': 5.14, 'payoff_ratio': 3.6272, 'recovery_factor': 0.5161, 'tp_count': 2, 'sl_count': 5, 'timeout_count': 0, 'pnl_std': 1611.9817, 'pnl_mean': 224.6557}, 'TRENDING': {'n_trades': 146, 'win_rate': 0.2603, 'profit_factor': np.float64(0.7227), 'expectancy_pips': -134.0184, 'sharpe': -0.1392, 'max_drawdown_pips': 20957.22, 'total_pnl_pips': -19566.69, 'avg_bars_held': 3.99, 'payoff_ratio': 2.0541, 'recovery_factor': -0.9336, 'tp_count': 38, 'sl_count': 108, 'timeout_count': 0, 'pnl_std': 962.6392, 'pnl_mean': -134.0184}}}"
ITUB4,Itau Unibanco,brazil_equity,MR_RSI_Exhaust,mean_reversion,MR entry at RSI < 30 (buy) or RSI > 70 (sell),1.0910,0.0400,310.0000,118,0.3559,1.2300,1.0870,0.0370,373.6000,124,0.3468,1.6300,OOS_PASS,-0.0033,0.5583,MODERATE,0.6720,155.0000,588.2000,TRENDING,0.6186,0.0847,0.2458,0.0508,"{'test': {'HIGH_VOLATILITY': {'n_trades': 29, 'win_rate': 0.4483, 'profit_factor': np.float64(1.6757), 'expectancy_pips': 8.601, 'sharpe': 0.232, 'max_drawdown_pips': 186.29, 'total_pnl_pips': 249.43, 'avg_bars_held': 5.86, 'payoff_ratio': 2.0625, 'recovery_factor': 1.3389, 'tp_count': 13, 'sl_count': 16, 'timeout_count': 0, 'pnl_std': 37.0744, 'pnl_mean': 8.601}, 'LOW_VOLATILITY': {'n_trades': 6, 'win_rate': 0.0, 'profit_factor': np.float64(0.0), 'expectancy_pips': -21.505, 'sharpe': -6.0168, 'max_drawdown_pips': 113.33, 'total_pnl_pips': -129.03, 'avg_bars_held': 2.33, 'payoff_ratio': 0.0, 'recovery_factor': -1.1385, 'tp_count': 0, 'sl_count': 6, 'timeout_count': 0, 'pnl_std': 3.5742, 'pnl_mean': -21.505}, 'MEAN_REVERTING': {'n_trades': 10, 'win_rate': 0.4, 'profit_factor': np.float64(1.2243), 'expectancy_pips': 2.61, 'sharpe': 0.09, 'max_drawdown_pips': 103.2, 'total_pnl_pips': 26.1, 'avg_bars_held': 6.4, 'payoff_ratio': 1.8364, 'recovery_factor': 0.2529, 'tp_count': 4, 'sl_count': 6, 'timeout_count': 0, 'pnl_std': 29.014, 'pnl_mean': 2.61}, 'TRENDING': {'n_trades': 73, 'win_rate': 0.3425, 'profit_factor': np.float64(0.9986), 'expectancy_pips': -0.0188, 'sharpe': -0.0006, 'max_drawdown_pips': 184.47, 'total_pnl_pips': -1.37, 'avg_bars_held': 5.14, 'payoff_ratio': 1.9173, 'recovery_factor': -0.0074, 'tp_count': 25, 'sl_count': 48, 'timeout_count': 0, 'pnl_std': 29.0056, 'pnl_mean': -0.0188}}, 'oos': {'HIGH_VOLATILITY': {'n_trades': 42, 'win_rate': 0.2619, 'profit_factor': np.float64(0.7681), 'expectancy_pips': -4.9538, 'sharpe': -0.1133, 'max_drawdown_pips': 520.67, 'total_pnl_pips': -208.06, 'avg_bars_held': 4.24, 'payoff_ratio': 2.1646, 'recovery_factor': -0.3996, 'tp_count': 11, 'sl_count': 31, 'timeout_count': 0, 'pnl_std': 43.7194, 'pnl_mean': -4.9538}, 'MEAN_REVERTING': {'n_trades': 12, 'win_rate': 0.3333, 'profit_factor': np.float64(1.3243), 'expectancy_pips': 4.8633, 'sharpe': 0.1135, 'max_drawdown_pips': 65.6, 'total_pnl_pips': 58.36, 'avg_bars_held': 8.75, 'payoff_ratio': 2.6487, 'recovery_factor': 0.8896, 'tp_count': 4, 'sl_count': 8, 'timeout_count': 0, 'pnl_std': 42.842, 'pnl_mean': 4.8633}, 'TRENDING': {'n_trades': 70, 'win_rate': 0.4, 'profit_factor': np.float64(1.2838), 'expectancy_pips': 5.0283, 'sharpe': 0.111, 'max_drawdown_pips': 240.15, 'total_pnl_pips': 351.98, 'avg_bars_held': 5.87, 'payoff_ratio': 1.9257, 'recovery_factor': 1.4657, 'tp_count': 28, 'sl_count': 42, 'timeout_count': 0, 'pnl_std': 45.3076, 'pnl_mean': 5.0283}}}"
PETR4,Petrobras,brazil_equity,TF_EMA_Slope,trend_follow,Trend follow: EMA20 slope direction + price above/below EMA20,1.2490,0.1010,485.4000,128,0.4062,5.3200,1.2830,0.1070,603.6000,162,0.4444,6.9000,OOS_PASS,0.0271,0.4832,WEAK,0.8960,718.0000,806.6000,TRENDING,0.6172,0.0391,0.3281,0.0156,"{'test': {'HIGH_VOLATILITY': {'n_trades': 42, 'win_rate': 0.3571, 'profit_factor': np.float64(1.1684), 'expectancy_pips': 4.0276, 'sharpe': 0.0696, 'max_drawdown_pips': 312.45, 'total_pnl_pips': 169.16, 'avg_bars_held': 6.67, 'payoff_ratio': 2.1032, 'recovery_factor': 0.5414, 'tp_count': 15, 'sl_count': 27, 'timeout_count': 0, 'pnl_std': 57.8611, 'pnl_mean': 4.0276}, 'LOW_VOLATILITY': {'n_trades': 2, 'win_rate': 0.0, 'profit_factor': np.float64(0.0), 'expectancy_pips': -29.575, 'sharpe': -21.6712, 'max_drawdown_pips': 28.61, 'total_pnl_pips': -59.15, 'avg_bars_held': 4.0, 'payoff_ratio': 0.0, 'recovery_factor': -2.0675, 'tp_count': 0, 'sl_count': 2, 'timeout_count': 0, 'pnl_std': 1.3647, 'pnl_mean': -29.575}, 'MEAN_REVERTING': {'n_trades': 5, 'win_rate': 0.4, 'profit_factor': np.float64(1.2343), 'expectancy_pips': 4.258, 'sharpe': 0.0898, 'max_drawdown_pips': 28.71, 'total_pnl_pips': 21.29, 'avg_bars_held': 4.4, 'payoff_ratio': 1.8515, 'recovery_factor': 0.7416, 'tp_count': 2, 'sl_count': 3, 'timeout_count': 0, 'pnl_std': 47.4096, 'pnl_mean': 4.258}, 'TRENDING': {'n_trades': 79, 'win_rate': 0.443, 'profit_factor': np.float64(1.3476), 'expectancy_pips': 6.9497, 'sharpe': 0.1361, 'max_drawdown_pips': 270.2, 'total_pnl_pips': 549.03, 'avg_bars_held': 10.03, 'payoff_ratio': 1.6941, 'recovery_factor': 2.0319, 'tp_count': 35, 'sl_count': 44, 'timeout_count': 0, 'pnl_std': 51.0563, 'pnl_mean': 6.9497}}, 'oos': {'HIGH_VOLATILITY': {'n_trades': 48, 'win_rate': 0.4375, 'profit_factor': np.float64(1.2321), 'expectancy_pips': 6.7769, 'sharpe': 0.0883, 'max_drawdown_pips': 353.65, 'total_pnl_pips': 325.29, 'avg_bars_held': 6.44, 'payoff_ratio': 1.5842, 'recovery_factor': 0.9198, 'tp_count': 21, 'sl_count': 27, 'timeout_count': 0, 'pnl_std': 76.7108, 'pnl_mean': 6.7769}, 'LOW_VOLATILITY': {'n_trades': 2, 'win_rate': 0.5, 'profit_factor': np.float64(1.6574), 'expectancy_pips': 19.265, 'sharpe': 0.1749, 'max_drawdown_pips': 58.61, 'total_pnl_pips': 38.53, 'avg_bars_held': 4.5, 'payoff_ratio': 1.6574, 'recovery_factor': 0.6574, 'tp_count': 1, 'sl_count': 1, 'timeout_count': 0, 'pnl_std': 110.1319, 'pnl_mean': 19.265}, 'MEAN_REVERTING': {'n_trades': 6, 'win_rate': 0.5, 'profit_factor': np.float64(1.3149), 'expectancy_pips': 5.78, 'sharpe': 0.1216, 'max_drawdown_pips': 57.53, 'total_pnl_pips': 34.68, 'avg_bars_held': 10.0, 'payoff_ratio': 1.3149, 'recovery_factor': 0.6028, 'tp_count': 3, 'sl_count': 3, 'timeout_count': 0, 'pnl_std': 47.5494, 'pnl_mean': 5.78}, 'TRENDING': {'n_trades': 106, 'win_rate': 0.4434, 'profit_factor': np.float64(1.3017), 'expectancy_pips': 6.7913, 'sharpe': 0.1152, 'max_drawdown_pips': 432.11, 'total_pnl_pips': 719.88, 'avg_bars_held': 9.18, 'payoff_ratio': 1.6341, 'recovery_factor': 1.666, 'tp_count': 47, 'sl_count': 59, 'timeout_count': 0, 'pnl_std': 58.9551, 'pnl_mean': 6.7913}}}"
GOLD,Gold Futures,commodity,TF_EMA_Slope,trend_follow,Trend follow: EMA20 slope direction + price above/below EMA20,1.1570,0.0600,2663.9000,372,0.4140,13.8300,1.1440,0.0520,6930.0000,447,0.4072,26.4600,OOS_PASS,-0.0112,0.4780,WEAK,0.8820,5116.4000,6131.3000,TRENDING,0.5134,0.0349,0.4113,0.0403,"{'test': {'HIGH_VOLATILITY': {'n_trades': 153, 'win_rate': 0.3791, 'profit_factor': np.float64(0.958), 'expectancy_pips': -4.3163, 'sharpe': -0.0176, 'max_drawdown_pips': 2024.07, 'total_pnl_pips': -660.4, 'avg_bars_held': 9.94, 'payoff_ratio': 1.5692, 'recovery_factor': -0.3263, 'tp_count': 58, 'sl_count': 94, 'timeout_count': 1, 'pnl_std': 245.9294, 'pnl_mean': -4.3163}, 'LOW_VOLATILITY': {'n_trades': 15, 'win_rate': 0.3333, 'profit_factor': np.float64(0.8249), 'expectancy_pips': -8.834, 'sharpe': -0.0876, 'max_drawdown_pips': 345.33, 'total_pnl_pips': -132.51, 'avg_bars_held': 2.2, 'payoff_ratio': 1.6499, 'recovery_factor': -0.3837, 'tp_count': 5, 'sl_count': 10, 'timeout_count': 0, 'pnl_std': 100.8875, 'pnl_mean': -8.834}, 'MEAN_REVERTING': {'n_trades': 13, 'win_rate': 0.5385, 'profit_factor': np.float64(2.5551), 'expectancy_pips': 104.9292, 'sharpe': 0.3834, 'max_drawdown_pips': 463.82, 'total_pnl_pips': 1364.08, 'avg_bars_held': 12.85, 'payoff_ratio': 2.1901, 'recovery_factor': 2.941, 'tp_count': 7, 'sl_count': 6, 'timeout_count': 0, 'pnl_std': 273.6881, 'pnl_mean': 104.9292}, 'TRENDING': {'n_trades': 191, 'win_rate': 0.4398, 'profit_factor': np.float64(1.2958), 'expectancy_pips': 23.9483, 'sharpe': 0.1096, 'max_drawdown_pips': 2046.72, 'total_pnl_pips': 4574.13, 'avg_bars_held': 10.99, 'payoff_ratio': 1.6506, 'recovery_factor': 2.2349, 'tp_count': 82, 'sl_count': 107, 'timeout_count': 2, 'pnl_std': 218.4961, 'pnl_mean': 23.9483}}, 'oos': {'HIGH_VOLATILITY': {'n_trades': 171, 'win_rate': 0.3977, 'profit_factor': np.float64(1.0346), 'expectancy_pips': 7.6791, 'sharpe': 0.0128, 'max_drawdown_pips': 9588.53, 'total_pnl_pips': 1313.13, 'avg_bars_held': 10.86, 'payoff_ratio': 1.5672, 'recovery_factor': 0.1369, 'tp_count': 65, 'sl_count': 103, 'timeout_count': 3, 'pnl_std': 601.7804, 'pnl_mean': 7.6791}, 'LOW_VOLATILITY': {'n_trades': 14, 'win_rate': 0.3571, 'profit_factor': np.float64(1.5791), 'expectancy_pips': 70.4314, 'sharpe': 0.1688, 'max_drawdown_pips': 994.46, 'total_pnl_pips': 986.04, 'avg_bars_held': 8.0, 'payoff_ratio': 2.8424, 'recovery_factor': 0.9915, 'tp_count': 5, 'sl_count': 9, 'timeout_count': 0, 'pnl_std': 417.2858, 'pnl_mean': 70.4314}, 'MEAN_REVERTING': {'n_trades': 9, 'win_rate': 0.3333, 'profit_factor': np.float64(1.1084), 'expectancy_pips': 18.6211, 'sharpe': 0.0401, 'max_drawdown_pips': 1347.22, 'total_pnl_pips': 167.59, 'avg_bars_held': 8.11, 'payoff_ratio': 2.2167, 'recovery_factor': 0.1244, 'tp_count': 3, 'sl_count': 6, 'timeout_count': 0, 'pnl_std': 464.004, 'pnl_mean': 18.6211}, 'TRENDING': {'n_trades': 253, 'win_rate': 0.419, 'profit_factor': np.float64(1.2276), 'expectancy_pips': 36.9987, 'sharpe': 0.0825, 'max_drawdown_pips': 3004.39, 'total_pnl_pips': 9360.66, 'avg_bars_held': 10.0, 'payoff_ratio': 1.7024, 'recovery_factor': 3.1157, 'tp_count': 106, 'sl_count': 147, 'timeout_count': 0, 'pnl_std': 448.719, 'pnl_mean': 36.9987}}}"
ITUB4,Itau Unibanco,brazil_equity,VOL_Range_Bkout,volatility,Enter in bias direction after ATR compression (< 0.7x mean),4.8950,0.6540,18.7000,5,0.6000,27.2000,2.0860,0.3190,76.9000,6,0.5000,13.9200,OOS_PASS,-0.5738,0.4632,WEAK,0.9100,130.1000,53.6000,LOW_VOLATILITY,0.0000,0.0000,0.2000,0.8000,"{'test': {'HIGH_VOLATILITY': {'n_trades': 1, 'win_rate': 0.0, 'profit_factor': np.float64(0.0), 'expectancy_pips': -16.2, 'sharpe': -16200000000.0, 'max_drawdown_pips': 0.0, 'total_pnl_pips': -16.2, 'avg_bars_held': 10.0, 'payoff_ratio': 0.0, 'recovery_factor': inf, 'tp_count': 0, 'sl_count': 1, 'timeout_count': 0, 'pnl_std': 0.0, 'pnl_mean': -16.2}, 'LOW_VOLATILITY': {'n_trades': 4, 'win_rate': 0.75, 'profit_factor': np.float64(9.1314), 'expectancy_pips': 38.055, 'sharpe': 0.9753, 'max_drawdown_pips': 18.72, 'total_pnl_pips': 152.22, 'avg_bars_held': 8.5, 'payoff_ratio': 3.0438, 'recovery_factor': 8.1314, 'tp_count': 3, 'sl_count': 1, 'timeout_count': 0, 'pnl_std': 39.0203, 'pnl_mean': 38.055}}, 'oos': {'LOW_VOLATILITY': {'n_trades': 6, 'win_rate': 0.5, 'profit_factor': np.float64(2.0864), 'expectancy_pips': 13.9167, 'sharpe': 0.3194, 'max_drawdown_pips': 76.86, 'total_pnl_pips': 83.5, 'avg_bars_held': 3.67, 'payoff_ratio': 2.0864, 'recovery_factor': 1.0864, 'tp_count': 3, 'sl_count': 3, 'timeout_count': 0, 'pnl_std': 43.5713, 'pnl_mean': 13.9167}}}"
PETR4,Petrobras,brazil_equity,TF_Momentum,trend_follow,Trend follow: 10-bar momentum > 0.5x ATR,1.2040,0.0850,329.8000,122,0.4098,4.5000,1.0770,0.0320,1090.4000,171,0.4094,2.0000,OOS_PASS,-0.1056,0.4573,WEAK,0.8260,562.8000,872.5000,TRENDING,0.5820,0.0492,0.3607,0.0082,"{'test': {'HIGH_VOLATILITY': {'n_trades': 44, 'win_rate': 0.3864, 'profit_factor': np.float64(1.2797), 'expectancy_pips': 6.485, 'sharpe': 0.1114, 'max_drawdown_pips': 222.31, 'total_pnl_pips': 285.34, 'avg_bars_held': 6.82, 'payoff_ratio': 2.0324, 'recovery_factor': 1.2835, 'tp_count': 17, 'sl_count': 27, 'timeout_count': 0, 'pnl_std': 58.2104, 'pnl_mean': 6.485}, 'LOW_VOLATILITY': {'n_trades': 1, 'win_rate': 1.0, 'profit_factor': np.float64(47680000000.0), 'expectancy_pips': 47.68, 'sharpe': 47680000000.0, 'max_drawdown_pips': 0.0, 'total_pnl_pips': 47.68, 'avg_bars_held': 7.0, 'payoff_ratio': 47680000000.0, 'recovery_factor': inf, 'tp_count': 1, 'sl_count': 0, 'timeout_count': 0, 'pnl_std': 0.0, 'pnl_mean': 47.68}, 'MEAN_REVERTING': {'n_trades': 6, 'win_rate': 0.3333, 'profit_factor': np.float64(0.9188), 'expectancy_pips': -1.625, 'sharpe': -0.0368, 'max_drawdown_pips': 57.75, 'total_pnl_pips': -9.75, 'avg_bars_held': 4.83, 'payoff_ratio': 1.8376, 'recovery_factor': -0.1688, 'tp_count': 2, 'sl_count': 4, 'timeout_count': 0, 'pnl_std': 44.1278, 'pnl_mean': -1.625}, 'TRENDING': {'n_trades': 71, 'win_rate': 0.4225, 'profit_factor': np.float64(1.1457), 'expectancy_pips': 3.1799, 'sharpe': 0.0619, 'max_drawdown_pips': 304.72, 'total_pnl_pips': 225.77, 'avg_bars_held': 11.15, 'payoff_ratio': 1.5659, 'recovery_factor': 0.7409, 'tp_count': 30, 'sl_count': 41, 'timeout_count': 0, 'pnl_std': 51.3898, 'pnl_mean': 3.1799}}, 'oos': {'HIGH_VOLATILITY': {'n_trades': 45, 'win_rate': 0.3556, 'profit_factor': np.float64(0.8057), 'expectancy_pips': -6.6669, 'sharpe': -0.0942, 'max_drawdown_pips': 807.11, 'total_pnl_pips': -300.01, 'avg_bars_held': 6.82, 'payoff_ratio': 1.4603, 'recovery_factor': -0.3717, 'tp_count': 16, 'sl_count': 29, 'timeout_count': 0, 'pnl_std': 70.7416, 'pnl_mean': -6.6669}, 'LOW_VOLATILITY': {'n_trades': 2, 'win_rate': 0.5, 'profit_factor': np.float64(3.7622), 'expectancy_pips': 35.66, 'sharpe': 0.4101, 'max_drawdown_pips': 0.0, 'total_pnl_pips': 71.32, 'avg_bars_held': 6.0, 'payoff_ratio': 3.7622, 'recovery_factor': inf, 'tp_count': 1, 'sl_count': 1, 'timeout_count': 0, 'pnl_std': 86.9458, 'pnl_mean': 35.66}, 'MEAN_REVERTING': {'n_trades': 8, 'win_rate': 0.5, 'profit_factor': np.float64(1.463), 'expectancy_pips': 7.46, 'sharpe': 0.171, 'max_drawdown_pips': 76.28, 'total_pnl_pips': 59.68, 'avg_bars_held': 8.5, 'payoff_ratio': 1.463, 'recovery_factor': 0.7824, 'tp_count': 4, 'sl_count': 4, 'timeout_count': 0, 'pnl_std': 43.6309, 'pnl_mean': 7.46}, 'TRENDING': {'n_trades': 116, 'win_rate': 0.4224, 'profit_factor': np.float64(1.1859), 'expectancy_pips': 4.4106, 'sharpe': 0.074, 'max_drawdown_pips': 462.25, 'total_pnl_pips': 511.63, 'avg_bars_held': 8.53, 'payoff_ratio': 1.6215, 'recovery_factor': 1.1068, 'tp_count': 49, 'sl_count': 67, 'timeout_count': 0, 'pnl_std': 59.6305, 'pnl_mean': 4.4106}}}"
NASDAQ,NASDAQ Futures,index,VOL_Range_Bkout,volatility,Enter in bias direction after ATR compression (< 0.7x mean),1.1620,0.0610,600.4000,222,0.3198,5.6200,1.0800,0.0330,1141.5000,249,0.3052,2.7700,OOS_PASS,-0.0704,0.4548,WEAK,0.8160,1248.4000,1967.9000,LOW_VOLATILITY,0.0000,0.0000,0.4009,0.5991,"{'test': {'HIGH_VOLATILITY': {'n_trades': 89, 'win_rate': 0.3034, 'profit_factor': np.float64(1.1245), 'expectancy_pips': 4.7296, 'sharpe': 0.0467, 'max_drawdown_pips': 465.78, 'total_pnl_pips': 420.93, 'avg_bars_held': 2.34, 'payoff_ratio': 2.5822, 'recovery_factor': 0.9037, 'tp_count': 27, 'sl_count': 62, 'timeout_count': 0, 'pnl_std': 101.3825, 'pnl_mean': 4.7296}, 'LOW_VOLATILITY': {'n_trades': 133, 'win_rate': 0.3308, 'profit_factor': np.float64(1.1911), 'expectancy_pips': 6.21, 'sharpe': 0.0726, 'max_drawdown_pips': 514.75, 'total_pnl_pips': 825.93, 'avg_bars_held': 2.77, 'payoff_ratio': 2.4092, 'recovery_factor': 1.6045, 'tp_count': 44, 'sl_count': 89, 'timeout_count': 0, 'pnl_std': 85.4883, 'pnl_mean': 6.21}}, 'oos': {'HIGH_VOLATILITY': {'n_trades': 96, 'win_rate': 0.3021, 'profit_factor': np.float64(1.0628), 'expectancy_pips': 2.2082, 'sharpe': 0.0252, 'max_drawdown_pips': 1114.01, 'total_pnl_pips': 211.99, 'avg_bars_held': 2.94, 'payoff_ratio': 2.4554, 'recovery_factor': 0.1903, 'tp_count': 29, 'sl_count': 67, 'timeout_count': 0, 'pnl_std': 87.6073, 'pnl_mean': 2.2082}, 'LOW_VOLATILITY': {'n_trades': 153, 'win_rate': 0.3072, 'profit_factor': np.float64(1.091), 'expectancy_pips': 3.1166, 'sharpe': 0.0371, 'max_drawdown_pips': 777.03, 'total_pnl_pips': 476.84, 'avg_bars_held': 2.72, 'payoff_ratio': 2.4606, 'recovery_factor': 0.6137, 'tp_count': 47, 'sl_count': 106, 'timeout_count': 0, 'pnl_std': 84.0038, 'pnl_mean': 3.1166}}}"
NASDAQ,NASDAQ Futures,index,MR_BB_Stretch,mean_reversion,MR entry when price > 2.0 ATR from EMA50,1.0620,0.0240,2303.3000,439,0.3531,3.0200,1.0280,0.0120,2962.9000,549,0.3479,1.3200,OOS_PASS,-0.0317,0.4189,WEAK,0.7320,1554.1000,4400.2000,TRENDING,0.4510,0.0205,0.3964,0.1321,"{'test': {'HIGH_VOLATILITY': {'n_trades': 174, 'win_rate': 0.3793, 'profit_factor': np.float64(1.1262), 'expectancy_pips': 6.8933, 'sharpe': 0.0462, 'max_drawdown_pips': 1331.98, 'total_pnl_pips': 1199.43, 'avg_bars_held': 5.52, 'payoff_ratio': 1.8429, 'recovery_factor': 0.9005, 'tp_count': 66, 'sl_count': 108, 'timeout_count': 0, 'pnl_std': 149.2065, 'pnl_mean': 6.8933}, 'LOW_VOLATILITY': {'n_trades': 58, 'win_rate': 0.3448, 'profit_factor': np.float64(1.2118), 'expectancy_pips': 6.2521, 'sharpe': 0.0822, 'max_drawdown_pips': 419.61, 'total_pnl_pips': 362.62, 'avg_bars_held': 2.12, 'payoff_ratio': 2.3024, 'recovery_factor': 0.8642, 'tp_count': 20, 'sl_count': 38, 'timeout_count': 0, 'pnl_std': 76.0766, 'pnl_mean': 6.2521}, 'MEAN_REVERTING': {'n_trades': 9, 'win_rate': 0.2222, 'profit_factor': np.float64(0.692), 'expectancy_pips': -13.5167, 'sharpe': -0.1527, 'max_drawdown_pips': 240.62, 'total_pnl_pips': -121.65, 'avg_bars_held': 5.22, 'payoff_ratio': 2.4221, 'recovery_factor': -0.5056, 'tp_count': 2, 'sl_count': 7, 'timeout_count': 0, 'pnl_std': 88.5092, 'pnl_mean': -13.5167}, 'TRENDING': {'n_trades': 198, 'win_rate': 0.3384, 'profit_factor': np.float64(0.9879), 'expectancy_pips': -0.5895, 'sharpe': -0.0051, 'max_drawdown_pips': 1949.88, 'total_pnl_pips': -116.72, 'avg_bars_held': 5.22, 'payoff_ratio': 1.9316, 'recovery_factor': -0.0599, 'tp_count': 67, 'sl_count': 131, 'timeout_count': 0, 'pnl_std': 115.7522, 'pnl_mean': -0.5895}}, 'oos': {'HIGH_VOLATILITY': {'n_trades': 210, 'win_rate': 0.3619, 'profit_factor': np.float64(0.9241), 'expectancy_pips': -4.0943, 'sharpe': -0.0346, 'max_drawdown_pips': 2643.02, 'total_pnl_pips': -859.8, 'avg_bars_held': 4.96, 'payoff_ratio': 1.6293, 'recovery_factor': -0.3253, 'tp_count': 76, 'sl_count': 134, 'timeout_count': 0, 'pnl_std': 118.476, 'pnl_mean': -4.0943}, 'LOW_VOLATILITY': {'n_trades': 74, 'win_rate': 0.3243, 'profit_factor': np.float64(0.8565), 'expectancy_pips': -4.63, 'sharpe': -0.0703, 'max_drawdown_pips': 750.31, 'total_pnl_pips': -342.62, 'avg_bars_held': 2.58, 'payoff_ratio': 1.7844, 'recovery_factor': -0.4566, 'tp_count': 24, 'sl_count': 50, 'timeout_count': 0, 'pnl_std': 65.8466, 'pnl_mean': -4.63}, 'MEAN_REVERTING': {'n_trades': 18, 'win_rate': 0.3889, 'profit_factor': np.float64(1.262), 'expectancy_pips': 13.3122, 'sharpe': 0.1026, 'max_drawdown_pips': 382.53, 'total_pnl_pips': 239.62, 'avg_bars_held': 5.06, 'payoff_ratio': 1.9832, 'recovery_factor': 0.6264, 'tp_count': 7, 'sl_count': 11, 'timeout_count': 0, 'pnl_std': 129.7273, 'pnl_mean': 13.3122}, 'TRENDING': {'n_trades': 247, 'win_rate': 0.3401, 'profit_factor': np.float64(1.1567), 'expectancy_pips': 6.8231, 'sharpe': 0.0626, 'max_drawdown_pips': 1255.51, 'total_pnl_pips': 1685.31, 'avg_bars_held': 5.04, 'payoff_ratio': 2.2445, 'recovery_factor': 1.3423, 'tp_count': 84, 'sl_count': 163, 'timeout_count': 0, 'pnl_std': 109.0769, 'pnl_mean': 6.8231}}}"
IBOV,Ibovespa,index,MR_RSI_Exhaust,mean_reversion,MR entry at RSI < 30 (buy) or RSI > 70 (sell),0.9950,-0.0030,8741.4000,114,0.3421,-1.9100,0.9760,-0.0100,14819.6000,179,0.3128,-11.2500,FAIL,-0.0189,0.4075,WEAK,0.4960,-103.1000,17010.2000,TRENDING,0.5614,0.0702,0.3596,0.0088,"{'test': {'HIGH_VOLATILITY': {'n_trades': 41, 'win_rate': 0.439, 'profit_factor': np.float64(1.5222), 'expectancy_pips': 163.1402, 'sharpe': 0.1908, 'max_drawdown_pips': 2442.63, 'total_pnl_pips': 6688.75, 'avg_bars_held': 6.66, 'payoff_ratio': 1.9451, 'recovery_factor': 2.7383, 'tp_count': 18, 'sl_count': 23, 'timeout_count': 0, 'pnl_std': 855.1512, 'pnl_mean': 163.1402}, 'LOW_VOLATILITY': {'n_trades': 1, 'win_rate': 0.0, 'profit_factor': np.float64(0.0), 'expectancy_pips': -415.16, 'sharpe': -415160000000.0, 'max_drawdown_pips': 0.0, 'total_pnl_pips': -415.16, 'avg_bars_held': 1.0, 'payoff_ratio': 0.0, 'recovery_factor': inf, 'tp_count': 0, 'sl_count': 1, 'timeout_count': 0, 'pnl_std': 0.0, 'pnl_mean': -415.16}, 'MEAN_REVERTING': {'n_trades': 8, 'win_rate': 0.25, 'profit_factor': np.float64(0.4886), 'expectancy_pips': -213.7837, 'sharpe': -0.334, 'max_drawdown_pips': 1245.06, 'total_pnl_pips': -1710.27, 'avg_bars_held': 3.75, 'payoff_ratio': 1.4658, 'recovery_factor': -1.3736, 'tp_count': 2, 'sl_count': 6, 'timeout_count': 0, 'pnl_std': 640.1196, 'pnl_mean': -213.7837}, 'TRENDING': {'n_trades': 64, 'win_rate': 0.2969, 'profit_factor': np.float64(0.7968), 'expectancy_pips': -74.7066, 'sharpe': -0.1054, 'max_drawdown_pips': 8428.57, 'total_pnl_pips': -4781.22, 'avg_bars_held': 4.8, 'payoff_ratio': 1.8871, 'recovery_factor': -0.5673, 'tp_count': 19, 'sl_count': 45, 'timeout_count': 0, 'pnl_std': 708.9055, 'pnl_mean': -74.7066}}, 'oos': {'HIGH_VOLATILITY': {'n_trades': 56, 'win_rate': 0.375, 'profit_factor': np.float64(1.1757), 'expectancy_pips': 81.1716, 'sharpe': 0.0693, 'max_drawdown_pips': 7720.59, 'total_pnl_pips': 4545.61, 'avg_bars_held': 3.57, 'payoff_ratio': 1.9595, 'recovery_factor': 0.5888, 'tp_count': 21, 'sl_count': 35, 'timeout_count': 0, 'pnl_std': 1171.026, 'pnl_mean': 81.1716}, 'LOW_VOLATILITY': {'n_trades': 6, 'win_rate': 0.5, 'profit_factor': np.float64(2.067), 'expectancy_pips': 239.23, 'sharpe': 0.3011, 'max_drawdown_pips': 989.99, 'total_pnl_pips': 1435.38, 'avg_bars_held': 3.83, 'payoff_ratio': 2.067, 'recovery_factor': 1.4499, 'tp_count': 3, 'sl_count': 3, 'timeout_count': 0, 'pnl_std': 794.6363, 'pnl_mean': 239.23}, 'MEAN_REVERTING': {'n_trades': 11, 'win_rate': 0.3636, 'profit_factor': np.float64(1.6363), 'expectancy_pips': 317.9991, 'sharpe': 0.1959, 'max_drawdown_pips': 2430.46, 'total_pnl_pips': 3497.99, 'avg_bars_held': 5.0, 'payoff_ratio': 2.8635, 'recovery_factor': 1.4392, 'tp_count': 4, 'sl_count': 7, 'timeout_count': 0, 'pnl_std': 1623.3546, 'pnl_mean': 317.9991}, 'TRENDING': {'n_trades': 106, 'win_rate': 0.2642, 'profit_factor': np.float64(0.7723), 'expectancy_pips': -108.42, 'sharpe': -0.11, 'max_drawdown_pips': 15309.2, 'total_pnl_pips': -11492.52, 'avg_bars_held': 3.75, 'payoff_ratio': 2.1513, 'recovery_factor': -0.7507, 'tp_count': 28, 'sl_count': 78, 'timeout_count': 0, 'pnl_std': 985.8305, 'pnl_mean': -108.42}}}"
GOLD,Gold Futures,commodity,TF_Breakout_20,trend_follow,Breakout: close > max or < min of last 20 candles,1.0710,0.0280,2764.5000,285,0.4035,6.3400,1.0400,0.0160,10336.2000,356,0.4017,7.3400,OOS_PASS,-0.0288,0.4034,WEAK,0.6940,1737.8000,6586.6000,TRENDING,0.5754,0.0246,0.3579,0.0421,"{'test': {'HIGH_VOLATILITY': {'n_trades': 102, 'win_rate': 0.4216, 'profit_factor': np.float64(1.082), 'expectancy_pips': 7.8255, 'sharpe': 0.0322, 'max_drawdown_pips': 2685.6, 'total_pnl_pips': 798.2, 'avg_bars_held': 8.22, 'payoff_ratio': 1.4845, 'recovery_factor': 0.2972, 'tp_count': 42, 'sl_count': 59, 'timeout_count': 1, 'pnl_std': 242.7031, 'pnl_mean': 7.8255}, 'LOW_VOLATILITY': {'n_trades': 12, 'win_rate': 0.3333, 'profit_factor': np.float64(0.7872), 'expectancy_pips': -10.5483, 'sharpe': -0.1105, 'max_drawdown_pips': 191.25, 'total_pnl_pips': -126.58, 'avg_bars_held': 2.17, 'payoff_ratio': 1.5745, 'recovery_factor': -0.6619, 'tp_count': 4, 'sl_count': 8, 'timeout_count': 0, 'pnl_std': 95.4698, 'pnl_mean': -10.5483}, 'MEAN_REVERTING': {'n_trades': 7, 'win_rate': 0.5714, 'profit_factor': np.float64(2.2028), 'expectancy_pips': 77.21, 'sharpe': 0.3313, 'max_drawdown_pips': 203.68, 'total_pnl_pips': 540.47, 'avg_bars_held': 7.29, 'payoff_ratio': 1.6521, 'recovery_factor': 2.6535, 'tp_count': 4, 'sl_count': 3, 'timeout_count': 0, 'pnl_std': 233.0536, 'pnl_mean': 77.21}, 'TRENDING': {'n_trades': 164, 'win_rate': 0.3902, 'profit_factor': np.float64(1.0404), 'expectancy_pips': 3.6304, 'sharpe': 0.0166, 'max_drawdown_pips': 1896.71, 'total_pnl_pips': 595.38, 'avg_bars_held': 11.32, 'payoff_ratio': 1.6256, 'recovery_factor': 0.3139, 'tp_count': 62, 'sl_count': 99, 'timeout_count': 3, 'pnl_std': 218.556, 'pnl_mean': 3.6304}}, 'oos': {'HIGH_VOLATILITY': {'n_trades': 135, 'win_rate': 0.4148, 'profit_factor': np.float64(1.2156), 'expectancy_pips': 41.7751, 'sharpe': 0.0744, 'max_drawdown_pips': 5374.03, 'total_pnl_pips': 5639.64, 'avg_bars_held': 9.2, 'payoff_ratio': 1.7149, 'recovery_factor': 1.0494, 'tp_count': 54, 'sl_count': 79, 'timeout_count': 2, 'pnl_std': 561.3055, 'pnl_mean': 41.7751}, 'LOW_VOLATILITY': {'n_trades': 14, 'win_rate': 0.5, 'profit_factor': np.float64(1.4106), 'expectancy_pips': 53.3057, 'sharpe': 0.1498, 'max_drawdown_pips': 762.1, 'total_pnl_pips': 746.28, 'avg_bars_held': 8.29, 'payoff_ratio': 1.4106, 'recovery_factor': 0.9792, 'tp_count': 7, 'sl_count': 7, 'timeout_count': 0, 'pnl_std': 355.8735, 'pnl_mean': 53.3057}, 'MEAN_REVERTING': {'n_trades': 9, 'win_rate': 0.3333, 'profit_factor': np.float64(0.4456), 'expectancy_pips': -137.0, 'sharpe': -0.3406, 'max_drawdown_pips': 1591.0, 'total_pnl_pips': -1233.0, 'avg_bars_held': 6.89, 'payoff_ratio': 0.8912, 'recovery_factor': -0.775, 'tp_count': 3, 'sl_count': 6, 'timeout_count': 0, 'pnl_std': 402.1796, 'pnl_mean': -137.0}, 'TRENDING': {'n_trades': 198, 'win_rate': 0.3889, 'profit_factor': np.float64(0.9277), 'expectancy_pips': -12.834, 'sharpe': -0.0317, 'max_drawdown_pips': 7706.49, 'total_pnl_pips': -2541.13, 'avg_bars_held': 8.23, 'payoff_ratio': 1.4578, 'recovery_factor': -0.3297, 'tp_count': 77, 'sl_count': 121, 'timeout_count': 0, 'pnl_std': 404.9824, 'pnl_mean': -12.834}}}"
NASDAQ,NASDAQ Futures,index,MR_EMA_Dist,mean_reversion,MR entry when price > 1.5 ATR from EMA50,1.0370,0.0150,1514.7000,537,0.3445,1.7800,1.0580,0.0240,2981.2000,628,0.3487,2.6800,OOS_PASS,0.0204,0.3703,WEAK,0.5940,772.5000,5615.7000,TRENDING,0.4562,0.0223,0.3911,0.1304,"{'test': {'HIGH_VOLATILITY': {'n_trades': 210, 'win_rate': 0.3714, 'profit_factor': np.float64(1.1256), 'expectancy_pips': 6.847, 'sharpe': 0.0467, 'max_drawdown_pips': 1610.86, 'total_pnl_pips': 1437.87, 'avg_bars_held': 5.68, 'payoff_ratio': 1.9049, 'recovery_factor': 0.8926, 'tp_count': 78, 'sl_count': 132, 'timeout_count': 0, 'pnl_std': 146.524, 'pnl_mean': 6.847}, 'LOW_VOLATILITY': {'n_trades': 70, 'win_rate': 0.3143, 'profit_factor': np.float64(1.1412), 'expectancy_pips': 4.1666, 'sharpe': 0.0559, 'max_drawdown_pips': 512.98, 'total_pnl_pips': 291.66, 'avg_bars_held': 1.74, 'payoff_ratio': 2.4899, 'recovery_factor': 0.5686, 'tp_count': 22, 'sl_count': 48, 'timeout_count': 0, 'pnl_std': 74.5831, 'pnl_mean': 4.1666}, 'MEAN_REVERTING': {'n_trades': 12, 'win_rate': 0.25, 'profit_factor': np.float64(0.7465), 'expectancy_pips': -10.8617, 'sharpe': -0.1256, 'max_drawdown_pips': 250.0, 'total_pnl_pips': -130.34, 'avg_bars_held': 4.83, 'payoff_ratio': 2.2396, 'recovery_factor': -0.5214, 'tp_count': 3, 'sl_count': 9, 'timeout_count': 0, 'pnl_std': 86.5118, 'pnl_mean': -10.8617}, 'TRENDING': {'n_trades': 245, 'win_rate': 0.3347, 'profit_factor': np.float64(0.9473), 'expectancy_pips': -2.6158, 'sharpe': -0.0229, 'max_drawdown_pips': 2004.54, 'total_pnl_pips': -640.86, 'avg_bars_held': 5.09, 'payoff_ratio': 1.883, 'recovery_factor': -0.3197, 'tp_count': 82, 'sl_count': 163, 'timeout_count': 0, 'pnl_std': 114.1942, 'pnl_mean': -2.6158}}, 'oos': {'HIGH_VOLATILITY': {'n_trades': 250, 'win_rate': 0.372, 'profit_factor': np.float64(0.9997), 'expectancy_pips': -0.017, 'sharpe': -0.0001, 'max_drawdown_pips': 2513.42, 'total_pnl_pips': -4.26, 'avg_bars_held': 5.37, 'payoff_ratio': 1.6876, 'recovery_factor': -0.0017, 'tp_count': 93, 'sl_count': 157, 'timeout_count': 0, 'pnl_std': 120.96, 'pnl_mean': -0.017}, 'LOW_VOLATILITY': {'n_trades': 74, 'win_rate': 0.3243, 'profit_factor': np.float64(0.9399), 'expectancy_pips': -1.9289, 'sharpe': -0.0278, 'max_drawdown_pips': 672.45, 'total_pnl_pips': -142.74, 'avg_bars_held': 2.36, 'payoff_ratio': 1.9581, 'recovery_factor': -0.2123, 'tp_count': 24, 'sl_count': 50, 'timeout_count': 0, 'pnl_std': 69.2964, 'pnl_mean': -1.9289}, 'MEAN_REVERTING': {'n_trades': 22, 'win_rate': 0.3182, 'profit_factor': np.float64(0.955), 'expectancy_pips': -2.5105, 'sharpe': -0.0202, 'max_drawdown_pips': 459.55, 'total_pnl_pips': -55.23, 'avg_bars_held': 6.5, 'payoff_ratio': 2.0465, 'recovery_factor': -0.1202, 'tp_count': 7, 'sl_count': 15, 'timeout_count': 0, 'pnl_std': 124.0171, 'pnl_mean': -2.5105}, 'TRENDING': {'n_trades': 282, 'win_rate': 0.3369, 'profit_factor': np.float64(1.1519), 'expectancy_pips': 6.6948, 'sharpe': 0.0606, 'max_drawdown_pips': 1108.93, 'total_pnl_pips': 1887.93, 'avg_bars_held': 5.01, 'payoff_ratio': 2.2673, 'recovery_factor': 1.7025, 'tp_count': 95, 'sl_count': 187, 'timeout_count': 0, 'pnl_std': 110.5076, 'pnl_mean': 6.6948}}}"
PETR4,Petrobras,brazil_equity,VOL_Range_Bkout,volatility,Enter in bias direction after ATR compression (< 0.7x mean),0.2450,-0.6520,121.9000,11,0.0909,-12.9300,2.5080,0.4100,116.3000,12,0.5833,20.4500,FAIL,9.2481,0.3363,WEAK,0.0360,-138.9000,200.4000,HIGH_VOLATILITY,0.0000,0.0000,0.5455,0.4545,"{'test': {'HIGH_VOLATILITY': {'n_trades': 6, 'win_rate': 0.1667, 'profit_factor': np.float64(0.5086), 'expectancy_pips': -7.4183, 'sharpe': -0.2816, 'max_drawdown_pips': 47.86, 'total_pnl_pips': -44.51, 'avg_bars_held': 3.67, 'payoff_ratio': 2.5431, 'recovery_factor': -0.93, 'tp_count': 1, 'sl_count': 5, 'timeout_count': 0, 'pnl_std': 26.3412, 'pnl_mean': -7.4183}, 'LOW_VOLATILITY': {'n_trades': 5, 'win_rate': 0.0, 'profit_factor': np.float64(0.0), 'expectancy_pips': -19.544, 'sharpe': -5.2276, 'max_drawdown_pips': 77.36, 'total_pnl_pips': -97.72, 'avg_bars_held': 3.4, 'payoff_ratio': 0.0, 'recovery_factor': -1.2632, 'tp_count': 0, 'sl_count': 5, 'timeout_count': 0, 'pnl_std': 3.7386, 'pnl_mean': -19.544}}, 'oos': {'HIGH_VOLATILITY': {'n_trades': 7, 'win_rate': 0.4286, 'profit_factor': np.float64(1.3493), 'expectancy_pips': 6.7357, 'sharpe': 0.1281, 'max_drawdown_pips': 116.35, 'total_pnl_pips': 47.15, 'avg_bars_held': 6.0, 'payoff_ratio': 1.799, 'recovery_factor': 0.4052, 'tp_count': 3, 'sl_count': 4, 'timeout_count': 0, 'pnl_std': 52.5828, 'pnl_mean': 6.7357}, 'LOW_VOLATILITY': {'n_trades': 5, 'win_rate': 0.8, 'profit_factor': np.float64(8.1349), 'expectancy_pips': 39.656, 'sharpe': 0.905, 'max_drawdown_pips': 27.79, 'total_pnl_pips': 198.28, 'avg_bars_held': 5.0, 'payoff_ratio': 2.0337, 'recovery_factor': 7.1349, 'tp_count': 4, 'sl_count': 1, 'timeout_count': 0, 'pnl_std': 43.8193, 'pnl_mean': 39.656}}}"
ITUB4,Itau Unibanco,brazil_equity,VOL_ATR_Expand,volatility,Enter in bias direction when ATR > 1.5x rolling mean,1.9420,0.2880,66.2000,6,0.5000,14.3800,0.0000,0.0000,0.0000,0,0.0000,0.0000,DEGRADED,-1.0000,0.3236,WEAK,0.7400,82.9000,128.2000,HIGH_VOLATILITY,0.0000,0.0000,1.0000,0.0000,"{'test': {'HIGH_VOLATILITY': {'n_trades': 6, 'win_rate': 0.5, 'profit_factor': np.float64(1.9423), 'expectancy_pips': 14.375, 'sharpe': 0.2882, 'max_drawdown_pips': 66.19, 'total_pnl_pips': 86.25, 'avg_bars_held': 5.33, 'payoff_ratio': 1.9423, 'recovery_factor': 1.3031, 'tp_count': 3, 'sl_count': 3, 'timeout_count': 0, 'pnl_std': 49.8777, 'pnl_mean': 14.375}}, 'oos': {}}"
ITUB4,Itau Unibanco,brazil_equity,TF_Breakout_20,trend_follow,Breakout: close > max or < min of last 20 candles,0.8680,-0.0660,433.7000,88,0.3295,-2.8100,1.0060,0.0030,898.9000,129,0.3798,0.1700,FAIL,0.1589,0.2995,FRAGILE,0.2780,-242.6000,1073.6000,TRENDING,0.5568,0.0341,0.3864,0.0227,"{'test': {'HIGH_VOLATILITY': {'n_trades': 34, 'win_rate': 0.3529, 'profit_factor': np.float64(0.8928), 'expectancy_pips': -2.5224, 'sharpe': -0.0527, 'max_drawdown_pips': 214.63, 'total_pnl_pips': -85.76, 'avg_bars_held': 11.24, 'payoff_ratio': 1.6369, 'recovery_factor': -0.3996, 'tp_count': 12, 'sl_count': 22, 'timeout_count': 0, 'pnl_std': 47.8798, 'pnl_mean': -2.5224}, 'LOW_VOLATILITY': {'n_trades': 2, 'win_rate': 0.5, 'profit_factor': np.float64(2.7756), 'expectancy_pips': 21.405, 'sharpe': 0.3325, 'max_drawdown_pips': 0.0, 'total_pnl_pips': 42.81, 'avg_bars_held': 12.0, 'payoff_ratio': 2.7756, 'recovery_factor': inf, 'tp_count': 1, 'sl_count': 1, 'timeout_count': 0, 'pnl_std': 64.3679, 'pnl_mean': 21.405}, 'MEAN_REVERTING': {'n_trades': 3, 'win_rate': 0.3333, 'profit_factor': np.float64(1.2626), 'expectancy_pips': 3.89, 'sharpe': 0.086, 'max_drawdown_pips': 21.18, 'total_pnl_pips': 11.67, 'avg_bars_held': 8.0, 'payoff_ratio': 2.5252, 'recovery_factor': 0.551, 'tp_count': 1, 'sl_count': 2, 'timeout_count': 0, 'pnl_std': 45.2358, 'pnl_mean': 3.89}, 'TRENDING': {'n_trades': 49, 'win_rate': 0.3061, 'profit_factor': np.float64(0.7861), 'expectancy_pips': -4.4151, 'sharpe': -0.1116, 'max_drawdown_pips': 388.49, 'total_pnl_pips': -216.34, 'avg_bars_held': 8.43, 'payoff_ratio': 1.7819, 'recovery_factor': -0.5569, 'tp_count': 15, 'sl_count': 34, 'timeout_count': 0, 'pnl_std': 39.5626, 'pnl_mean': -4.4151}}, 'oos': {'HIGH_VOLATILITY': {'n_trades': 42, 'win_rate': 0.4286, 'profit_factor': np.float64(1.37), 'expectancy_pips': 9.3807, 'sharpe': 0.1418, 'max_drawdown_pips': 234.11, 'total_pnl_pips': 393.99, 'avg_bars_held': 6.21, 'payoff_ratio': 1.8266, 'recovery_factor': 1.6829, 'tp_count': 18, 'sl_count': 24, 'timeout_count': 0, 'pnl_std': 66.1512, 'pnl_mean': 9.3807}, 'LOW_VOLATILITY': {'n_trades': 2, 'win_rate': 1.0, 'profit_factor': np.float64(96740000000.0), 'expectancy_pips': 48.37, 'sharpe': 14.0752, 'max_drawdown_pips': 0.0, 'total_pnl_pips': 96.74, 'avg_bars_held': 1.5, 'payoff_ratio': 48370000000.0, 'recovery_factor': inf, 'tp_count': 2, 'sl_count': 0, 'timeout_count': 0, 'pnl_std': 3.4365, 'pnl_mean': 48.37}, 'MEAN_REVERTING': {'n_trades': 9, 'win_rate': 0.2222, 'profit_factor': np.float64(0.5237), 'expectancy_pips': -12.9156, 'sharpe': -0.2923, 'max_drawdown_pips': 151.78, 'total_pnl_pips': -116.24, 'avg_bars_held': 7.44, 'payoff_ratio': 1.833, 'recovery_factor': -0.7658, 'tp_count': 2, 'sl_count': 7, 'timeout_count': 0, 'pnl_std': 44.1795, 'pnl_mean': -12.9156}, 'TRENDING': {'n_trades': 76, 'win_rate': 0.3553, 'profit_factor': np.float64(0.8414), 'expectancy_pips': -4.6355, 'sharpe': -0.0802, 'max_drawdown_pips': 918.58, 'total_pnl_pips': -352.3, 'avg_bars_held': 6.96, 'payoff_ratio': 1.5271, 'recovery_factor': -0.3835, 'tp_count': 27, 'sl_count': 49, 'timeout_count': 0, 'pnl_std': 57.781, 'pnl_mean': -4.6355}}}"
NASDAQ,NASDAQ Futures,index,TF_EMA_Slope,trend_follow,Trend follow: EMA20 slope direction + price above/below EMA20,0.9940,-0.0030,3975.6000,399,0.4035,-0.4400,1.0020,0.0010,3257.8000,497,0.3823,0.1400,FAIL,0.0081,0.2917,FRAGILE,0.5000,-13.5000,6857.0000,HIGH_VOLATILITY,0.4085,0.0276,0.4787,0.0852,"{'test': {'HIGH_VOLATILITY': {'n_trades': 191, 'win_rate': 0.3665, 'profit_factor': np.float64(0.9335), 'expectancy_pips': -5.3208, 'sharpe': -0.0299, 'max_drawdown_pips': 3319.3, 'total_pnl_pips': -1016.27, 'avg_bars_held': 10.3, 'payoff_ratio': 1.6137, 'recovery_factor': -0.3062, 'tp_count': 70, 'sl_count': 121, 'timeout_count': 0, 'pnl_std': 178.1324, 'pnl_mean': -5.3208}, 'LOW_VOLATILITY': {'n_trades': 34, 'win_rate': 0.4412, 'profit_factor': np.float64(1.2979), 'expectancy_pips': 13.1944, 'sharpe': 0.1113, 'max_drawdown_pips': 636.47, 'total_pnl_pips': 448.61, 'avg_bars_held': 3.47, 'payoff_ratio': 1.644, 'recovery_factor': 0.7048, 'tp_count': 15, 'sl_count': 19, 'timeout_count': 0, 'pnl_std': 118.594, 'pnl_mean': 13.1944}, 'MEAN_REVERTING': {'n_trades': 11, 'win_rate': 0.5455, 'profit_factor': np.float64(1.1724), 'expectancy_pips': 12.9173, 'sharpe': 0.0672, 'max_drawdown_pips': 470.24, 'total_pnl_pips': 142.09, 'avg_bars_held': 9.55, 'payoff_ratio': 0.977, 'recovery_factor': 0.3022, 'tp_count': 6, 'sl_count': 5, 'timeout_count': 0, 'pnl_std': 192.3485, 'pnl_mean': 12.9173}, 'TRENDING': {'n_trades': 163, 'win_rate': 0.4294, 'profit_factor': np.float64(1.0226), 'expectancy_pips': 1.537, 'sharpe': 0.0097, 'max_drawdown_pips': 2553.18, 'total_pnl_pips': 250.53, 'avg_bars_held': 9.55, 'payoff_ratio': 1.3586, 'recovery_factor': 0.0981, 'tp_count': 69, 'sl_count': 93, 'timeout_count': 1, 'pnl_std': 159.1391, 'pnl_mean': 1.537}}, 'oos': {'HIGH_VOLATILITY': {'n_trades': 219, 'win_rate': 0.3653, 'profit_factor': np.float64(0.953), 'expectancy_pips': -3.5013, 'sharpe': -0.0211, 'max_drawdown_pips': 3557.6, 'total_pnl_pips': -766.78, 'avg_bars_held': 9.77, 'payoff_ratio': 1.6559, 'recovery_factor': -0.2155, 'tp_count': 77, 'sl_count': 139, 'timeout_count': 3, 'pnl_std': 166.1201, 'pnl_mean': -3.5013}, 'LOW_VOLATILITY': {'n_trades': 32, 'win_rate': 0.4062, 'profit_factor': np.float64(1.2478), 'expectancy_pips': 9.7772, 'sharpe': 0.1, 'max_drawdown_pips': 383.46, 'total_pnl_pips': 312.87, 'avg_bars_held': 4.12, 'payoff_ratio': 1.8236, 'recovery_factor': 0.8159, 'tp_count': 13, 'sl_count': 19, 'timeout_count': 0, 'pnl_std': 97.8087, 'pnl_mean': 9.7772}, 'MEAN_REVERTING': {'n_trades': 18, 'win_rate': 0.5556, 'profit_factor': np.float64(1.6518), 'expectancy_pips': 39.9878, 'sharpe': 0.2389, 'max_drawdown_pips': 309.99, 'total_pnl_pips': 719.78, 'avg_bars_held': 9.72, 'payoff_ratio': 1.3214, 'recovery_factor': 2.3219, 'tp_count': 10, 'sl_count': 8, 'timeout_count': 0, 'pnl_std': 167.3772, 'pnl_mean': 39.9878}, 'TRENDING': {'n_trades': 228, 'win_rate': 0.3816, 'profit_factor': np.float64(0.9878), 'expectancy_pips': -0.8631, 'sharpe': -0.0054, 'max_drawdown_pips': 1448.2, 'total_pnl_pips': -196.79, 'avg_bars_held': 9.13, 'payoff_ratio': 1.601, 'recovery_factor': -0.1359, 'tp_count': 86, 'sl_count': 141, 'timeout_count': 1, 'pnl_std': 158.7415, 'pnl_mean': -0.8631}}}"
NASDAQ,NASDAQ Futures,index,TF_Momentum,trend_follow,Trend follow: 10-bar momentum > 0.5x ATR,0.9920,-0.0030,2818.9000,418,0.3852,-0.5700,0.9890,-0.0050,4159.8000,497,0.3742,-0.7900,FAIL,-0.0034,0.2873,FRAGILE,0.4780,-256.0000,7539.6000,HIGH_VOLATILITY,0.4019,0.0215,0.4809,0.0957,"{'test': {'HIGH_VOLATILITY': {'n_trades': 201, 'win_rate': 0.3682, 'profit_factor': np.float64(0.9873), 'expectancy_pips': -0.9788, 'sharpe': -0.0055, 'max_drawdown_pips': 2336.67, 'total_pnl_pips': -196.73, 'avg_bars_held': 9.82, 'payoff_ratio': 1.6944, 'recovery_factor': -0.0842, 'tp_count': 74, 'sl_count': 127, 'timeout_count': 0, 'pnl_std': 177.3981, 'pnl_mean': -0.9788}, 'LOW_VOLATILITY': {'n_trades': 40, 'win_rate': 0.425, 'profit_factor': np.float64(0.9627), 'expectancy_pips': -1.8707, 'sharpe': -0.0167, 'max_drawdown_pips': 786.49, 'total_pnl_pips': -74.83, 'avg_bars_held': 3.3, 'payoff_ratio': 1.3024, 'recovery_factor': -0.0951, 'tp_count': 17, 'sl_count': 23, 'timeout_count': 0, 'pnl_std': 111.9621, 'pnl_mean': -1.8707}, 'MEAN_REVERTING': {'n_trades': 9, 'win_rate': 0.4444, 'profit_factor': np.float64(0.6889), 'expectancy_pips': -28.4978, 'sharpe': -0.1539, 'max_drawdown_pips': 604.52, 'total_pnl_pips': -256.48, 'avg_bars_held': 10.11, 'payoff_ratio': 0.8611, 'recovery_factor': -0.4243, 'tp_count': 4, 'sl_count': 5, 'timeout_count': 0, 'pnl_std': 185.1392, 'pnl_mean': -28.4978}, 'TRENDING': {'n_trades': 168, 'win_rate': 0.3929, 'profit_factor': np.float64(1.0254), 'expectancy_pips': 1.7282, 'sharpe': 0.0103, 'max_drawdown_pips': 1646.23, 'total_pnl_pips': 290.33, 'avg_bars_held': 9.34, 'payoff_ratio': 1.5848, 'recovery_factor': 0.1764, 'tp_count': 65, 'sl_count': 102, 'timeout_count': 1, 'pnl_std': 167.8974, 'pnl_mean': 1.7282}}, 'oos': {'HIGH_VOLATILITY': {'n_trades': 213, 'win_rate': 0.3803, 'profit_factor': np.float64(1.0795), 'expectancy_pips': 5.6986, 'sharpe': 0.0335, 'max_drawdown_pips': 2558.58, 'total_pnl_pips': 1213.81, 'avg_bars_held': 10.2, 'payoff_ratio': 1.7591, 'recovery_factor': 0.4744, 'tp_count': 80, 'sl_count': 132, 'timeout_count': 1, 'pnl_std': 169.9733, 'pnl_mean': 5.6986}, 'LOW_VOLATILITY': {'n_trades': 37, 'win_rate': 0.3784, 'profit_factor': np.float64(1.0482), 'expectancy_pips': 2.0516, 'sharpe': 0.0216, 'max_drawdown_pips': 570.74, 'total_pnl_pips': 75.91, 'avg_bars_held': 4.68, 'payoff_ratio': 1.722, 'recovery_factor': 0.133, 'tp_count': 14, 'sl_count': 23, 'timeout_count': 0, 'pnl_std': 95.1323, 'pnl_mean': 2.0516}, 'MEAN_REVERTING': {'n_trades': 20, 'win_rate': 0.35, 'profit_factor': np.float64(0.7918), 'expectancy_pips': -20.2235, 'sharpe': -0.0987, 'max_drawdown_pips': 1199.87, 'total_pnl_pips': -404.47, 'avg_bars_held': 14.45, 'payoff_ratio': 1.4704, 'recovery_factor': -0.3371, 'tp_count': 7, 'sl_count': 13, 'timeout_count': 0, 'pnl_std': 204.9201, 'pnl_mean': -20.2235}, 'TRENDING': {'n_trades': 227, 'win_rate': 0.37, 'profit_factor': np.float64(0.9196), 'expectancy_pips': -5.635, 'sharpe': -0.0379, 'max_drawdown_pips': 2106.37, 'total_pnl_pips': -1279.14, 'avg_bars_held': 8.59, 'payoff_ratio': 1.5655, 'recovery_factor': -0.6073, 'tp_count': 83, 'sl_count': 143, 'timeout_count': 1, 'pnl_std': 148.7848, 'pnl_mean': -5.635}}}"
IBOV,Ibovespa,index,TF_Breakout_20,trend_follow,Breakout: close > max or < min of last 20 candles,1.1130,0.0500,8782.1000,89,0.4157,57.8600,1.1740,0.0730,28438.1000,126,0.4524,109.4300,OOS_PASS,0.0551,0.2836,FRAGILE,0.6740,5248.1000,19236.7000,TRENDING,0.5169,0.0449,0.4157,0.0225,"{'test': {'HIGH_VOLATILITY': {'n_trades': 37, 'win_rate': 0.3243, 'profit_factor': np.float64(0.7396), 'expectancy_pips': -173.5168, 'sharpe': -0.1368, 'max_drawdown_pips': 13313.67, 'total_pnl_pips': -6420.12, 'avg_bars_held': 8.78, 'payoff_ratio': 1.5409, 'recovery_factor': -0.4822, 'tp_count': 12, 'sl_count': 25, 'timeout_count': 0, 'pnl_std': 1268.4044, 'pnl_mean': -173.5168}, 'LOW_VOLATILITY': {'n_trades': 2, 'win_rate': 0.5, 'profit_factor': np.float64(1.3732), 'expectancy_pips': 146.655, 'sharpe': 0.1112, 'max_drawdown_pips': 785.96, 'total_pnl_pips': 293.31, 'avg_bars_held': 9.5, 'payoff_ratio': 1.3732, 'recovery_factor': 0.3732, 'tp_count': 1, 'sl_count': 1, 'timeout_count': 0, 'pnl_std': 1318.9168, 'pnl_mean': 146.655}, 'MEAN_REVERTING': {'n_trades': 4, 'win_rate': 0.75, 'profit_factor': np.float64(7.7645), 'expectancy_pips': 980.2075, 'sharpe': 0.9374, 'max_drawdown_pips': 579.62, 'total_pnl_pips': 3920.83, 'avg_bars_held': 3.5, 'payoff_ratio': 2.5882, 'recovery_factor': 6.7645, 'tp_count': 3, 'sl_count': 1, 'timeout_count': 0, 'pnl_std': 1045.7133, 'pnl_mean': 980.2075}, 'TRENDING': {'n_trades': 46, 'win_rate': 0.4565, 'profit_factor': np.float64(1.3772), 'expectancy_pips': 159.9065, 'sharpe': 0.15, 'max_drawdown_pips': 3978.75, 'total_pnl_pips': 7355.7, 'avg_bars_held': 9.87, 'payoff_ratio': 1.6395, 'recovery_factor': 1.8487, 'tp_count': 21, 'sl_count': 25, 'timeout_count': 0, 'pnl_std': 1065.9885, 'pnl_mean': 159.9065}}, 'oos': {'HIGH_VOLATILITY': {'n_trades': 40, 'win_rate': 0.525, 'profit_factor': np.float64(1.8191), 'expectancy_pips': 440.8493, 'sharpe': 0.2718, 'max_drawdown_pips': 7563.14, 'total_pnl_pips': 17633.97, 'avg_bars_held': 7.38, 'payoff_ratio': 1.6459, 'recovery_factor': 2.3316, 'tp_count': 21, 'sl_count': 19, 'timeout_count': 0, 'pnl_std': 1622.1442, 'pnl_mean': 440.8493}, 'LOW_VOLATILITY': {'n_trades': 3, 'win_rate': 0.3333, 'profit_factor': np.float64(0.9637), 'expectancy_pips': -19.2267, 'sharpe': -0.0141, 'max_drawdown_pips': 1031.37, 'total_pnl_pips': -57.68, 'avg_bars_held': 4.33, 'payoff_ratio': 1.9273, 'recovery_factor': -0.0559, 'tp_count': 1, 'sl_count': 2, 'timeout_count': 0, 'pnl_std': 1362.503, 'pnl_mean': -19.2267}, 'MEAN_REVERTING': {'n_trades': 3, 'win_rate': 0.3333, 'profit_factor': np.float64(0.4217), 'expectancy_pips': -545.0133, 'sharpe': -0.3391, 'max_drawdown_pips': 1978.67, 'total_pnl_pips': -1635.04, 'avg_bars_held': 8.33, 'payoff_ratio': 0.8434, 'recovery_factor': -0.8263, 'tp_count': 1, 'sl_count': 2, 'timeout_count': 0, 'pnl_std': 1607.1269, 'pnl_mean': -545.0133}, 'TRENDING': {'n_trades': 80, 'win_rate': 0.425, 'profit_factor': np.float64(0.9595), 'expectancy_pips': -26.9119, 'sharpe': -0.0188, 'max_drawdown_pips': 21041.07, 'total_pnl_pips': -2152.95, 'avg_bars_held': 7.17, 'payoff_ratio': 1.2981, 'recovery_factor': -0.1023, 'tp_count': 34, 'sl_count': 46, 'timeout_count': 0, 'pnl_std': 1429.7521, 'pnl_mean': -26.9119}}}"
ITUB4,Itau Unibanco,brazil_equity,TF_EMA_Slope,trend_follow,Trend follow: EMA20 slope direction + price above/below EMA20,0.9860,-0.0060,516.5000,121,0.3802,-0.2800,0.9430,-0.0270,1000.2000,197,0.3452,-1.5700,FAIL,-0.0440,0.2825,FRAGILE,0.4540,-14.2000,1026.4000,TRENDING,0.6694,0.0083,0.3058,0.0165,"{'test': {'HIGH_VOLATILITY': {'n_trades': 37, 'win_rate': 0.2973, 'profit_factor': np.float64(0.5772), 'expectancy_pips': -12.0151, 'sharpe': -0.2611, 'max_drawdown_pips': 555.69, 'total_pnl_pips': -444.56, 'avg_bars_held': 8.68, 'payoff_ratio': 1.3643, 'recovery_factor': -0.8, 'tp_count': 11, 'sl_count': 26, 'timeout_count': 0, 'pnl_std': 46.021, 'pnl_mean': -12.0151}, 'LOW_VOLATILITY': {'n_trades': 2, 'win_rate': 1.0, 'profit_factor': np.float64(108360000000.0), 'expectancy_pips': 54.18, 'sharpe': 13.3955, 'max_drawdown_pips': 0.0, 'total_pnl_pips': 108.36, 'avg_bars_held': 16.5, 'payoff_ratio': 54180000000.0, 'recovery_factor': inf, 'tp_count': 2, 'sl_count': 0, 'timeout_count': 0, 'pnl_std': 4.0447, 'pnl_mean': 54.18}, 'MEAN_REVERTING': {'n_trades': 1, 'win_rate': 1.0, 'profit_factor': np.float64(56110000000.0), 'expectancy_pips': 56.11, 'sharpe': 56110000000.0, 'max_drawdown_pips': 0.0, 'total_pnl_pips': 56.11, 'avg_bars_held': 15.0, 'payoff_ratio': 56110000000.0, 'recovery_factor': inf, 'tp_count': 1, 'sl_count': 0, 'timeout_count': 0, 'pnl_std': 0.0, 'pnl_mean': 56.11}, 'TRENDING': {'n_trades': 81, 'win_rate': 0.3951, 'profit_factor': np.float64(1.1661), 'expectancy_pips': 3.0335, 'sharpe': 0.071, 'max_drawdown_pips': 371.49, 'total_pnl_pips': 245.71, 'avg_bars_held': 8.99, 'payoff_ratio': 1.7856, 'recovery_factor': 0.6614, 'tp_count': 32, 'sl_count': 49, 'timeout_count': 0, 'pnl_std': 42.7264, 'pnl_mean': 3.0335}}, 'oos': {'HIGH_VOLATILITY': {'n_trades': 62, 'win_rate': 0.371, 'profit_factor': np.float64(1.1045), 'expectancy_pips': 2.7466, 'sharpe': 0.045, 'max_drawdown_pips': 340.13, 'total_pnl_pips': 170.29, 'avg_bars_held': 6.68, 'payoff_ratio': 1.8729, 'recovery_factor': 0.5007, 'tp_count': 23, 'sl_count': 39, 'timeout_count': 0, 'pnl_std': 61.0563, 'pnl_mean': 2.7466}, 'LOW_VOLATILITY': {'n_trades': 2, 'win_rate': 0.0, 'profit_factor': np.float64(0.0), 'expectancy_pips': -39.09, 'sharpe': -4.7657, 'max_drawdown_pips': 44.89, 'total_pnl_pips': -78.18, 'avg_bars_held': 4.0, 'payoff_ratio': 0.0, 'recovery_factor': -1.7416, 'tp_count': 0, 'sl_count': 2, 'timeout_count': 0, 'pnl_std': 8.2024, 'pnl_mean': -39.09}, 'MEAN_REVERTING': {'n_trades': 12, 'win_rate': 0.4167, 'profit_factor': np.float64(0.8686), 'expectancy_pips': -3.7908, 'sharpe': -0.0645, 'max_drawdown_pips': 156.96, 'total_pnl_pips': -45.49, 'avg_bars_held': 8.67, 'payoff_ratio': 1.2161, 'recovery_factor': -0.2898, 'tp_count': 5, 'sl_count': 7, 'timeout_count': 0, 'pnl_std': 58.8072, 'pnl_mean': -3.7908}, 'TRENDING': {'n_trades': 121, 'win_rate': 0.3306, 'profit_factor': np.float64(0.8945), 'expectancy_pips': -2.946, 'sharpe': -0.0505, 'max_drawdown_pips': 914.94, 'total_pnl_pips': -356.46, 'avg_bars_held': 6.42, 'payoff_ratio': 1.8114, 'recovery_factor': -0.3896, 'tp_count': 40, 'sl_count': 81, 'timeout_count': 0, 'pnl_std': 58.3798, 'pnl_mean': -2.946}}}"
ITUB4,Itau Unibanco,brazil_equity,TF_Momentum,trend_follow,Trend follow: 10-bar momentum > 0.5x ATR,1.0870,0.0380,469.7000,116,0.3879,1.7600,1.0000,0.0000,779.4000,200,0.3700,0.0000,OOS_PASS,-0.0799,0.2786,FRAGILE,0.6680,203.4000,872.5000,TRENDING,0.6293,0.0345,0.3276,0.0086,"{'test': {'HIGH_VOLATILITY': {'n_trades': 38, 'win_rate': 0.3421, 'profit_factor': np.float64(0.8587), 'expectancy_pips': -3.5818, 'sharpe': -0.0699, 'max_drawdown_pips': 237.83, 'total_pnl_pips': -136.11, 'avg_bars_held': 8.89, 'payoff_ratio': 1.6514, 'recovery_factor': -0.5723, 'tp_count': 13, 'sl_count': 25, 'timeout_count': 0, 'pnl_std': 51.248, 'pnl_mean': -3.5818}, 'LOW_VOLATILITY': {'n_trades': 1, 'win_rate': 1.0, 'profit_factor': np.float64(51320000000.0), 'expectancy_pips': 51.32, 'sharpe': 51320000000.0, 'max_drawdown_pips': 0.0, 'total_pnl_pips': 51.32, 'avg_bars_held': 11.0, 'payoff_ratio': 51320000000.0, 'recovery_factor': inf, 'tp_count': 1, 'sl_count': 0, 'timeout_count': 0, 'pnl_std': 0.0, 'pnl_mean': 51.32}, 'MEAN_REVERTING': {'n_trades': 4, 'win_rate': 0.25, 'profit_factor': np.float64(0.5928), 'expectancy_pips': -9.6375, 'sharpe': -0.2134, 'max_drawdown_pips': 46.91, 'total_pnl_pips': -38.55, 'avg_bars_held': 9.25, 'payoff_ratio': 1.7783, 'recovery_factor': -0.8218, 'tp_count': 1, 'sl_count': 3, 'timeout_count': 0, 'pnl_std': 45.1595, 'pnl_mean': -9.6375}, 'TRENDING': {'n_trades': 73, 'win_rate': 0.411, 'profit_factor': np.float64(1.2533), 'expectancy_pips': 4.4904, 'sharpe': 0.1046, 'max_drawdown_pips': 242.59, 'total_pnl_pips': 327.8, 'avg_bars_held': 10.18, 'payoff_ratio': 1.7964, 'recovery_factor': 1.3513, 'tp_count': 30, 'sl_count': 43, 'timeout_count': 0, 'pnl_std': 42.9098, 'pnl_mean': 4.4904}}, 'oos': {'HIGH_VOLATILITY': {'n_trades': 60, 'win_rate': 0.4333, 'profit_factor': np.float64(1.3747), 'expectancy_pips': 9.0437, 'sharpe': 0.1451, 'max_drawdown_pips': 236.46, 'total_pnl_pips': 542.62, 'avg_bars_held': 7.15, 'payoff_ratio': 1.7977, 'recovery_factor': 2.2948, 'tp_count': 26, 'sl_count': 34, 'timeout_count': 0, 'pnl_std': 62.3355, 'pnl_mean': 9.0437}, 'LOW_VOLATILITY': {'n_trades': 4, 'win_rate': 0.5, 'profit_factor': np.float64(1.4241), 'expectancy_pips': 8.145, 'sharpe': 0.1505, 'max_drawdown_pips': 44.89, 'total_pnl_pips': 32.58, 'avg_bars_held': 2.5, 'payoff_ratio': 1.4241, 'recovery_factor': 0.7258, 'tp_count': 2, 'sl_count': 2, 'timeout_count': 0, 'pnl_std': 54.1106, 'pnl_mean': 8.145}, 'MEAN_REVERTING': {'n_trades': 14, 'win_rate': 0.2857, 'profit_factor': np.float64(0.5114), 'expectancy_pips': -15.6029, 'sharpe': -0.3079, 'max_drawdown_pips': 269.35, 'total_pnl_pips': -218.44, 'avg_bars_held': 6.71, 'payoff_ratio': 1.2785, 'recovery_factor': -0.811, 'tp_count': 4, 'sl_count': 10, 'timeout_count': 0, 'pnl_std': 50.6707, 'pnl_mean': -15.6029}, 'TRENDING': {'n_trades': 122, 'win_rate': 0.3443, 'profit_factor': np.float64(0.8954), 'expectancy_pips': -2.9193, 'sharpe': -0.0504, 'max_drawdown_pips': 770.35, 'total_pnl_pips': -356.15, 'avg_bars_held': 6.67, 'payoff_ratio': 1.7055, 'recovery_factor': -0.4623, 'tp_count': 42, 'sl_count': 80, 'timeout_count': 0, 'pnl_std': 57.9025, 'pnl_mean': -2.9193}}}"
ITUB4,Itau Unibanco,brazil_equity,MR_EMA_Dist,mean_reversion,MR entry when price > 1.5 ATR from EMA50,0.9430,-0.0270,553.6000,151,0.3245,-0.8300,1.1140,0.0480,453.3000,198,0.3535,2.0800,FAIL,0.1807,0.2669,FRAGILE,0.3760,-109.8000,882.3000,TRENDING,0.5563,0.0464,0.3510,0.0464,"{'test': {'HIGH_VOLATILITY': {'n_trades': 53, 'win_rate': 0.2642, 'profit_factor': np.float64(0.7363), 'expectancy_pips': -4.4487, 'sharpe': -0.1365, 'max_drawdown_pips': 448.75, 'total_pnl_pips': -235.78, 'avg_bars_held': 4.81, 'payoff_ratio': 2.0511, 'recovery_factor': -0.5254, 'tp_count': 14, 'sl_count': 39, 'timeout_count': 0, 'pnl_std': 32.5971, 'pnl_mean': -4.4487}, 'LOW_VOLATILITY': {'n_trades': 7, 'win_rate': 0.0, 'profit_factor': np.float64(0.0), 'expectancy_pips': -20.2829, 'sharpe': -5.278, 'max_drawdown_pips': 125.59, 'total_pnl_pips': -141.98, 'avg_bars_held': 2.86, 'payoff_ratio': 0.0, 'recovery_factor': -1.1305, 'tp_count': 0, 'sl_count': 7, 'timeout_count': 0, 'pnl_std': 3.8429, 'pnl_mean': -20.2829}, 'MEAN_REVERTING': {'n_trades': 7, 'win_rate': 0.5714, 'profit_factor': np.float64(2.7458), 'expectancy_pips': 15.66, 'sharpe': 0.4455, 'max_drawdown_pips': 62.79, 'total_pnl_pips': 109.62, 'avg_bars_held': 5.86, 'payoff_ratio': 2.0594, 'recovery_factor': 1.7458, 'tp_count': 4, 'sl_count': 3, 'timeout_count': 0, 'pnl_std': 35.1485, 'pnl_mean': 15.66}, 'TRENDING': {'n_trades': 84, 'win_rate': 0.369, 'profit_factor': np.float64(1.1276), 'expectancy_pips': 1.6951, 'sharpe': 0.0553, 'max_drawdown_pips': 186.97, 'total_pnl_pips': 142.39, 'avg_bars_held': 5.35, 'payoff_ratio': 1.9278, 'recovery_factor': 0.7616, 'tp_count': 31, 'sl_count': 53, 'timeout_count': 0, 'pnl_std': 30.65, 'pnl_mean': 1.6951}}, 'oos': {'HIGH_VOLATILITY': {'n_trades': 60, 'win_rate': 0.3, 'profit_factor': np.float64(0.9065), 'expectancy_pips': -1.8958, 'sharpe': -0.0428, 'max_drawdown_pips': 483.63, 'total_pnl_pips': -113.75, 'avg_bars_held': 4.0, 'payoff_ratio': 2.1152, 'recovery_factor': -0.2352, 'tp_count': 18, 'sl_count': 42, 'timeout_count': 0, 'pnl_std': 44.2594, 'pnl_mean': -1.8958}, 'LOW_VOLATILITY': {'n_trades': 1, 'win_rate': 0.0, 'profit_factor': np.float64(0.0), 'expectancy_pips': -24.13, 'sharpe': -24130000000.0, 'max_drawdown_pips': 0.0, 'total_pnl_pips': -24.13, 'avg_bars_held': 5.0, 'payoff_ratio': 0.0, 'recovery_factor': inf, 'tp_count': 0, 'sl_count': 1, 'timeout_count': 0, 'pnl_std': 0.0, 'pnl_mean': -24.13}, 'MEAN_REVERTING': {'n_trades': 12, 'win_rate': 0.3333, 'profit_factor': np.float64(1.162), 'expectancy_pips': 2.8742, 'sharpe': 0.0617, 'max_drawdown_pips': 80.23, 'total_pnl_pips': 34.49, 'avg_bars_held': 7.08, 'payoff_ratio': 2.3239, 'recovery_factor': 0.4299, 'tp_count': 4, 'sl_count': 8, 'timeout_count': 0, 'pnl_std': 46.6037, 'pnl_mean': 2.8742}, 'TRENDING': {'n_trades': 125, 'win_rate': 0.384, 'profit_factor': np.float64(1.2371), 'expectancy_pips': 4.1242, 'sharpe': 0.0949, 'max_drawdown_pips': 393.44, 'total_pnl_pips': 515.52, 'avg_bars_held': 4.8, 'payoff_ratio': 1.9846, 'recovery_factor': 1.3103, 'tp_count': 48, 'sl_count': 77, 'timeout_count': 0, 'pnl_std': 43.4578, 'pnl_mean': 4.1242}}}"
EURUSD,EUR/USD,forex,TF_Breakout_20,trend_follow,Breakout: close > max or < min of last 20 candles,0.7840,-0.1080,1329.2000,353,0.3314,-3.2000,0.8970,-0.0510,715.9000,411,0.3577,-1.2500,FAIL,0.1432,0.2577,FRAGILE,0.0180,-1131.1000,2294.1000,TRENDING,0.5042,0.0595,0.3201,0.1161,"{'test': {'HIGH_VOLATILITY': {'n_trades': 113, 'win_rate': 0.3186, 'profit_factor': np.float64(0.6785), 'expectancy_pips': -5.7535, 'sharpe': -0.1765, 'max_drawdown_pips': 866.39, 'total_pnl_pips': -650.15, 'avg_bars_held': 8.56, 'payoff_ratio': 1.4513, 'recovery_factor': -0.7504, 'tp_count': 36, 'sl_count': 77, 'timeout_count': 0, 'pnl_std': 32.5919, 'pnl_mean': -5.7535}, 'LOW_VOLATILITY': {'n_trades': 41, 'win_rate': 0.3902, 'profit_factor': np.float64(1.1393), 'expectancy_pips': 1.3041, 'sharpe': 0.0571, 'max_drawdown_pips': 85.75, 'total_pnl_pips': 53.47, 'avg_bars_held': 4.02, 'payoff_ratio': 1.7801, 'recovery_factor': 0.6236, 'tp_count': 16, 'sl_count': 25, 'timeout_count': 0, 'pnl_std': 22.8387, 'pnl_mean': 1.3041}, 'MEAN_REVERTING': {'n_trades': 21, 'win_rate': 0.3333, 'profit_factor': np.float64(0.8107), 'expectancy_pips': -2.4252, 'sharpe': -0.0968, 'max_drawdown_pips': 155.78, 'total_pnl_pips': -50.93, 'avg_bars_held': 6.52, 'payoff_ratio': 1.6214, 'recovery_factor': -0.3269, 'tp_count': 7, 'sl_count': 14, 'timeout_count': 0, 'pnl_std': 25.0636, 'pnl_mean': -2.4252}, 'TRENDING': {'n_trades': 178, 'win_rate': 0.3258, 'profit_factor': np.float64(0.8117), 'expectancy_pips': -2.7172, 'sharpe': -0.0923, 'max_drawdown_pips': 537.4, 'total_pnl_pips': -483.67, 'avg_bars_held': 7.2, 'payoff_ratio': 1.6794, 'recovery_factor': -0.9, 'tp_count': 58, 'sl_count': 120, 'timeout_count': 0, 'pnl_std': 29.4442, 'pnl_mean': -2.7172}}, 'oos': {'HIGH_VOLATILITY': {'n_trades': 96, 'win_rate': 0.3958, 'profit_factor': np.float64(0.9498), 'expectancy_pips': -0.6878, 'sharpe': -0.0241, 'max_drawdown_pips': 342.11, 'total_pnl_pips': -66.03, 'avg_bars_held': 11.66, 'payoff_ratio': 1.4496, 'recovery_factor': -0.193, 'tp_count': 37, 'sl_count': 58, 'timeout_count': 1, 'pnl_std': 28.53, 'pnl_mean': -0.6878}, 'LOW_VOLATILITY': {'n_trades': 25, 'win_rate': 0.4, 'profit_factor': np.float64(1.1351), 'expectancy_pips': 1.1232, 'sharpe': 0.058, 'max_drawdown_pips': 53.84, 'total_pnl_pips': 28.08, 'avg_bars_held': 3.88, 'payoff_ratio': 1.7026, 'recovery_factor': 0.5215, 'tp_count': 10, 'sl_count': 15, 'timeout_count': 0, 'pnl_std': 19.3713, 'pnl_mean': 1.1232}, 'MEAN_REVERTING': {'n_trades': 54, 'win_rate': 0.4259, 'profit_factor': np.float64(1.2674), 'expectancy_pips': 2.5667, 'sharpe': 0.1094, 'max_drawdown_pips': 109.84, 'total_pnl_pips': 138.6, 'avg_bars_held': 7.07, 'payoff_ratio': 1.7082, 'recovery_factor': 1.2618, 'tp_count': 23, 'sl_count': 31, 'timeout_count': 0, 'pnl_std': 23.4578, 'pnl_mean': 2.5667}, 'TRENDING': {'n_trades': 236, 'win_rate': 0.322, 'profit_factor': np.float64(0.7897), 'expectancy_pips': -2.5969, 'sharpe': -0.1097, 'max_drawdown_pips': 766.45, 'total_pnl_pips': -612.87, 'avg_bars_held': 7.94, 'payoff_ratio': 1.6626, 'recovery_factor': -0.7996, 'tp_count': 76, 'sl_count': 160, 'timeout_count': 0, 'pnl_std': 23.6748, 'pnl_mean': -2.5969}}}"
IBOV,Ibovespa,index,TF_EMA_Slope,trend_follow,Trend follow: EMA20 slope direction + price above/below EMA20,1.0490,0.0220,10302.8000,146,0.3836,25.0800,1.1720,0.0700,17492.3000,181,0.4199,104.5600,OOS_PASS,0.1171,0.2553,FRAGILE,0.6020,3675.7000,26644.6000,TRENDING,0.4658,0.0479,0.4521,0.0342,"{'test': {'HIGH_VOLATILITY': {'n_trades': 66, 'win_rate': 0.3182, 'profit_factor': np.float64(0.8431), 'expectancy_pips': -95.3152, 'sharpe': -0.0753, 'max_drawdown_pips': 14061.22, 'total_pnl_pips': -6290.8, 'avg_bars_held': 6.18, 'payoff_ratio': 1.8067, 'recovery_factor': -0.4474, 'tp_count': 21, 'sl_count': 45, 'timeout_count': 0, 'pnl_std': 1266.5541, 'pnl_mean': -95.3152}, 'LOW_VOLATILITY': {'n_trades': 5, 'win_rate': 0.4, 'profit_factor': np.float64(0.9359), 'expectancy_pips': -34.488, 'sharpe': -0.0285, 'max_drawdown_pips': 1902.31, 'total_pnl_pips': -172.44, 'avg_bars_held': 8.4, 'payoff_ratio': 1.4038, 'recovery_factor': -0.0906, 'tp_count': 2, 'sl_count': 3, 'timeout_count': 0, 'pnl_std': 1210.9327, 'pnl_mean': -34.488}, 'MEAN_REVERTING': {'n_trades': 7, 'win_rate': 0.7143, 'profit_factor': np.float64(5.2188), 'expectancy_pips': 804.2543, 'sharpe': 0.789, 'max_drawdown_pips': 1334.45, 'total_pnl_pips': 5629.78, 'avg_bars_held': 4.71, 'payoff_ratio': 2.0875, 'recovery_factor': 4.2188, 'tp_count': 5, 'sl_count': 2, 'timeout_count': 0, 'pnl_std': 1019.3644, 'pnl_mean': 804.2543}, 'TRENDING': {'n_trades': 68, 'win_rate': 0.4118, 'profit_factor': np.float64(1.1444), 'expectancy_pips': 66.096, 'sharpe': 0.0637, 'max_drawdown_pips': 7508.25, 'total_pnl_pips': 4494.53, 'avg_bars_held': 8.51, 'payoff_ratio': 1.6348, 'recovery_factor': 0.5986, 'tp_count': 28, 'sl_count': 40, 'timeout_count': 0, 'pnl_std': 1037.0609, 'pnl_mean': 66.096}}, 'oos': {'HIGH_VOLATILITY': {'n_trades': 64, 'win_rate': 0.4219, 'profit_factor': np.float64(1.2478), 'expectancy_pips': 157.373, 'sharpe': 0.0971, 'max_drawdown_pips': 10269.14, 'total_pnl_pips': 10071.87, 'avg_bars_held': 8.09, 'payoff_ratio': 1.71, 'recovery_factor': 0.9808, 'tp_count': 27, 'sl_count': 37, 'timeout_count': 0, 'pnl_std': 1621.4787, 'pnl_mean': 157.373}, 'LOW_VOLATILITY': {'n_trades': 4, 'win_rate': 0.75, 'profit_factor': np.float64(3.2165), 'expectancy_pips': 571.5175, 'sharpe': 0.5149, 'max_drawdown_pips': 1031.37, 'total_pnl_pips': 2286.07, 'avg_bars_held': 5.5, 'payoff_ratio': 1.0722, 'recovery_factor': 2.2165, 'tp_count': 3, 'sl_count': 1, 'timeout_count': 0, 'pnl_std': 1109.8914, 'pnl_mean': 571.5175}, 'MEAN_REVERTING': {'n_trades': 2, 'win_rate': 0.5, 'profit_factor': np.float64(0.6026), 'expectancy_pips': -393.2, 'sharpe': -0.1754, 'max_drawdown_pips': 1978.67, 'total_pnl_pips': -786.4, 'avg_bars_held': 11.5, 'payoff_ratio': 0.6026, 'recovery_factor': -0.3974, 'tp_count': 1, 'sl_count': 1, 'timeout_count': 0, 'pnl_std': 2242.1932, 'pnl_mean': -393.2}, 'TRENDING': {'n_trades': 111, 'win_rate': 0.4054, 'profit_factor': np.float64(1.1103), 'expectancy_pips': 66.2497, 'sharpe': 0.0465, 'max_drawdown_pips': 11780.82, 'total_pnl_pips': 7353.72, 'avg_bars_held': 6.87, 'payoff_ratio': 1.6284, 'recovery_factor': 0.6242, 'tp_count': 45, 'sl_count': 66, 'timeout_count': 0, 'pnl_std': 1425.3366, 'pnl_mean': 66.2497}}}"
ITUB4,Itau Unibanco,brazil_equity,MR_BB_Stretch,mean_reversion,MR entry when price > 2.0 ATR from EMA50,0.8700,-0.0640,715.4000,127,0.3150,-1.9200,0.9850,-0.0070,475.9000,160,0.3375,-0.2900,FAIL,0.1314,0.2537,FRAGILE,0.2380,-228.9000,880.8000,TRENDING,0.5512,0.0630,0.3307,0.0551,"{'test': {'HIGH_VOLATILITY': {'n_trades': 42, 'win_rate': 0.2381, 'profit_factor': np.float64(0.6424), 'expectancy_pips': -6.2955, 'sharpe': -0.1993, 'max_drawdown_pips': 499.82, 'total_pnl_pips': -264.41, 'avg_bars_held': 5.05, 'payoff_ratio': 2.0558, 'recovery_factor': -0.529, 'tp_count': 10, 'sl_count': 32, 'timeout_count': 0, 'pnl_std': 31.5907, 'pnl_mean': -6.2955}, 'LOW_VOLATILITY': {'n_trades': 7, 'win_rate': 0.1429, 'profit_factor': np.float64(0.1944), 'expectancy_pips': -14.41, 'sharpe': -0.8259, 'max_drawdown_pips': 125.21, 'total_pnl_pips': -100.87, 'avg_bars_held': 3.0, 'payoff_ratio': 1.1664, 'recovery_factor': -0.8056, 'tp_count': 1, 'sl_count': 6, 'timeout_count': 0, 'pnl_std': 17.4478, 'pnl_mean': -14.41}, 'MEAN_REVERTING': {'n_trades': 8, 'win_rate': 0.5, 'profit_factor': np.float64(1.9492), 'expectancy_pips': 10.495, 'sharpe': 0.2942, 'max_drawdown_pips': 88.45, 'total_pnl_pips': 83.96, 'avg_bars_held': 7.25, 'payoff_ratio': 1.9492, 'recovery_factor': 0.9492, 'tp_count': 4, 'sl_count': 4, 'timeout_count': 0, 'pnl_std': 35.6699, 'pnl_mean': 10.495}, 'TRENDING': {'n_trades': 70, 'win_rate': 0.3571, 'profit_factor': np.float64(1.0401), 'expectancy_pips': 0.5319, 'sharpe': 0.0183, 'max_drawdown_pips': 211.27, 'total_pnl_pips': 37.23, 'avg_bars_held': 5.01, 'payoff_ratio': 1.8722, 'recovery_factor': 0.1762, 'tp_count': 25, 'sl_count': 45, 'timeout_count': 0, 'pnl_std': 29.0792, 'pnl_mean': 0.5319}}, 'oos': {'HIGH_VOLATILITY': {'n_trades': 46, 'win_rate': 0.2609, 'profit_factor': np.float64(0.7205), 'expectancy_pips': -6.0015, 'sharpe': -0.1433, 'max_drawdown_pips': 562.69, 'total_pnl_pips': -276.07, 'avg_bars_held': 4.2, 'payoff_ratio': 2.0415, 'recovery_factor': -0.4906, 'tp_count': 12, 'sl_count': 34, 'timeout_count': 0, 'pnl_std': 41.8866, 'pnl_mean': -6.0015}, 'LOW_VOLATILITY': {'n_trades': 1, 'win_rate': 0.0, 'profit_factor': np.float64(0.0), 'expectancy_pips': -24.13, 'sharpe': -24130000000.0, 'max_drawdown_pips': 0.0, 'total_pnl_pips': -24.13, 'avg_bars_held': 5.0, 'payoff_ratio': 0.0, 'recovery_factor': inf, 'tp_count': 0, 'sl_count': 1, 'timeout_count': 0, 'pnl_std': 0.0, 'pnl_mean': -24.13}, 'MEAN_REVERTING': {'n_trades': 11, 'win_rate': 0.2727, 'profit_factor': np.float64(0.9161), 'expectancy_pips': -1.5818, 'sharpe': -0.0355, 'max_drawdown_pips': 95.7, 'total_pnl_pips': -17.4, 'avg_bars_held': 4.82, 'payoff_ratio': 2.4429, 'recovery_factor': -0.1818, 'tp_count': 3, 'sl_count': 8, 'timeout_count': 0, 'pnl_std': 44.5377, 'pnl_mean': -1.5818}, 'TRENDING': {'n_trades': 102, 'win_rate': 0.3824, 'profit_factor': np.float64(1.1453), 'expectancy_pips': 2.6529, 'sharpe': 0.0611, 'max_drawdown_pips': 445.0, 'total_pnl_pips': 270.6, 'avg_bars_held': 5.24, 'payoff_ratio': 1.8501, 'recovery_factor': 0.6081, 'tp_count': 39, 'sl_count': 63, 'timeout_count': 0, 'pnl_std': 43.4024, 'pnl_mean': 2.6529}}}"
GOLD,Gold Futures,commodity,VOL_ATR_Expand,volatility,Enter in bias direction when ATR > 1.5x rolling mean,1.0780,0.0330,1179.9000,37,0.4595,6.8900,1.0850,0.0330,2274.2000,35,0.4000,16.5200,OOS_PASS,0.0063,0.2515,FRAGILE,0.5840,328.3000,2402.2000,HIGH_VOLATILITY,0.0000,0.0000,1.0000,0.0000,"{'test': {'HIGH_VOLATILITY': {'n_trades': 37, 'win_rate': 0.4595, 'profit_factor': np.float64(1.0781), 'expectancy_pips': 6.89, 'sharpe': 0.0331, 'max_drawdown_pips': 1179.87, 'total_pnl_pips': 254.93, 'avg_bars_held': 8.08, 'payoff_ratio': 1.2683, 'recovery_factor': 0.2161, 'tp_count': 14, 'sl_count': 20, 'timeout_count': 3, 'pnl_std': 207.9078, 'pnl_mean': 6.89}}, 'oos': {'HIGH_VOLATILITY': {'n_trades': 35, 'win_rate': 0.4, 'profit_factor': np.float64(1.0849), 'expectancy_pips': 16.5217, 'sharpe': 0.0334, 'max_drawdown_pips': 2274.22, 'total_pnl_pips': 578.26, 'avg_bars_held': 7.51, 'payoff_ratio': 1.6274, 'recovery_factor': 0.2543, 'tp_count': 10, 'sl_count': 21, 'timeout_count': 4, 'pnl_std': 494.4637, 'pnl_mean': 16.5217}}}"
PETR4,Petrobras,brazil_equity,MR_RSI_Exhaust,mean_reversion,MR entry at RSI < 30 (buy) or RSI > 70 (sell),0.7280,-0.1440,663.7000,105,0.2857,-5.2100,0.9890,-0.0050,550.4000,151,0.3377,-0.2100,FAIL,0.3581,0.2513,FRAGILE,0.0580,-573.5000,1241.4000,TRENDING,0.6000,0.0952,0.2857,0.0190,"{'test': {'HIGH_VOLATILITY': {'n_trades': 30, 'win_rate': 0.3, 'profit_factor': np.float64(0.6471), 'expectancy_pips': -8.683, 'sharpe': -0.2036, 'max_drawdown_pips': 382.36, 'total_pnl_pips': -260.49, 'avg_bars_held': 7.3, 'payoff_ratio': 1.5098, 'recovery_factor': -0.6813, 'tp_count': 9, 'sl_count': 21, 'timeout_count': 0, 'pnl_std': 42.6578, 'pnl_mean': -8.683}, 'LOW_VOLATILITY': {'n_trades': 2, 'win_rate': 0.0, 'profit_factor': np.float64(0.0), 'expectancy_pips': -28.535, 'sharpe': -2.7029, 'max_drawdown_pips': 36.0, 'total_pnl_pips': -57.07, 'avg_bars_held': 8.0, 'payoff_ratio': 0.0, 'recovery_factor': -1.5853, 'tp_count': 0, 'sl_count': 2, 'timeout_count': 0, 'pnl_std': 10.5571, 'pnl_mean': -28.535}, 'MEAN_REVERTING': {'n_trades': 10, 'win_rate': 0.2, 'profit_factor': np.float64(0.3954), 'expectancy_pips': -12.385, 'sharpe': -0.4347, 'max_drawdown_pips': 168.71, 'total_pnl_pips': -123.85, 'avg_bars_held': 6.5, 'payoff_ratio': 1.5816, 'recovery_factor': -0.7341, 'tp_count': 2, 'sl_count': 8, 'timeout_count': 0, 'pnl_std': 28.4921, 'pnl_mean': -12.385}, 'TRENDING': {'n_trades': 63, 'win_rate': 0.3016, 'profit_factor': np.float64(0.8958), 'expectancy_pips': -1.6722, 'sharpe': -0.0487, 'max_drawdown_pips': 321.86, 'total_pnl_pips': -105.35, 'avg_bars_held': 5.02, 'payoff_ratio': 2.0746, 'recovery_factor': -0.3273, 'tp_count': 19, 'sl_count': 44, 'timeout_count': 0, 'pnl_std': 34.3276, 'pnl_mean': -1.6722}}, 'oos': {'HIGH_VOLATILITY': {'n_trades': 34, 'win_rate': 0.3529, 'profit_factor': np.float64(1.182), 'expectancy_pips': 3.4144, 'sharpe': 0.0706, 'max_drawdown_pips': 310.07, 'total_pnl_pips': 116.09, 'avg_bars_held': 3.79, 'payoff_ratio': 2.167, 'recovery_factor': 0.3744, 'tp_count': 12, 'sl_count': 22, 'timeout_count': 0, 'pnl_std': 48.3598, 'pnl_mean': 3.4144}, 'LOW_VOLATILITY': {'n_trades': 4, 'win_rate': 0.25, 'profit_factor': np.float64(0.646), 'expectancy_pips': -7.77, 'sharpe': -0.1773, 'max_drawdown_pips': 70.36, 'total_pnl_pips': -31.08, 'avg_bars_held': 4.25, 'payoff_ratio': 1.9379, 'recovery_factor': -0.4417, 'tp_count': 1, 'sl_count': 3, 'timeout_count': 0, 'pnl_std': 43.8187, 'pnl_mean': -7.77}, 'MEAN_REVERTING': {'n_trades': 12, 'win_rate': 0.1667, 'profit_factor': np.float64(0.3293), 'expectancy_pips': -13.0225, 'sharpe': -0.525, 'max_drawdown_pips': 121.2, 'total_pnl_pips': -156.27, 'avg_bars_held': 8.0, 'payoff_ratio': 1.6464, 'recovery_factor': -1.2894, 'tp_count': 2, 'sl_count': 10, 'timeout_count': 0, 'pnl_std': 24.805, 'pnl_mean': -13.0225}, 'TRENDING': {'n_trades': 101, 'win_rate': 0.3564, 'profit_factor': np.float64(1.0217), 'expectancy_pips': 0.3986, 'sharpe': 0.009, 'max_drawdown_pips': 366.86, 'total_pnl_pips': 40.26, 'avg_bars_held': 5.19, 'payoff_ratio': 1.8447, 'recovery_factor': 0.1097, 'tp_count': 36, 'sl_count': 65, 'timeout_count': 0, 'pnl_std': 44.1007, 'pnl_mean': 0.3986}}}"
EURUSD,EUR/USD,forex,TF_EMA_Slope,trend_follow,Trend follow: EMA20 slope direction + price above/below EMA20,0.8960,-0.0490,1016.5000,466,0.3627,-1.5100,1.1500,0.0650,261.6000,523,0.4168,1.6900,FAIL,0.2825,0.2499,FRAGILE,0.1540,-695.8000,2108.7000,TRENDING,0.5086,0.0773,0.3240,0.0901,"{'test': {'HIGH_VOLATILITY': {'n_trades': 151, 'win_rate': 0.4106, 'profit_factor': np.float64(1.0442), 'expectancy_pips': 0.6718, 'sharpe': 0.0197, 'max_drawdown_pips': 469.91, 'total_pnl_pips': 101.44, 'avg_bars_held': 10.17, 'payoff_ratio': 1.499, 'recovery_factor': 0.2159, 'tp_count': 61, 'sl_count': 89, 'timeout_count': 1, 'pnl_std': 34.0961, 'pnl_mean': 0.6718}, 'LOW_VOLATILITY': {'n_trades': 42, 'win_rate': 0.4524, 'profit_factor': np.float64(1.2838), 'expectancy_pips': 2.3712, 'sharpe': 0.1133, 'max_drawdown_pips': 154.43, 'total_pnl_pips': 99.59, 'avg_bars_held': 3.43, 'payoff_ratio': 1.5541, 'recovery_factor': 0.6449, 'tp_count': 19, 'sl_count': 23, 'timeout_count': 0, 'pnl_std': 20.925, 'pnl_mean': 2.3712}, 'MEAN_REVERTING': {'n_trades': 36, 'win_rate': 0.3333, 'profit_factor': np.float64(0.7969), 'expectancy_pips': -2.9461, 'sharpe': -0.1054, 'max_drawdown_pips': 190.26, 'total_pnl_pips': -106.06, 'avg_bars_held': 7.92, 'payoff_ratio': 1.5937, 'recovery_factor': -0.5574, 'tp_count': 12, 'sl_count': 24, 'timeout_count': 0, 'pnl_std': 27.9611, 'pnl_mean': -2.9461}, 'TRENDING': {'n_trades': 237, 'win_rate': 0.3207, 'profit_factor': np.float64(0.7786), 'expectancy_pips': -3.363, 'sharpe': -0.1116, 'max_drawdown_pips': 784.71, 'total_pnl_pips': -797.03, 'avg_bars_held': 8.35, 'payoff_ratio': 1.6495, 'recovery_factor': -1.0157, 'tp_count': 75, 'sl_count': 160, 'timeout_count': 2, 'pnl_std': 30.1468, 'pnl_mean': -3.363}}, 'oos': {'HIGH_VOLATILITY': {'n_trades': 140, 'win_rate': 0.45, 'profit_factor': np.float64(1.1954), 'expectancy_pips': 2.5144, 'sharpe': 0.0839, 'max_drawdown_pips': 231.62, 'total_pnl_pips': 352.02, 'avg_bars_held': 12.59, 'payoff_ratio': 1.461, 'recovery_factor': 1.5198, 'tp_count': 61, 'sl_count': 77, 'timeout_count': 2, 'pnl_std': 29.9518, 'pnl_mean': 2.5144}, 'LOW_VOLATILITY': {'n_trades': 36, 'win_rate': 0.3056, 'profit_factor': np.float64(0.6523), 'expectancy_pips': -3.3756, 'sharpe': -0.2035, 'max_drawdown_pips': 150.14, 'total_pnl_pips': -121.52, 'avg_bars_held': 4.17, 'payoff_ratio': 1.4826, 'recovery_factor': -0.8094, 'tp_count': 11, 'sl_count': 25, 'timeout_count': 0, 'pnl_std': 16.5885, 'pnl_mean': -3.3756}, 'MEAN_REVERTING': {'n_trades': 59, 'win_rate': 0.4407, 'profit_factor': np.float64(1.4027), 'expectancy_pips': 3.7236, 'sharpe': 0.1561, 'max_drawdown_pips': 110.14, 'total_pnl_pips': 219.69, 'avg_bars_held': 9.03, 'payoff_ratio': 1.7803, 'recovery_factor': 1.9946, 'tp_count': 26, 'sl_count': 33, 'timeout_count': 0, 'pnl_std': 23.8464, 'pnl_mean': 3.7236}, 'TRENDING': {'n_trades': 288, 'win_rate': 0.4097, 'profit_factor': np.float64(1.1348), 'expectancy_pips': 1.5048, 'sharpe': 0.0586, 'max_drawdown_pips': 246.87, 'total_pnl_pips': 433.38, 'avg_bars_held': 8.48, 'payoff_ratio': 1.6349, 'recovery_factor': 1.7555, 'tp_count': 118, 'sl_count': 170, 'timeout_count': 0, 'pnl_std': 25.6904, 'pnl_mean': 1.5048}}}"
PETR4,Petrobras,brazil_equity,TF_Breakout_20,trend_follow,Breakout: close > max or < min of last 20 candles,0.8480,-0.0760,583.7000,92,0.3370,-3.8800,1.3550,0.1340,765.2000,114,0.4649,7.9200,FAIL,0.5976,0.2425,FRAGILE,0.2540,-333.2000,1287.6000,TRENDING,0.6522,0.0435,0.3043,0.0000,"{'test': {'HIGH_VOLATILITY': {'n_trades': 28, 'win_rate': 0.3214, 'profit_factor': np.float64(1.0304), 'expectancy_pips': 0.8039, 'sharpe': 0.0132, 'max_drawdown_pips': 245.99, 'total_pnl_pips': 22.51, 'avg_bars_held': 8.43, 'payoff_ratio': 2.1754, 'recovery_factor': 0.0915, 'tp_count': 9, 'sl_count': 19, 'timeout_count': 0, 'pnl_std': 60.7926, 'pnl_mean': 0.8039}, 'MEAN_REVERTING': {'n_trades': 4, 'win_rate': 0.75, 'profit_factor': np.float64(6.0394), 'expectancy_pips': 36.17, 'sharpe': 0.8305, 'max_drawdown_pips': 28.71, 'total_pnl_pips': 144.68, 'avg_bars_held': 14.5, 'payoff_ratio': 2.0131, 'recovery_factor': 5.0394, 'tp_count': 3, 'sl_count': 1, 'timeout_count': 0, 'pnl_std': 43.5501, 'pnl_mean': 36.17}, 'TRENDING': {'n_trades': 60, 'win_rate': 0.3167, 'profit_factor': np.float64(0.6688), 'expectancy_pips': -8.7418, 'sharpe': -0.1895, 'max_drawdown_pips': 599.84, 'total_pnl_pips': -524.51, 'avg_bars_held': 9.23, 'payoff_ratio': 1.4431, 'recovery_factor': -0.8744, 'tp_count': 19, 'sl_count': 41, 'timeout_count': 0, 'pnl_std': 46.1308, 'pnl_mean': -8.7418}}, 'oos': {'HIGH_VOLATILITY': {'n_trades': 27, 'win_rate': 0.4815, 'profit_factor': np.float64(1.1432), 'expectancy_pips': 3.5833, 'sharpe': 0.0614, 'max_drawdown_pips': 405.74, 'total_pnl_pips': 96.75, 'avg_bars_held': 6.48, 'payoff_ratio': 1.2311, 'recovery_factor': 0.2385, 'tp_count': 13, 'sl_count': 14, 'timeout_count': 0, 'pnl_std': 58.3324, 'pnl_mean': 3.5833}, 'LOW_VOLATILITY': {'n_trades': 3, 'win_rate': 0.6667, 'profit_factor': np.float64(7.4404), 'expectancy_pips': 51.5233, 'sharpe': 0.7846, 'max_drawdown_pips': 0.0, 'total_pnl_pips': 154.57, 'avg_bars_held': 5.33, 'payoff_ratio': 3.7202, 'recovery_factor': inf, 'tp_count': 2, 'sl_count': 1, 'timeout_count': 0, 'pnl_std': 65.6702, 'pnl_mean': 51.5233}, 'MEAN_REVERTING': {'n_trades': 7, 'win_rate': 0.5714, 'profit_factor': np.float64(1.7489), 'expectancy_pips': 11.3714, 'sharpe': 0.2537, 'max_drawdown_pips': 28.82, 'total_pnl_pips': 79.6, 'avg_bars_held': 14.0, 'payoff_ratio': 1.3117, 'recovery_factor': 2.762, 'tp_count': 4, 'sl_count': 3, 'timeout_count': 0, 'pnl_std': 44.8252, 'pnl_mean': 11.3714}, 'TRENDING': {'n_trades': 77, 'win_rate': 0.4416, 'profit_factor': np.float64(1.329), 'expectancy_pips': 7.4225, 'sharpe': 0.123, 'max_drawdown_pips': 472.4, 'total_pnl_pips': 571.53, 'avg_bars_held': 7.82, 'payoff_ratio': 1.6807, 'recovery_factor': 1.2098, 'tp_count': 34, 'sl_count': 43, 'timeout_count': 0, 'pnl_std': 60.3519, 'pnl_mean': 7.4225}}}"
EURUSD,EUR/USD,forex,VOL_Range_Bkout,volatility,Enter in bias direction after ATR compression (< 0.7x mean),0.8900,-0.0510,337.6000,198,0.2828,-0.8100,1.1290,0.0520,130.6000,156,0.3077,0.7800,FAIL,0.2690,0.2421,FRAGILE,0.2520,-159.7000,655.0000,LOW_VOLATILITY,0.0000,0.0000,0.1616,0.8384,"{'test': {'HIGH_VOLATILITY': {'n_trades': 32, 'win_rate': 0.2812, 'profit_factor': np.float64(0.725), 'expectancy_pips': -2.3231, 'sharpe': -0.1434, 'max_drawdown_pips': 159.7, 'total_pnl_pips': -74.34, 'avg_bars_held': 2.62, 'payoff_ratio': 1.8529, 'recovery_factor': -0.4655, 'tp_count': 9, 'sl_count': 23, 'timeout_count': 0, 'pnl_std': 16.1989, 'pnl_mean': -2.3231}, 'LOW_VOLATILITY': {'n_trades': 166, 'win_rate': 0.2831, 'profit_factor': np.float64(0.927), 'expectancy_pips': -0.5201, 'sharpe': -0.0327, 'max_drawdown_pips': 274.74, 'total_pnl_pips': -86.34, 'avg_bars_held': 2.81, 'payoff_ratio': 2.3472, 'recovery_factor': -0.3143, 'tp_count': 47, 'sl_count': 119, 'timeout_count': 0, 'pnl_std': 15.9051, 'pnl_mean': -0.5201}}, 'oos': {'HIGH_VOLATILITY': {'n_trades': 31, 'win_rate': 0.2903, 'profit_factor': np.float64(1.3396), 'expectancy_pips': 1.949, 'sharpe': 0.1162, 'max_drawdown_pips': 67.43, 'total_pnl_pips': 60.42, 'avg_bars_held': 3.16, 'payoff_ratio': 3.2745, 'recovery_factor': 0.896, 'tp_count': 9, 'sl_count': 22, 'timeout_count': 0, 'pnl_std': 16.7748, 'pnl_mean': 1.949}, 'LOW_VOLATILITY': {'n_trades': 125, 'win_rate': 0.312, 'profit_factor': np.float64(1.0796), 'expectancy_pips': 0.4846, 'sharpe': 0.0338, 'max_drawdown_pips': 118.19, 'total_pnl_pips': 60.58, 'avg_bars_held': 2.95, 'payoff_ratio': 2.3806, 'recovery_factor': 0.5126, 'tp_count': 39, 'sl_count': 86, 'timeout_count': 0, 'pnl_std': 14.357, 'pnl_mean': 0.4846}}}"
IBOV,Ibovespa,index,TF_Momentum,trend_follow,Trend follow: 10-bar momentum > 0.5x ATR,1.0450,0.0200,8746.4000,139,0.3813,23.1600,1.0440,0.0190,25284.7000,191,0.4084,27.9600,OOS_PASS,-0.0009,0.2400,FRAGILE,0.5560,2362.1000,26946.8000,TRENDING,0.4892,0.0432,0.4532,0.0144,"{'test': {'HIGH_VOLATILITY': {'n_trades': 63, 'win_rate': 0.3492, 'profit_factor': np.float64(0.9299), 'expectancy_pips': -41.7449, 'sharpe': -0.0328, 'max_drawdown_pips': 13003.47, 'total_pnl_pips': -2629.93, 'avg_bars_held': 7.52, 'payoff_ratio': 1.7329, 'recovery_factor': -0.2022, 'tp_count': 22, 'sl_count': 41, 'timeout_count': 0, 'pnl_std': 1274.2992, 'pnl_mean': -41.7449}, 'LOW_VOLATILITY': {'n_trades': 2, 'win_rate': 0.0, 'profit_factor': np.float64(0.0), 'expectancy_pips': -704.345, 'sharpe': -6.1024, 'max_drawdown_pips': 785.96, 'total_pnl_pips': -1408.69, 'avg_bars_held': 7.5, 'payoff_ratio': 0.0, 'recovery_factor': -1.7923, 'tp_count': 0, 'sl_count': 2, 'timeout_count': 0, 'pnl_std': 115.421, 'pnl_mean': -704.345}, 'MEAN_REVERTING': {'n_trades': 6, 'win_rate': 0.6667, 'profit_factor': np.float64(4.2006), 'expectancy_pips': 711.83, 'sharpe': 0.6567, 'max_drawdown_pips': 1334.45, 'total_pnl_pips': 4270.98, 'avg_bars_held': 5.17, 'payoff_ratio': 2.1003, 'recovery_factor': 3.2006, 'tp_count': 4, 'sl_count': 2, 'timeout_count': 0, 'pnl_std': 1083.9108, 'pnl_mean': 711.83}, 'TRENDING': {'n_trades': 68, 'win_rate': 0.3971, 'profit_factor': np.float64(1.0943), 'expectancy_pips': 43.9274, 'sharpe': 0.0424, 'max_drawdown_pips': 7352.28, 'total_pnl_pips': 2987.06, 'avg_bars_held': 8.69, 'payoff_ratio': 1.6617, 'recovery_factor': 0.4063, 'tp_count': 27, 'sl_count': 41, 'timeout_count': 0, 'pnl_std': 1036.1313, 'pnl_mean': 43.9274}}, 'oos': {'HIGH_VOLATILITY': {'n_trades': 67, 'win_rate': 0.3881, 'profit_factor': np.float64(1.0718), 'expectancy_pips': 47.2612, 'sharpe': 0.0304, 'max_drawdown_pips': 11488.06, 'total_pnl_pips': 3166.5, 'avg_bars_held': 7.12, 'payoff_ratio': 1.6901, 'recovery_factor': 0.2756, 'tp_count': 26, 'sl_count': 41, 'timeout_count': 0, 'pnl_std': 1553.1444, 'pnl_mean': 47.2612}, 'LOW_VOLATILITY': {'n_trades': 7, 'win_rate': 0.7143, 'profit_factor': np.float64(3.3234), 'expectancy_pips': 526.9629, 'sharpe': 0.5595, 'max_drawdown_pips': 1031.37, 'total_pnl_pips': 3688.74, 'avg_bars_held': 5.43, 'payoff_ratio': 1.3294, 'recovery_factor': 3.5765, 'tp_count': 5, 'sl_count': 2, 'timeout_count': 0, 'pnl_std': 941.7965, 'pnl_mean': 526.9629}, 'MEAN_REVERTING': {'n_trades': 3, 'win_rate': 0.6667, 'profit_factor': np.float64(1.2848), 'expectancy_pips': 187.8367, 'sharpe': 0.1, 'max_drawdown_pips': 1978.67, 'total_pnl_pips': 563.51, 'avg_bars_held': 11.67, 'payoff_ratio': 0.6424, 'recovery_factor': 0.2848, 'tp_count': 2, 'sl_count': 1, 'timeout_count': 0, 'pnl_std': 1877.9047, 'pnl_mean': 187.8367}, 'TRENDING': {'n_trades': 114, 'win_rate': 0.3947, 'profit_factor': np.float64(0.9719), 'expectancy_pips': -18.2284, 'sharpe': -0.0128, 'max_drawdown_pips': 13695.41, 'total_pnl_pips': -2078.04, 'avg_bars_held': 6.93, 'payoff_ratio': 1.4902, 'recovery_factor': -0.1517, 'tp_count': 45, 'sl_count': 69, 'timeout_count': 0, 'pnl_std': 1422.499, 'pnl_mean': -18.2284}}}"
GOLD,Gold Futures,commodity,MR_BB_Stretch,mean_reversion,MR entry when price > 2.0 ATR from EMA50,0.9270,-0.0320,3460.2000,410,0.3244,-4.6800,1.0120,0.0040,6371.8000,485,0.3010,1.4600,FAIL,0.0913,0.2389,FRAGILE,0.2360,-2073.5000,8074.5000,TRENDING,0.5244,0.0537,0.3732,0.0488,"{'test': {'HIGH_VOLATILITY': {'n_trades': 153, 'win_rate': 0.3399, 'profit_factor': np.float64(1.0282), 'expectancy_pips': 1.8937, 'sharpe': 0.0116, 'max_drawdown_pips': 1927.17, 'total_pnl_pips': 289.74, 'avg_bars_held': 4.9, 'payoff_ratio': 1.9971, 'recovery_factor': 0.1503, 'tp_count': 52, 'sl_count': 101, 'timeout_count': 0, 'pnl_std': 162.9005, 'pnl_mean': 1.8937}, 'LOW_VOLATILITY': {'n_trades': 20, 'win_rate': 0.5, 'profit_factor': np.float64(1.7696), 'expectancy_pips': 22.9065, 'sharpe': 0.2571, 'max_drawdown_pips': 191.28, 'total_pnl_pips': 458.13, 'avg_bars_held': 2.2, 'payoff_ratio': 1.7696, 'recovery_factor': 2.3951, 'tp_count': 10, 'sl_count': 10, 'timeout_count': 0, 'pnl_std': 89.0896, 'pnl_mean': 22.9065}, 'MEAN_REVERTING': {'n_trades': 22, 'win_rate': 0.3182, 'profit_factor': np.float64(1.0111), 'expectancy_pips': 0.9323, 'sharpe': 0.0044, 'max_drawdown_pips': 857.21, 'total_pnl_pips': 20.51, 'avg_bars_held': 4.73, 'payoff_ratio': 2.1666, 'recovery_factor': 0.0239, 'tp_count': 7, 'sl_count': 15, 'timeout_count': 0, 'pnl_std': 211.1792, 'pnl_mean': 0.9323}, 'TRENDING': {'n_trades': 215, 'win_rate': 0.2977, 'profit_factor': np.float64(0.802), 'expectancy_pips': -12.4988, 'sharpe': -0.0944, 'max_drawdown_pips': 4606.13, 'total_pnl_pips': -2687.24, 'avg_bars_held': 5.09, 'payoff_ratio': 1.8922, 'recovery_factor': -0.5834, 'tp_count': 62, 'sl_count': 151, 'timeout_count': 2, 'pnl_std': 132.3635, 'pnl_mean': -12.4988}}, 'oos': {'HIGH_VOLATILITY': {'n_trades': 187, 'win_rate': 0.2781, 'profit_factor': np.float64(0.9083), 'expectancy_pips': -13.1054, 'sharpe': -0.0346, 'max_drawdown_pips': 4470.57, 'total_pnl_pips': -2450.71, 'avg_bars_held': 5.02, 'payoff_ratio': 2.3581, 'recovery_factor': -0.5482, 'tp_count': 52, 'sl_count': 135, 'timeout_count': 0, 'pnl_std': 379.2846, 'pnl_mean': -13.1054}, 'LOW_VOLATILITY': {'n_trades': 28, 'win_rate': 0.25, 'profit_factor': np.float64(1.1853), 'expectancy_pips': 19.0861, 'sharpe': 0.0497, 'max_drawdown_pips': 1461.29, 'total_pnl_pips': 534.41, 'avg_bars_held': 3.93, 'payoff_ratio': 3.556, 'recovery_factor': 0.3657, 'tp_count': 7, 'sl_count': 21, 'timeout_count': 0, 'pnl_std': 383.9969, 'pnl_mean': 19.0861}, 'MEAN_REVERTING': {'n_trades': 14, 'win_rate': 0.3571, 'profit_factor': np.float64(1.205), 'expectancy_pips': 21.1436, 'sharpe': 0.0691, 'max_drawdown_pips': 1117.29, 'total_pnl_pips': 296.01, 'avg_bars_held': 5.79, 'payoff_ratio': 2.1689, 'recovery_factor': 0.2649, 'tp_count': 5, 'sl_count': 9, 'timeout_count': 0, 'pnl_std': 305.8984, 'pnl_mean': 21.1436}, 'TRENDING': {'n_trades': 256, 'win_rate': 0.3203, 'profit_factor': np.float64(1.077), 'expectancy_pips': 9.0995, 'sharpe': 0.0287, 'max_drawdown_pips': 3387.21, 'total_pnl_pips': 2329.47, 'avg_bars_held': 4.81, 'payoff_ratio': 2.2854, 'recovery_factor': 0.6877, 'tp_count': 82, 'sl_count': 173, 'timeout_count': 1, 'pnl_std': 316.5908, 'pnl_mean': 9.0995}}}"
NASDAQ,NASDAQ Futures,index,MR_RSI_Exhaust,mean_reversion,MR entry at RSI < 30 (buy) or RSI > 70 (sell),0.9120,-0.0360,3429.8000,390,0.3205,-4.5000,1.0220,0.0090,1521.8000,468,0.3419,1.0200,FAIL,0.1202,0.2357,FRAGILE,0.2200,-1846.7000,6549.7000,TRENDING,0.4615,0.0462,0.3513,0.1410,"{'test': {'HIGH_VOLATILITY': {'n_trades': 137, 'win_rate': 0.3431, 'profit_factor': np.float64(1.0056), 'expectancy_pips': 0.3064, 'sharpe': 0.0021, 'max_drawdown_pips': 1735.93, 'total_pnl_pips': 41.97, 'avg_bars_held': 5.28, 'payoff_ratio': 1.9255, 'recovery_factor': 0.0242, 'tp_count': 46, 'sl_count': 90, 'timeout_count': 1, 'pnl_std': 148.819, 'pnl_mean': 0.3064}, 'LOW_VOLATILITY': {'n_trades': 55, 'win_rate': 0.3091, 'profit_factor': np.float64(0.9416), 'expectancy_pips': -1.9749, 'sharpe': -0.0257, 'max_drawdown_pips': 654.59, 'total_pnl_pips': -108.62, 'avg_bars_held': 2.02, 'payoff_ratio': 2.1048, 'recovery_factor': -0.1659, 'tp_count': 17, 'sl_count': 38, 'timeout_count': 0, 'pnl_std': 76.7153, 'pnl_mean': -1.9749}, 'MEAN_REVERTING': {'n_trades': 18, 'win_rate': 0.3333, 'profit_factor': np.float64(1.309), 'expectancy_pips': 16.9844, 'sharpe': 0.0947, 'max_drawdown_pips': 515.07, 'total_pnl_pips': 305.72, 'avg_bars_held': 4.78, 'payoff_ratio': 2.618, 'recovery_factor': 0.5936, 'tp_count': 6, 'sl_count': 12, 'timeout_count': 0, 'pnl_std': 179.3518, 'pnl_mean': 16.9844}, 'TRENDING': {'n_trades': 180, 'win_rate': 0.3056, 'profit_factor': np.float64(0.7906), 'expectancy_pips': -11.0748, 'sharpe': -0.0995, 'max_drawdown_pips': 3223.27, 'total_pnl_pips': -1993.47, 'avg_bars_held': 5.42, 'payoff_ratio': 1.7969, 'recovery_factor': -0.6185, 'tp_count': 55, 'sl_count': 125, 'timeout_count': 0, 'pnl_std': 111.2681, 'pnl_mean': -11.0748}}, 'oos': {'HIGH_VOLATILITY': {'n_trades': 169, 'win_rate': 0.3254, 'profit_factor': np.float64(0.8433), 'expectancy_pips': -8.5585, 'sharpe': -0.073, 'max_drawdown_pips': 2275.78, 'total_pnl_pips': -1446.38, 'avg_bars_held': 5.17, 'payoff_ratio': 1.7479, 'recovery_factor': -0.6356, 'tp_count': 55, 'sl_count': 114, 'timeout_count': 0, 'pnl_std': 117.2565, 'pnl_mean': -8.5585}, 'LOW_VOLATILITY': {'n_trades': 66, 'win_rate': 0.3485, 'profit_factor': np.float64(0.9059), 'expectancy_pips': -3.1942, 'sharpe': -0.0451, 'max_drawdown_pips': 834.03, 'total_pnl_pips': -210.82, 'avg_bars_held': 2.68, 'payoff_ratio': 1.6936, 'recovery_factor': -0.2528, 'tp_count': 23, 'sl_count': 43, 'timeout_count': 0, 'pnl_std': 70.8003, 'pnl_mean': -3.1942}, 'MEAN_REVERTING': {'n_trades': 22, 'win_rate': 0.3636, 'profit_factor': np.float64(0.9386), 'expectancy_pips': -3.6195, 'sharpe': -0.029, 'max_drawdown_pips': 487.77, 'total_pnl_pips': -79.63, 'avg_bars_held': 7.68, 'payoff_ratio': 1.6425, 'recovery_factor': -0.1633, 'tp_count': 8, 'sl_count': 14, 'timeout_count': 0, 'pnl_std': 124.7074, 'pnl_mean': -3.6195}, 'TRENDING': {'n_trades': 211, 'win_rate': 0.3507, 'profit_factor': np.float64(1.2367), 'expectancy_pips': 10.4886, 'sharpe': 0.088, 'max_drawdown_pips': 711.55, 'total_pnl_pips': 2213.1, 'avg_bars_held': 5.5, 'payoff_ratio': 2.2896, 'recovery_factor': 3.1103, 'tp_count': 73, 'sl_count': 137, 'timeout_count': 1, 'pnl_std': 119.2506, 'pnl_mean': 10.4886}}}"
EURUSD,EUR/USD,forex,VOL_ATR_Expand,volatility,Enter in bias direction when ATR > 1.5x rolling mean,1.0760,0.0320,240.1000,60,0.3333,0.9500,0.8450,-0.0770,214.7000,48,0.3333,-1.9100,DEGRADED,-0.2142,0.2340,FRAGILE,0.5440,26.4000,439.7000,HIGH_VOLATILITY,0.0000,0.0000,1.0000,0.0000,"{'test': {'HIGH_VOLATILITY': {'n_trades': 60, 'win_rate': 0.3333, 'profit_factor': np.float64(1.0757), 'expectancy_pips': 0.9497, 'sharpe': 0.032, 'max_drawdown_pips': 240.11, 'total_pnl_pips': 56.98, 'avg_bars_held': 7.73, 'payoff_ratio': 2.1514, 'recovery_factor': 0.2373, 'tp_count': 18, 'sl_count': 39, 'timeout_count': 3, 'pnl_std': 29.673, 'pnl_mean': 0.9497}}, 'oos': {'HIGH_VOLATILITY': {'n_trades': 48, 'win_rate': 0.3333, 'profit_factor': np.float64(0.8453), 'expectancy_pips': -1.9069, 'sharpe': -0.0774, 'max_drawdown_pips': 214.65, 'total_pnl_pips': -91.53, 'avg_bars_held': 8.12, 'payoff_ratio': 1.6905, 'recovery_factor': -0.4264, 'tp_count': 15, 'sl_count': 31, 'timeout_count': 2, 'pnl_std': 24.6462, 'pnl_mean': -1.9069}}}"
PETR4,Petrobras,brazil_equity,MR_BB_Stretch,mean_reversion,MR entry when price > 2.0 ATR from EMA50,0.8240,-0.0870,745.5000,136,0.3162,-3.3400,0.8910,-0.0490,1079.9000,176,0.3125,-2.1000,FAIL,0.0821,0.2297,FRAGILE,0.1900,-420.9000,1314.7000,TRENDING,0.6471,0.0735,0.2647,0.0147,"{'test': {'HIGH_VOLATILITY': {'n_trades': 36, 'win_rate': 0.3611, 'profit_factor': np.float64(0.8681), 'expectancy_pips': -2.8214, 'sharpe': -0.0657, 'max_drawdown_pips': 340.14, 'total_pnl_pips': -101.57, 'avg_bars_held': 6.42, 'payoff_ratio': 1.5359, 'recovery_factor': -0.2986, 'tp_count': 13, 'sl_count': 23, 'timeout_count': 0, 'pnl_std': 42.9508, 'pnl_mean': -2.8214}, 'LOW_VOLATILITY': {'n_trades': 2, 'win_rate': 0.5, 'profit_factor': np.float64(1.0397), 'expectancy_pips': 0.715, 'sharpe': 0.0138, 'max_drawdown_pips': 36.0, 'total_pnl_pips': 1.43, 'avg_bars_held': 7.0, 'payoff_ratio': 1.0397, 'recovery_factor': 0.0397, 'tp_count': 1, 'sl_count': 1, 'timeout_count': 0, 'pnl_std': 51.9229, 'pnl_mean': 0.715}, 'MEAN_REVERTING': {'n_trades': 10, 'win_rate': 0.0, 'profit_factor': np.float64(0.0), 'expectancy_pips': -23.721, 'sharpe': -3.59, 'max_drawdown_pips': 219.21, 'total_pnl_pips': -237.21, 'avg_bars_held': 5.7, 'payoff_ratio': 0.0, 'recovery_factor': -1.0821, 'tp_count': 0, 'sl_count': 10, 'timeout_count': 0, 'pnl_std': 6.6076, 'pnl_mean': -23.721}, 'TRENDING': {'n_trades': 88, 'win_rate': 0.3295, 'profit_factor': np.float64(0.9238), 'expectancy_pips': -1.3294, 'sharpe': -0.035, 'max_drawdown_pips': 330.65, 'total_pnl_pips': -116.99, 'avg_bars_held': 4.76, 'payoff_ratio': 1.8794, 'recovery_factor': -0.3538, 'tp_count': 29, 'sl_count': 59, 'timeout_count': 0, 'pnl_std': 38.0288, 'pnl_mean': -1.3294}}, 'oos': {'HIGH_VOLATILITY': {'n_trades': 45, 'win_rate': 0.4, 'profit_factor': np.float64(1.2634), 'expectancy_pips': 4.572, 'sharpe': 0.1015, 'max_drawdown_pips': 298.36, 'total_pnl_pips': 205.74, 'avg_bars_held': 3.89, 'payoff_ratio': 1.8951, 'recovery_factor': 0.6896, 'tp_count': 18, 'sl_count': 27, 'timeout_count': 0, 'pnl_std': 45.0232, 'pnl_mean': 4.572}, 'LOW_VOLATILITY': {'n_trades': 4, 'win_rate': 0.0, 'profit_factor': np.float64(0.0), 'expectancy_pips': -30.2525, 'sharpe': -2.9034, 'max_drawdown_pips': 106.22, 'total_pnl_pips': -121.01, 'avg_bars_held': 2.0, 'payoff_ratio': 0.0, 'recovery_factor': -1.1392, 'tp_count': 0, 'sl_count': 4, 'timeout_count': 0, 'pnl_std': 10.4198, 'pnl_mean': -30.2525}, 'MEAN_REVERTING': {'n_trades': 11, 'win_rate': 0.0909, 'profit_factor': np.float64(0.1758), 'expectancy_pips': -16.3827, 'sharpe': -0.8521, 'max_drawdown_pips': 145.14, 'total_pnl_pips': -180.21, 'avg_bars_held': 5.73, 'payoff_ratio': 1.7577, 'recovery_factor': -1.2416, 'tp_count': 1, 'sl_count': 10, 'timeout_count': 0, 'pnl_std': 19.2266, 'pnl_mean': -16.3827}, 'TRENDING': {'n_trades': 116, 'win_rate': 0.3103, 'profit_factor': np.float64(0.8799), 'expectancy_pips': -2.3595, 'sharpe': -0.0534, 'max_drawdown_pips': 958.78, 'total_pnl_pips': -273.7, 'avg_bars_held': 5.55, 'payoff_ratio': 1.9554, 'recovery_factor': -0.2855, 'tp_count': 36, 'sl_count': 80, 'timeout_count': 0, 'pnl_std': 44.1491, 'pnl_mean': -2.3595}}}"
GOLD,Gold Futures,commodity,MR_RSI_Exhaust,mean_reversion,MR entry at RSI < 30 (buy) or RSI > 70 (sell),0.8310,-0.0730,5572.8000,372,0.2903,-12.2300,1.0750,0.0270,5922.9000,457,0.3326,9.6600,FAIL,0.2935,0.2046,FRAGILE,0.0720,-4616.9000,10803.4000,TRENDING,0.5296,0.0699,0.3118,0.0887,"{'test': {'HIGH_VOLATILITY': {'n_trades': 116, 'win_rate': 0.319, 'profit_factor': np.float64(0.9962), 'expectancy_pips': -0.2966, 'sharpe': -0.0015, 'max_drawdown_pips': 1766.57, 'total_pnl_pips': -34.4, 'avg_bars_held': 5.09, 'payoff_ratio': 2.127, 'recovery_factor': -0.0195, 'tp_count': 37, 'sl_count': 79, 'timeout_count': 0, 'pnl_std': 194.0481, 'pnl_mean': -0.2966}, 'LOW_VOLATILITY': {'n_trades': 33, 'win_rate': 0.2727, 'profit_factor': np.float64(0.6696), 'expectancy_pips': -14.0742, 'sharpe': -0.1794, 'max_drawdown_pips': 481.59, 'total_pnl_pips': -464.45, 'avg_bars_held': 2.15, 'payoff_ratio': 1.7856, 'recovery_factor': -0.9644, 'tp_count': 9, 'sl_count': 24, 'timeout_count': 0, 'pnl_std': 78.4481, 'pnl_mean': -14.0742}, 'MEAN_REVERTING': {'n_trades': 26, 'win_rate': 0.3846, 'profit_factor': np.float64(1.205), 'expectancy_pips': 16.6404, 'sharpe': 0.0766, 'max_drawdown_pips': 671.85, 'total_pnl_pips': 432.65, 'avg_bars_held': 5.77, 'payoff_ratio': 1.928, 'recovery_factor': 0.644, 'tp_count': 10, 'sl_count': 16, 'timeout_count': 0, 'pnl_std': 217.1159, 'pnl_mean': 16.6404}, 'TRENDING': {'n_trades': 197, 'win_rate': 0.264, 'profit_factor': np.float64(0.6904), 'expectancy_pips': -22.7677, 'sharpe': -0.1467, 'max_drawdown_pips': 5462.34, 'total_pnl_pips': -4485.23, 'avg_bars_held': 6.06, 'payoff_ratio': 1.9251, 'recovery_factor': -0.8211, 'tp_count': 51, 'sl_count': 144, 'timeout_count': 2, 'pnl_std': 155.2321, 'pnl_mean': -22.7677}}, 'oos': {'HIGH_VOLATILITY': {'n_trades': 152, 'win_rate': 0.3224, 'profit_factor': np.float64(0.9681), 'expectancy_pips': -4.8414, 'sharpe': -0.0118, 'max_drawdown_pips': 3977.37, 'total_pnl_pips': -735.89, 'avg_bars_held': 5.42, 'payoff_ratio': 2.0351, 'recovery_factor': -0.185, 'tp_count': 49, 'sl_count': 103, 'timeout_count': 0, 'pnl_std': 411.3455, 'pnl_mean': -4.8414}, 'LOW_VOLATILITY': {'n_trades': 31, 'win_rate': 0.3226, 'profit_factor': np.float64(0.8655), 'expectancy_pips': -15.4203, 'sharpe': -0.0571, 'max_drawdown_pips': 2180.81, 'total_pnl_pips': -478.03, 'avg_bars_held': 4.45, 'payoff_ratio': 1.8175, 'recovery_factor': -0.2192, 'tp_count': 10, 'sl_count': 21, 'timeout_count': 0, 'pnl_std': 270.2164, 'pnl_mean': -15.4203}, 'MEAN_REVERTING': {'n_trades': 20, 'win_rate': 0.35, 'profit_factor': np.float64(1.0961), 'expectancy_pips': 11.376, 'sharpe': 0.035, 'max_drawdown_pips': 1388.14, 'total_pnl_pips': 227.52, 'avg_bars_held': 5.35, 'payoff_ratio': 2.0356, 'recovery_factor': 0.1639, 'tp_count': 7, 'sl_count': 13, 'timeout_count': 0, 'pnl_std': 325.186, 'pnl_mean': 11.376}, 'TRENDING': {'n_trades': 254, 'win_rate': 0.3386, 'profit_factor': np.float64(1.1828), 'expectancy_pips': 21.2674, 'sharpe': 0.0647, 'max_drawdown_pips': 3360.92, 'total_pnl_pips': 5401.91, 'avg_bars_held': 5.08, 'payoff_ratio': 2.3105, 'recovery_factor': 1.6073, 'tp_count': 86, 'sl_count': 167, 'timeout_count': 1, 'pnl_std': 328.9293, 'pnl_mean': 21.2674}}}"
GOLD,Gold Futures,commodity,VOL_Range_Bkout,volatility,Enter in bias direction after ATR compression (< 0.7x mean),0.6170,-0.2060,2111.5000,87,0.2644,-21.7900,1.2070,0.0720,2289.9000,75,0.3600,21.2400,FAIL,0.9567,0.1953,FRAGILE,0.0180,-1868.8000,3604.6000,LOW_VOLATILITY,0.0000,0.0000,0.4023,0.5977,"{'test': {'HIGH_VOLATILITY': {'n_trades': 35, 'win_rate': 0.2, 'profit_factor': np.float64(0.3211), 'expectancy_pips': -47.8029, 'sharpe': -0.5283, 'max_drawdown_pips': 1798.99, 'total_pnl_pips': -1673.1, 'avg_bars_held': 2.14, 'payoff_ratio': 1.2845, 'recovery_factor': -0.93, 'tp_count': 7, 'sl_count': 28, 'timeout_count': 0, 'pnl_std': 90.4847, 'pnl_mean': -47.8029}, 'LOW_VOLATILITY': {'n_trades': 52, 'win_rate': 0.3077, 'profit_factor': np.float64(0.9103), 'expectancy_pips': -4.2881, 'sharpe': -0.0383, 'max_drawdown_pips': 597.79, 'total_pnl_pips': -222.98, 'avg_bars_held': 4.02, 'payoff_ratio': 2.0482, 'recovery_factor': -0.373, 'tp_count': 16, 'sl_count': 36, 'timeout_count': 0, 'pnl_std': 112.1001, 'pnl_mean': -4.2881}}, 'oos': {'HIGH_VOLATILITY': {'n_trades': 25, 'win_rate': 0.32, 'profit_factor': np.float64(0.8319), 'expectancy_pips': -17.9288, 'sharpe': -0.0727, 'max_drawdown_pips': 952.6, 'total_pnl_pips': -448.22, 'avg_bars_held': 3.6, 'payoff_ratio': 1.7679, 'recovery_factor': -0.4705, 'tp_count': 8, 'sl_count': 17, 'timeout_count': 0, 'pnl_std': 246.5742, 'pnl_mean': -17.9288}, 'LOW_VOLATILITY': {'n_trades': 50, 'win_rate': 0.38, 'profit_factor': np.float64(1.4067), 'expectancy_pips': 40.8312, 'sharpe': 0.1293, 'max_drawdown_pips': 1587.22, 'total_pnl_pips': 2041.56, 'avg_bars_held': 5.22, 'payoff_ratio': 2.2951, 'recovery_factor': 1.2862, 'tp_count': 19, 'sl_count': 31, 'timeout_count': 0, 'pnl_std': 315.7588, 'pnl_mean': 40.8312}}}"
GOLD,Gold Futures,commodity,MR_EMA_Dist,mean_reversion,MR entry when price > 1.5 ATR from EMA50,0.8550,-0.0660,6576.9000,491,0.3198,-9.7300,0.9920,-0.0030,8964.4000,578,0.3062,-0.9800,FAIL,0.1602,0.1916,FRAGILE,0.0780,-4683.1000,11275.8000,TRENDING,0.5642,0.0530,0.3503,0.0326,"{'test': {'HIGH_VOLATILITY': {'n_trades': 172, 'win_rate': 0.3372, 'profit_factor': np.float64(1.0047), 'expectancy_pips': 0.3095, 'sharpe': 0.0019, 'max_drawdown_pips': 2493.89, 'total_pnl_pips': 53.24, 'avg_bars_held': 5.21, 'payoff_ratio': 1.9747, 'recovery_factor': 0.0213, 'tp_count': 58, 'sl_count': 114, 'timeout_count': 0, 'pnl_std': 159.0148, 'pnl_mean': 0.3095}, 'LOW_VOLATILITY': {'n_trades': 16, 'win_rate': 0.375, 'profit_factor': np.float64(1.09), 'expectancy_pips': 3.4594, 'sharpe': 0.0377, 'max_drawdown_pips': 219.5, 'total_pnl_pips': 55.35, 'avg_bars_held': 2.25, 'payoff_ratio': 1.8166, 'recovery_factor': 0.2522, 'tp_count': 6, 'sl_count': 10, 'timeout_count': 0, 'pnl_std': 91.8769, 'pnl_mean': 3.4594}, 'MEAN_REVERTING': {'n_trades': 26, 'win_rate': 0.4231, 'profit_factor': np.float64(1.2965), 'expectancy_pips': 23.0031, 'sharpe': 0.1075, 'max_drawdown_pips': 857.21, 'total_pnl_pips': 598.08, 'avg_bars_held': 4.96, 'payoff_ratio': 1.768, 'recovery_factor': 0.6977, 'tp_count': 11, 'sl_count': 15, 'timeout_count': 0, 'pnl_std': 214.0629, 'pnl_mean': 23.0031}, 'TRENDING': {'n_trades': 277, 'win_rate': 0.296, 'profit_factor': np.float64(0.7117), 'expectancy_pips': -19.7924, 'sharpe': -0.1455, 'max_drawdown_pips': 6061.05, 'total_pnl_pips': -5482.49, 'avg_bars_held': 5.24, 'payoff_ratio': 1.6924, 'recovery_factor': -0.9045, 'tp_count': 79, 'sl_count': 195, 'timeout_count': 3, 'pnl_std': 136.0367, 'pnl_mean': -19.7924}}, 'oos': {'HIGH_VOLATILITY': {'n_trades': 221, 'win_rate': 0.3077, 'profit_factor': np.float64(0.9742), 'expectancy_pips': -3.7005, 'sharpe': -0.0095, 'max_drawdown_pips': 6342.3, 'total_pnl_pips': -817.8, 'avg_bars_held': 5.37, 'payoff_ratio': 2.1919, 'recovery_factor': -0.1289, 'tp_count': 68, 'sl_count': 152, 'timeout_count': 1, 'pnl_std': 391.1472, 'pnl_mean': -3.7005}, 'LOW_VOLATILITY': {'n_trades': 33, 'win_rate': 0.2121, 'profit_factor': np.float64(0.397), 'expectancy_pips': -69.1455, 'sharpe': -0.3915, 'max_drawdown_pips': 2386.37, 'total_pnl_pips': -2281.8, 'avg_bars_held': 3.21, 'payoff_ratio': 1.4745, 'recovery_factor': -0.9562, 'tp_count': 7, 'sl_count': 26, 'timeout_count': 0, 'pnl_std': 176.6039, 'pnl_mean': -69.1455}, 'MEAN_REVERTING': {'n_trades': 17, 'win_rate': 0.3529, 'profit_factor': np.float64(1.01), 'expectancy_pips': 1.2365, 'sharpe': 0.0039, 'max_drawdown_pips': 1388.14, 'total_pnl_pips': 21.02, 'avg_bars_held': 5.18, 'payoff_ratio': 1.8517, 'recovery_factor': 0.0151, 'tp_count': 6, 'sl_count': 11, 'timeout_count': 0, 'pnl_std': 319.8969, 'pnl_mean': 1.2365}, 'TRENDING': {'n_trades': 307, 'win_rate': 0.3127, 'profit_factor': np.float64(1.0673), 'expectancy_pips': 8.183, 'sharpe': 0.0247, 'max_drawdown_pips': 4668.31, 'total_pnl_pips': 2512.17, 'avg_bars_held': 5.42, 'payoff_ratio': 2.3459, 'recovery_factor': 0.5381, 'tp_count': 96, 'sl_count': 210, 'timeout_count': 1, 'pnl_std': 331.8283, 'pnl_mean': 8.183}}}"
EURUSD,EUR/USD,forex,TF_Momentum,trend_follow,Trend follow: 10-bar momentum > 0.5x ATR,0.8060,-0.0960,1460.8000,475,0.3347,-2.8700,1.0680,0.0310,386.3000,549,0.3989,0.8000,FAIL,0.3257,0.1718,FRAGILE,0.0140,-1403.2000,2603.9000,TRENDING,0.5305,0.0716,0.3032,0.0947,"{'test': {'HIGH_VOLATILITY': {'n_trades': 144, 'win_rate': 0.3333, 'profit_factor': np.float64(0.7469), 'expectancy_pips': -4.2151, 'sharpe': -0.1317, 'max_drawdown_pips': 863.26, 'total_pnl_pips': -606.97, 'avg_bars_held': 10.96, 'payoff_ratio': 1.4938, 'recovery_factor': -0.7031, 'tp_count': 47, 'sl_count': 96, 'timeout_count': 1, 'pnl_std': 32.0129, 'pnl_mean': -4.2151}, 'LOW_VOLATILITY': {'n_trades': 45, 'win_rate': 0.4222, 'profit_factor': np.float64(1.3677), 'expectancy_pips': 2.8889, 'sharpe': 0.1362, 'max_drawdown_pips': 87.91, 'total_pnl_pips': 130.0, 'avg_bars_held': 2.91, 'payoff_ratio': 1.8715, 'recovery_factor': 1.4788, 'tp_count': 19, 'sl_count': 26, 'timeout_count': 0, 'pnl_std': 21.2136, 'pnl_mean': 2.8889}, 'MEAN_REVERTING': {'n_trades': 34, 'win_rate': 0.3235, 'profit_factor': np.float64(0.752), 'expectancy_pips': -3.4406, 'sharpe': -0.1341, 'max_drawdown_pips': 190.4, 'total_pnl_pips': -116.98, 'avg_bars_held': 8.56, 'payoff_ratio': 1.5723, 'recovery_factor': -0.6144, 'tp_count': 11, 'sl_count': 23, 'timeout_count': 0, 'pnl_std': 25.6625, 'pnl_mean': -3.4406}, 'TRENDING': {'n_trades': 252, 'win_rate': 0.3214, 'profit_factor': np.float64(0.7975), 'expectancy_pips': -3.0614, 'sharpe': -0.0994, 'max_drawdown_pips': 785.47, 'total_pnl_pips': -771.47, 'avg_bars_held': 7.91, 'payoff_ratio': 1.6836, 'recovery_factor': -0.9822, 'tp_count': 81, 'sl_count': 170, 'timeout_count': 1, 'pnl_std': 30.8087, 'pnl_mean': -3.0614}}, 'oos': {'HIGH_VOLATILITY': {'n_trades': 146, 'win_rate': 0.4315, 'profit_factor': np.float64(1.0845), 'expectancy_pips': 1.1401, 'sharpe': 0.0383, 'max_drawdown_pips': 395.11, 'total_pnl_pips': 166.45, 'avg_bars_held': 12.7, 'payoff_ratio': 1.4288, 'recovery_factor': 0.4213, 'tp_count': 61, 'sl_count': 83, 'timeout_count': 2, 'pnl_std': 29.7554, 'pnl_mean': 1.1401}, 'LOW_VOLATILITY': {'n_trades': 28, 'win_rate': 0.25, 'profit_factor': np.float64(0.4962), 'expectancy_pips': -5.9025, 'sharpe': -0.3378, 'max_drawdown_pips': 148.42, 'total_pnl_pips': -165.27, 'avg_bars_held': 3.86, 'payoff_ratio': 1.4887, 'recovery_factor': -1.1135, 'tp_count': 7, 'sl_count': 21, 'timeout_count': 0, 'pnl_std': 17.4727, 'pnl_mean': -5.9025}, 'MEAN_REVERTING': {'n_trades': 74, 'win_rate': 0.4054, 'profit_factor': np.float64(1.1726), 'expectancy_pips': 1.7568, 'sharpe': 0.0741, 'max_drawdown_pips': 195.45, 'total_pnl_pips': 130.0, 'avg_bars_held': 7.27, 'payoff_ratio': 1.7198, 'recovery_factor': 0.6651, 'tp_count': 30, 'sl_count': 44, 'timeout_count': 0, 'pnl_std': 23.7054, 'pnl_mean': 1.7568}, 'TRENDING': {'n_trades': 301, 'win_rate': 0.3953, 'profit_factor': np.float64(1.0916), 'expectancy_pips': 1.0148, 'sharpe': 0.0406, 'max_drawdown_pips': 264.66, 'total_pnl_pips': 305.45, 'avg_bars_held': 8.11, 'payoff_ratio': 1.6695, 'recovery_factor': 1.1541, 'tp_count': 119, 'sl_count': 182, 'timeout_count': 0, 'pnl_std': 24.9832, 'pnl_mean': 1.0148}}}"
NASDAQ,NASDAQ Futures,index,TF_Breakout_20,trend_follow,Breakout: close > max or < min of last 20 candles,0.9560,-0.0190,2116.1000,322,0.3820,-3.1300,1.0340,0.0150,3131.5000,379,0.3905,2.2600,FAIL,0.0821,0.1602,FRAGILE,0.4260,-699.3000,7131.5000,HIGH_VOLATILITY,0.4317,0.0155,0.4441,0.1087,"{'test': {'HIGH_VOLATILITY': {'n_trades': 143, 'win_rate': 0.3636, 'profit_factor': np.float64(0.9114), 'expectancy_pips': -7.0867, 'sharpe': -0.0395, 'max_drawdown_pips': 1836.28, 'total_pnl_pips': -1013.4, 'avg_bars_held': 8.06, 'payoff_ratio': 1.595, 'recovery_factor': -0.5519, 'tp_count': 52, 'sl_count': 91, 'timeout_count': 0, 'pnl_std': 179.425, 'pnl_mean': -7.0867}, 'LOW_VOLATILITY': {'n_trades': 35, 'win_rate': 0.4286, 'profit_factor': np.float64(1.3552), 'expectancy_pips': 14.0754, 'sharpe': 0.1208, 'max_drawdown_pips': 385.8, 'total_pnl_pips': 492.64, 'avg_bars_held': 2.86, 'payoff_ratio': 1.807, 'recovery_factor': 1.2769, 'tp_count': 15, 'sl_count': 20, 'timeout_count': 0, 'pnl_std': 116.5177, 'pnl_mean': 14.0754}, 'MEAN_REVERTING': {'n_trades': 5, 'win_rate': 0.8, 'profit_factor': np.float64(1.5023), 'expectancy_pips': 41.742, 'sharpe': 0.1603, 'max_drawdown_pips': 415.53, 'total_pnl_pips': 208.71, 'avg_bars_held': 13.0, 'payoff_ratio': 0.3756, 'recovery_factor': 0.5023, 'tp_count': 4, 'sl_count': 1, 'timeout_count': 0, 'pnl_std': 260.3303, 'pnl_mean': 41.742}, 'TRENDING': {'n_trades': 139, 'win_rate': 0.3741, 'profit_factor': np.float64(0.9266), 'expectancy_pips': -5.0164, 'sharpe': -0.0316, 'max_drawdown_pips': 1259.95, 'total_pnl_pips': -697.28, 'avg_bars_held': 9.24, 'payoff_ratio': 1.5503, 'recovery_factor': -0.5534, 'tp_count': 51, 'sl_count': 87, 'timeout_count': 1, 'pnl_std': 158.6669, 'pnl_mean': -5.0164}}, 'oos': {'HIGH_VOLATILITY': {'n_trades': 152, 'win_rate': 0.3882, 'profit_factor': np.float64(1.0234), 'expectancy_pips': 1.6669, 'sharpe': 0.0099, 'max_drawdown_pips': 2138.16, 'total_pnl_pips': 253.37, 'avg_bars_held': 8.3, 'payoff_ratio': 1.6131, 'recovery_factor': 0.1185, 'tp_count': 57, 'sl_count': 93, 'timeout_count': 2, 'pnl_std': 168.291, 'pnl_mean': 1.6669}, 'LOW_VOLATILITY': {'n_trades': 45, 'win_rate': 0.3556, 'profit_factor': np.float64(1.0578), 'expectancy_pips': 2.486, 'sharpe': 0.0252, 'max_drawdown_pips': 642.49, 'total_pnl_pips': 111.87, 'avg_bars_held': 4.11, 'payoff_ratio': 1.9173, 'recovery_factor': 0.1741, 'tp_count': 16, 'sl_count': 29, 'timeout_count': 0, 'pnl_std': 98.5944, 'pnl_mean': 2.486}, 'MEAN_REVERTING': {'n_trades': 14, 'win_rate': 0.4286, 'profit_factor': np.float64(0.82), 'expectancy_pips': -16.0414, 'sharpe': -0.0807, 'max_drawdown_pips': 688.71, 'total_pnl_pips': -224.58, 'avg_bars_held': 12.86, 'payoff_ratio': 1.0933, 'recovery_factor': -0.3261, 'tp_count': 6, 'sl_count': 8, 'timeout_count': 0, 'pnl_std': 198.7906, 'pnl_mean': -16.0414}, 'TRENDING': {'n_trades': 168, 'win_rate': 0.3988, 'profit_factor': np.float64(1.0643), 'expectancy_pips': 4.27, 'sharpe': 0.0281, 'max_drawdown_pips': 1660.74, 'total_pnl_pips': 717.36, 'avg_bars_held': 8.76, 'payoff_ratio': 1.6044, 'recovery_factor': 0.432, 'tp_count': 66, 'sl_count': 101, 'timeout_count': 1, 'pnl_std': 152.0691, 'pnl_mean': 4.27}}}"
PETR4,Petrobras,brazil_equity,MR_EMA_Dist,mean_reversion,MR entry when price > 1.5 ATR from EMA50,0.8330,-0.0830,787.9000,156,0.3205,-3.1200,0.9320,-0.0290,1151.6000,204,0.3088,-1.2800,FAIL,0.1194,0.1030,FRAGILE,0.1400,-496.7000,1357.6000,TRENDING,0.6346,0.0641,0.2821,0.0192,"{'test': {'HIGH_VOLATILITY': {'n_trades': 44, 'win_rate': 0.3864, 'profit_factor': np.float64(0.976), 'expectancy_pips': -0.4757, 'sharpe': -0.0113, 'max_drawdown_pips': 341.21, 'total_pnl_pips': -20.93, 'avg_bars_held': 5.82, 'payoff_ratio': 1.5501, 'recovery_factor': -0.0613, 'tp_count': 17, 'sl_count': 27, 'timeout_count': 0, 'pnl_std': 42.0375, 'pnl_mean': -0.4757}, 'LOW_VOLATILITY': {'n_trades': 3, 'win_rate': 0.3333, 'profit_factor': np.float64(0.6559), 'expectancy_pips': -6.5467, 'sharpe': -0.1687, 'max_drawdown_pips': 36.0, 'total_pnl_pips': -19.64, 'avg_bars_held': 5.0, 'payoff_ratio': 1.3117, 'recovery_factor': -0.5456, 'tp_count': 1, 'sl_count': 2, 'timeout_count': 0, 'pnl_std': 38.8096, 'pnl_mean': -6.5467}, 'MEAN_REVERTING': {'n_trades': 10, 'win_rate': 0.0, 'profit_factor': np.float64(0.0), 'expectancy_pips': -24.228, 'sharpe': -3.8725, 'max_drawdown_pips': 224.28, 'total_pnl_pips': -242.28, 'avg_bars_held': 6.9, 'payoff_ratio': 0.0, 'recovery_factor': -1.0803, 'tp_count': 0, 'sl_count': 10, 'timeout_count': 0, 'pnl_std': 6.2564, 'pnl_mean': -24.228}, 'TRENDING': {'n_trades': 99, 'win_rate': 0.3232, 'profit_factor': np.float64(0.8828), 'expectancy_pips': -2.0647, 'sharpe': -0.0553, 'max_drawdown_pips': 381.57, 'total_pnl_pips': -204.41, 'avg_bars_held': 5.02, 'payoff_ratio': 1.8483, 'recovery_factor': -0.5357, 'tp_count': 32, 'sl_count': 67, 'timeout_count': 0, 'pnl_std': 37.3033, 'pnl_mean': -2.0647}}, 'oos': {'HIGH_VOLATILITY': {'n_trades': 50, 'win_rate': 0.32, 'profit_factor': np.float64(0.9481), 'expectancy_pips': -0.9864, 'sharpe': -0.0229, 'max_drawdown_pips': 325.43, 'total_pnl_pips': -49.32, 'avg_bars_held': 3.82, 'payoff_ratio': 2.0147, 'recovery_factor': -0.1516, 'tp_count': 16, 'sl_count': 34, 'timeout_count': 0, 'pnl_std': 42.9989, 'pnl_mean': -0.9864}, 'LOW_VOLATILITY': {'n_trades': 4, 'win_rate': 0.0, 'profit_factor': np.float64(0.0), 'expectancy_pips': -30.2525, 'sharpe': -2.9034, 'max_drawdown_pips': 106.22, 'total_pnl_pips': -121.01, 'avg_bars_held': 2.0, 'payoff_ratio': 0.0, 'recovery_factor': -1.1392, 'tp_count': 0, 'sl_count': 4, 'timeout_count': 0, 'pnl_std': 10.4198, 'pnl_mean': -30.2525}, 'MEAN_REVERTING': {'n_trades': 13, 'win_rate': 0.2308, 'profit_factor': np.float64(0.4721), 'expectancy_pips': -8.8838, 'sharpe': -0.3485, 'max_drawdown_pips': 103.57, 'total_pnl_pips': -115.49, 'avg_bars_held': 5.31, 'payoff_ratio': 1.5737, 'recovery_factor': -1.1151, 'tp_count': 3, 'sl_count': 10, 'timeout_count': 0, 'pnl_std': 25.495, 'pnl_mean': -8.8838}, 'TRENDING': {'n_trades': 137, 'win_rate': 0.3212, 'profit_factor': np.float64(1.0099), 'expectancy_pips': 0.1844, 'sharpe': 0.004, 'max_drawdown_pips': 840.1, 'total_pnl_pips': 25.26, 'avg_bars_held': 5.34, 'payoff_ratio': 2.1346, 'recovery_factor': 0.0301, 'tp_count': 44, 'sl_count': 93, 'timeout_count': 0, 'pnl_std': 45.7675, 'pnl_mean': 0.1844}}}"
PETR4,Petrobras,brazil_equity,VOL_ATR_Expand,volatility,Enter in bias direction when ATR > 1.5x rolling mean,1.4950,0.1660,45.1000,5,0.4000,11.8600,2.1400,0.3290,33.1000,6,0.5000,17.4900,OOS_PASS,0.4315,0.0000,NO_TRADES,0.6640,62.2000,164.7000,HIGH_VOLATILITY,0.0000,0.0000,1.0000,0.0000,"{'test': {'HIGH_VOLATILITY': {'n_trades': 5, 'win_rate': 0.4, 'profit_factor': np.float64(1.4947), 'expectancy_pips': 11.858, 'sharpe': 0.1662, 'max_drawdown_pips': 45.14, 'total_pnl_pips': 59.29, 'avg_bars_held': 3.8, 'payoff_ratio': 2.2421, 'recovery_factor': 1.3135, 'tp_count': 2, 'sl_count': 3, 'timeout_count': 0, 'pnl_std': 71.334, 'pnl_mean': 11.858}}, 'oos': {'HIGH_VOLATILITY': {'n_trades': 6, 'win_rate': 0.5, 'profit_factor': np.float64(2.1397), 'expectancy_pips': 17.4883, 'sharpe': 0.3292, 'max_drawdown_pips': 33.07, 'total_pnl_pips': 104.93, 'avg_bars_held': 5.33, 'payoff_ratio': 2.1397, 'recovery_factor': 3.173, 'tp_count': 3, 'sl_count': 3, 'timeout_count': 0, 'pnl_std': 53.1285, 'pnl_mean': 17.4883}}}"
IBOV,Ibovespa,index,VOL_ATR_Expand,volatility,Enter in bias direction when ATR > 1.5x rolling mean,0.0000,-1357830000000.0000,0.0000,1,0.0000,-1357.8300,1.1020,0.0390,2532.6000,7,0.2857,79.1800,FAIL,0.0000,0.0000,NO_TRADES,0.0000,0.0000,0.0000,HIGH_VOLATILITY,0.0000,0.0000,1.0000,0.0000,"{'test': {'HIGH_VOLATILITY': {'n_trades': 1, 'win_rate': 0.0, 'profit_factor': np.float64(0.0), 'expectancy_pips': -1357.83, 'sharpe': -1357829999999.9998, 'max_drawdown_pips': 0.0, 'total_pnl_pips': -1357.83, 'avg_bars_held': 3.0, 'payoff_ratio': 0.0, 'recovery_factor': inf, 'tp_count': 0, 'sl_count': 1, 'timeout_count': 0, 'pnl_std': 0.0, 'pnl_mean': -1357.83}}, 'oos': {'HIGH_VOLATILITY': {'n_trades': 7, 'win_rate': 0.2857, 'profit_factor': np.float64(1.1015), 'expectancy_pips': 79.1757, 'sharpe': 0.0394, 'max_drawdown_pips': 2532.6, 'total_pnl_pips': 554.23, 'avg_bars_held': 5.29, 'payoff_ratio': 2.7538, 'recovery_factor': 0.2188, 'tp_count': 2, 'sl_count': 5, 'timeout_count': 0, 'pnl_std': 2010.4746, 'pnl_mean': 79.1757}}}"
