key,asset,hypothesis,start_idx,end_idx,depth,cum_pnl,entry_time,exit_time
BTC_MR_RSI_Exhaust,BTC,MR_RSI_Exhaust,4,6,3,-1098.78,2024-05-14 07:00:00+00:00,2024-05-14 15:00:00+00:00
BTC_MR_RSI_Exhaust,BTC,MR_RSI_Exhaust,8,12,5,-2191.37,2024-05-15 10:00:00+00:00,2024-05-15 19:00:00+00:00
BTC_MR_RSI_Exhaust,BTC,MR_RSI_Exhaust,14,15,2,-631.92,2024-05-17 07:00:00+00:00,2024-05-17 10:00:00+00:00
BTC_MR_RSI_Exhaust,BTC,MR_RSI_Exhaust,17,18,2,-496.18,2024-05-18 04:00:00+00:00,2024-05-19 08:00:00+00:00
BTC_MR_RSI_Exhaust,BTC,MR_RSI_Exhaust,26,29,4,-1912.97,2024-05-23 06:00:00+00:00,2024-05-24 02:00:00+00:00
BTC_MR_RSI_Exhaust,BTC,MR_RSI_Exhaust,40,41,2,-520.23,2024-06-01 07:00:00+00:00,2024-06-03 07:00:00+00:00
BTC_MR_RSI_Exhaust,BTC,MR_RSI_Exhaust,43,46,4,-1468.36,2024-06-04 16:00:00+00:00,2024-06-07 10:00:00+00:00
BTC_MR_RSI_Exhaust,BTC,MR_RSI_Exhaust,50,53,4,-1733.14,2024-06-11 05:00:00+00:00,2024-06-11 14:00:00+00:00
BTC_MR_RSI_Exhaust,BTC,MR_RSI_Exhaust,55,56,2,-598.81,2024-06-12 11:00:00+00:00,2024-06-12 13:00:00+00:00
BTC_MR_RSI_Exhaust,BTC,MR_RSI_Exhaust,58,59,2,-1067.04,2024-06-13 05:00:00+00:00,2024-06-13 16:00:00+00:00
BTC_MR_RSI_Exhaust,BTC,MR_RSI_Exhaust,61,63,3,-709.43,2024-06-15 07:00:00+00:00,2024-06-17 10:00:00+00:00
BTC_MR_RSI_Exhaust,BTC,MR_RSI_Exhaust,65,66,2,-818.4,2024-06-18 13:00:00+00:00,2024-06-18 17:00:00+00:00
BTC_MR_RSI_Exhaust,BTC,MR_RSI_Exhaust,68,69,2,-659.08,2024-06-19 05:00:00+00:00,2024-06-20 08:00:00+00:00
BTC_MR_RSI_Exhaust,BTC,MR_RSI_Exhaust,71,74,4,-1175.99,2024-06-21 01:00:00+00:00,2024-06-21 13:00:00+00:00
BTC_MR_RSI_Exhaust,BTC,MR_RSI_Exhaust,77,85,9,-3126.82,2024-06-23 21:00:00+00:00,2024-06-24 18:00:00+00:00
BTC_MR_RSI_Exhaust,BTC,MR_RSI_Exhaust,87,89,3,-998.84,2024-06-25 10:00:00+00:00,2024-06-27 04:00:00+00:00
BTC_MR_RSI_Exhaust,BTC,MR_RSI_Exhaust,91,92,2,-612.78,2024-06-28 16:00:00+00:00,2024-06-28 19:00:00+00:00
BTC_MR_RSI_Exhaust,BTC,MR_RSI_Exhaust,97,100,4,-952.39,2024-06-30 14:00:00+00:00,2024-06-30 23:00:00+00:00
BTC_MR_RSI_Exhaust,BTC,MR_RSI_Exhaust,102,108,7,-2019.78,2024-07-02 08:00:00+00:00,2024-07-03 13:00:00+00:00
BTC_MR_RSI_Exhaust,BTC,MR_RSI_Exhaust,110,111,2,-1089.2,2024-07-04 08:00:00+00:00,2024-07-04 10:00:00+00:00
BTC_MR_RSI_Exhaust,BTC,MR_RSI_Exhaust,113,114,2,-1286.93,2024-07-05 04:00:00+00:00,2024-07-05 06:00:00+00:00
BTC_MR_RSI_Exhaust,BTC,MR_RSI_Exhaust,116,118,3,-1243.45,2024-07-05 19:00:00+00:00,2024-07-06 18:00:00+00:00
BTC_MR_RSI_Exhaust,BTC,MR_RSI_Exhaust,120,121,2,-680.51,2024-07-07 14:00:00+00:00,2024-07-07 23:00:00+00:00
BTC_MR_RSI_Exhaust,BTC,MR_RSI_Exhaust,123,124,2,-896.89,2024-07-09 06:00:00+00:00,2024-07-09 09:00:00+00:00
BTC_MR_RSI_Exhaust,BTC,MR_RSI_Exhaust,130,132,3,-855.81,2024-07-13 10:00:00+00:00,2024-07-14 02:00:00+00:00
BTC_MR_RSI_Exhaust,BTC,MR_RSI_Exhaust,134,136,3,-1314.51,2024-07-15 03:00:00+00:00,2024-07-15 17:00:00+00:00
BTC_MR_RSI_Exhaust,BTC,MR_RSI_Exhaust,138,139,2,-1158.3,2024-07-16 21:00:00+00:00,2024-07-17 00:00:00+00:00
BTC_MR_RSI_Exhaust,BTC,MR_RSI_Exhaust,141,143,3,-1362.71,2024-07-17 17:00:00+00:00,2024-07-19 17:00:00+00:00
BTC_MR_RSI_Exhaust,BTC,MR_RSI_Exhaust,146,147,2,-738.03,2024-07-23 10:00:00+00:00,2024-07-23 12:00:00+00:00
BTC_MR_RSI_Exhaust,BTC,MR_RSI_Exhaust,151,155,5,-2523.79,2024-07-25 03:00:00+00:00,2024-07-26 14:00:00+00:00
BTC_MR_RSI_Exhaust,BTC,MR_RSI_Exhaust,158,159,2,-581.89,2024-07-29 00:00:00+00:00,2024-07-29 03:00:00+00:00
BTC_MR_RSI_Exhaust,BTC,MR_RSI_Exhaust,161,166,6,-3577.0,2024-07-29 17:00:00+00:00,2024-08-03 01:00:00+00:00
BTC_MR_RSI_Exhaust,BTC,MR_RSI_Exhaust,168,169,2,-884.33,2024-08-04 03:00:00+00:00,2024-08-04 16:00:00+00:00
BTC_MR_RSI_Exhaust,BTC,MR_RSI_Exhaust,171,174,4,-4436.68,2024-08-05 01:00:00+00:00,2024-08-05 07:00:00+00:00
BTC_MR_RSI_Exhaust,BTC,MR_RSI_Exhaust,176,177,2,-1954.22,2024-08-06 03:00:00+00:00,2024-08-07 03:00:00+00:00
BTC_MR_RSI_Exhaust,BTC,MR_RSI_Exhaust,179,183,5,-3086.06,2024-08-08 09:00:00+00:00,2024-08-08 22:00:00+00:00
BTC_MR_RSI_Exhaust,BTC,MR_RSI_Exhaust,187,192,6,-2127.95,2024-08-11 04:00:00+00:00,2024-08-12 01:00:00+00:00
BTC_MR_RSI_Exhaust,BTC,MR_RSI_Exhaust,195,197,3,-1524.67,2024-08-14 15:00:00+00:00,2024-08-14 23:00:00+00:00
BTC_MR_RSI_Exhaust,BTC,MR_RSI_Exhaust,200,202,3,-1096.59,2024-08-16 11:00:00+00:00,2024-08-19 00:00:00+00:00
BTC_MR_RSI_Exhaust,BTC,MR_RSI_Exhaust,204,205,2,-795.03,2024-08-20 00:00:00+00:00,2024-08-20 02:00:00+00:00
BTC_MR_RSI_Exhaust,BTC,MR_RSI_Exhaust,212,215,4,-1373.31,2024-08-23 07:00:00+00:00,2024-08-23 22:00:00+00:00
BTC_MR_RSI_Exhaust,BTC,MR_RSI_Exhaust,217,221,5,-1876.18,2024-08-26 13:00:00+00:00,2024-08-28 00:00:00+00:00
BTC_MR_RSI_Exhaust,BTC,MR_RSI_Exhaust,223,224,2,-586.97,2024-08-29 12:00:00+00:00,2024-08-29 14:00:00+00:00
BTC_MR_RSI_Exhaust,BTC,MR_RSI_Exhaust,230,234,5,-1751.39,2024-09-01 11:00:00+00:00,2024-09-04 01:00:00+00:00
BTC_MR_RSI_Exhaust,BTC,MR_RSI_Exhaust,238,239,2,-686.74,2024-09-05 07:00:00+00:00,2024-09-05 13:00:00+00:00
BTC_MR_RSI_Exhaust,BTC,MR_RSI_Exhaust,241,242,2,-1238.83,2024-09-06 16:00:00+00:00,2024-09-06 19:00:00+00:00
BTC_MR_RSI_Exhaust,BTC,MR_RSI_Exhaust,244,245,2,-481.71,2024-09-07 11:00:00+00:00,2024-09-07 13:00:00+00:00
BTC_MR_RSI_Exhaust,BTC,MR_RSI_Exhaust,248,249,2,-713.62,2024-09-09 06:00:00+00:00,2024-09-09 09:00:00+00:00
BTC_MR_RSI_Exhaust,BTC,MR_RSI_Exhaust,253,254,2,-824.53,2024-09-10 05:00:00+00:00,2024-09-11 10:00:00+00:00
BTC_MR_RSI_Exhaust,BTC,MR_RSI_Exhaust,256,257,2,-814.44,2024-09-12 04:00:00+00:00,2024-09-13 16:00:00+00:00
BTC_MR_RSI_Exhaust,BTC,MR_RSI_Exhaust,259,263,5,-1642.66,2024-09-16 00:00:00+00:00,2024-09-17 15:00:00+00:00
BTC_MR_RSI_Exhaust,BTC,MR_RSI_Exhaust,265,268,4,-1837.29,2024-09-19 00:00:00+00:00,2024-09-19 16:00:00+00:00
BTC_MR_RSI_Exhaust,BTC,MR_RSI_Exhaust,273,279,7,-2185.46,2024-09-23 18:00:00+00:00,2024-09-27 10:00:00+00:00
BTC_MR_RSI_Exhaust,BTC,MR_RSI_Exhaust,282,289,8,-3132.34,2024-09-30 02:00:00+00:00,2024-10-01 22:00:00+00:00
BTC_MR_RSI_Exhaust,BTC,MR_RSI_Exhaust,291,293,3,-517.13,2024-10-06 15:00:00+00:00,2024-10-06 20:00:00+00:00
BTC_MR_RSI_Exhaust,BTC,MR_RSI_Exhaust,298,305,8,-2003.54,2024-10-11 08:00:00+00:00,2024-10-13 12:00:00+00:00
BTC_MR_RSI_Exhaust,BTC,MR_RSI_Exhaust,307,310,4,-1777.03,2024-10-14 04:00:00+00:00,2024-10-14 15:00:00+00:00
BTC_MR_RSI_Exhaust,BTC,MR_RSI_Exhaust,312,313,2,-930.68,2024-10-16 05:00:00+00:00,2024-10-16 11:00:00+00:00
BTC_MR_RSI_Exhaust,BTC,MR_RSI_Exhaust,315,321,7,-1853.17,2024-10-20 15:00:00+00:00,2024-10-23 16:00:00+00:00
BTC_MR_RSI_Exhaust,BTC,MR_RSI_Exhaust,323,325,3,-1021.63,2024-10-24 08:00:00+00:00,2024-10-24 21:00:00+00:00
BTC_MR_RSI_Exhaust,BTC,MR_RSI_Exhaust,328,329,2,-326.85,2024-10-27 18:00:00+00:00,2024-10-27 21:00:00+00:00
BTC_MR_RSI_Exhaust,BTC,MR_RSI_Exhaust,331,340,10,-3650.41,2024-10-28 09:00:00+00:00,2024-10-29 18:00:00+00:00
BTC_MR_RSI_Exhaust,BTC,MR_RSI_Exhaust,342,344,3,-1176.26,2024-10-31 15:00:00+00:00,2024-10-31 21:00:00+00:00
BTC_MR_RSI_Exhaust,BTC,MR_RSI_Exhaust,348,349,2,-569.97,2024-11-03 07:00:00+00:00,2024-11-03 10:00:00+00:00
BTC_MR_RSI_Exhaust,BTC,MR_RSI_Exhaust,352,353,2,-713.3,2024-11-05 12:00:00+00:00,2024-11-05 15:00:00+00:00
BTC_MR_RSI_Exhaust,BTC,MR_RSI_Exhaust,355,357,3,-2933.4,2024-11-06 03:00:00+00:00,2024-11-06 07:00:00+00:00
BTC_MR_RSI_Exhaust,BTC,MR_RSI_Exhaust,362,363,2,-994.04,2024-11-10 05:00:00+00:00,2024-11-10 11:00:00+00:00
BTC_MR_RSI_Exhaust,BTC,MR_RSI_Exhaust,365,370,6,-4861.49,2024-11-11 11:00:00+00:00,2024-11-12 00:00:00+00:00
BTC_MR_RSI_Exhaust,BTC,MR_RSI_Exhaust,391,398,8,-5562.16,2024-11-25 15:00:00+00:00,2024-11-27 19:00:00+00:00
BTC_MR_RSI_Exhaust,BTC,MR_RSI_Exhaust,403,404,2,-783.5,2024-11-30 05:00:00+00:00,2024-12-01 17:00:00+00:00
BTC_MR_RSI_Exhaust,BTC,MR_RSI_Exhaust,417,425,9,-4992.27,2024-12-11 08:00:00+00:00,2024-12-16 00:00:00+00:00
BTC_MR_RSI_Exhaust,BTC,MR_RSI_Exhaust,431,432,2,-1958.79,2024-12-18 05:00:00+00:00,2024-12-19 00:00:00+00:00
BTC_MR_RSI_Exhaust,BTC,MR_RSI_Exhaust,434,436,3,-3923.83,2024-12-19 20:00:00+00:00,2024-12-20 03:00:00+00:00
BTC_MR_RSI_Exhaust,BTC,MR_RSI_Exhaust,442,448,7,-3932.3,2024-12-24 15:00:00+00:00,2024-12-29 20:00:00+00:00
BTC_MR_RSI_Exhaust,BTC,MR_RSI_Exhaust,453,458,6,-2731.69,2025-01-01 21:00:00+00:00,2025-01-02 17:00:00+00:00
BTC_MR_RSI_Exhaust,BTC,MR_RSI_Exhaust,468,473,6,-3105.97,2025-01-07 13:00:00+00:00,2025-01-09 13:00:00+00:00
BTC_MR_RSI_Exhaust,BTC,MR_RSI_Exhaust,477,479,3,-1903.38,2025-01-11 08:00:00+00:00,2025-01-13 13:00:00+00:00
BTC_MR_RSI_Exhaust,BTC,MR_RSI_Exhaust,481,482,2,-1581.93,2025-01-14 01:00:00+00:00,2025-01-14 09:00:00+00:00
BTC_MR_RSI_Exhaust,BTC,MR_RSI_Exhaust,484,486,3,-1870.54,2025-01-15 14:00:00+00:00,2025-01-15 20:00:00+00:00
BTC_MR_RSI_Exhaust,BTC,MR_RSI_Exhaust,489,493,5,-3190.27,2025-01-17 05:00:00+00:00,2025-01-17 18:00:00+00:00
BTC_MR_RSI_Exhaust,BTC,MR_RSI_Exhaust,500,503,4,-2468.65,2025-01-22 12:00:00+00:00,2025-01-23 02:00:00+00:00
BTC_MR_RSI_Exhaust,BTC,MR_RSI_Exhaust,506,507,2,-1344.6,2025-01-24 12:00:00+00:00,2025-01-24 15:00:00+00:00
BTC_MR_RSI_Exhaust,BTC,MR_RSI_Exhaust,510,513,4,-2010.09,2025-01-27 00:00:00+00:00,2025-01-27 06:00:00+00:00
BTC_MR_RSI_Exhaust,BTC,MR_RSI_Exhaust,521,523,3,-1782.22,2025-01-31 21:00:00+00:00,2025-02-02 05:00:00+00:00
BTC_MR_RSI_Exhaust,BTC,MR_RSI_Exhaust,531,532,2,-1247.12,2025-02-07 14:00:00+00:00,2025-02-08 05:00:00+00:00
BTC_MR_RSI_Exhaust,BTC,MR_RSI_Exhaust,538,539,2,-1163.9,2025-02-11 22:00:00+00:00,2025-02-12 00:00:00+00:00
BTC_MR_RSI_Exhaust,BTC,MR_RSI_Exhaust,541,542,2,-893.61,2025-02-13 12:00:00+00:00,2025-02-13 15:00:00+00:00
BTC_MR_RSI_Exhaust,BTC,MR_RSI_Exhaust,544,545,2,-625.77,2025-02-14 07:00:00+00:00,2025-02-16 14:00:00+00:00
BTC_MR_RSI_Exhaust,BTC,MR_RSI_Exhaust,550,552,3,-1109.72,2025-02-20 05:00:00+00:00,2025-02-21 13:00:00+00:00
BTC_MR_RSI_Exhaust,BTC,MR_RSI_Exhaust,558,563,6,-4644.23,2025-02-24 15:00:00+00:00,2025-02-25 10:00:00+00:00
BTC_MR_RSI_Exhaust,BTC,MR_RSI_Exhaust,565,566,2,-1786.98,2025-02-26 17:00:00+00:00,2025-02-26 19:00:00+00:00
BTC_MR_RSI_Exhaust,BTC,MR_RSI_Exhaust,569,570,2,-2266.89,2025-02-28 02:00:00+00:00,2025-02-28 04:00:00+00:00
BTC_MR_RSI_Exhaust,BTC,MR_RSI_Exhaust,572,575,4,-4316.55,2025-02-28 17:00:00+00:00,2025-03-02 19:00:00+00:00
BTC_MR_RSI_Exhaust,BTC,MR_RSI_Exhaust,577,578,2,-2835.26,2025-03-03 19:00:00+00:00,2025-03-03 21:00:00+00:00
BTC_MR_RSI_Exhaust,BTC,MR_RSI_Exhaust,580,581,2,-2020.74,2025-03-05 06:00:00+00:00,2025-03-05 11:00:00+00:00
BTC_MR_RSI_Exhaust,BTC,MR_RSI_Exhaust,587,592,6,-3551.02,2025-03-08 05:00:00+00:00,2025-03-09 22:00:00+00:00
BTC_MR_RSI_Exhaust,BTC,MR_RSI_Exhaust,599,600,2,-1186.25,2025-03-13 14:00:00+00:00,2025-03-13 16:00:00+00:00
BTC_MR_RSI_Exhaust,BTC,MR_RSI_Exhaust,602,605,4,-1886.7,2025-03-14 08:00:00+00:00,2025-03-14 14:00:00+00:00
BTC_MR_RSI_Exhaust,BTC,MR_RSI_Exhaust,609,616,8,-3411.17,2025-03-18 13:00:00+00:00,2025-03-19 23:00:00+00:00
BTC_MR_RSI_Exhaust,BTC,MR_RSI_Exhaust,620,621,2,-365.81,2025-03-23 12:00:00+00:00,2025-03-23 14:00:00+00:00
BTC_MR_RSI_Exhaust,BTC,MR_RSI_Exhaust,623,629,7,-2312.31,2025-03-23 19:00:00+00:00,2025-03-24 09:00:00+00:00
BTC_MR_RSI_Exhaust,BTC,MR_RSI_Exhaust,634,637,4,-1794.6,2025-03-28 08:00:00+00:00,2025-03-29 12:00:00+00:00
BTC_MR_RSI_Exhaust,BTC,MR_RSI_Exhaust,639,641,3,-1144.89,2025-03-30 07:00:00+00:00,2025-03-31 00:00:00+00:00
BTC_MR_RSI_Exhaust,BTC,MR_RSI_Exhaust,647,649,3,-1991.15,2025-04-02 17:00:00+00:00,2025-04-04 08:00:00+00:00
BTC_MR_RSI_Exhaust,BTC,MR_RSI_Exhaust,651,652,2,-706.01,2025-04-05 08:00:00+00:00,2025-04-05 14:00:00+00:00
BTC_MR_RSI_Exhaust,BTC,MR_RSI_Exhaust,654,658,5,-2751.26,2025-04-06 14:00:00+00:00,2025-04-07 05:00:00+00:00
BTC_MR_RSI_Exhaust,BTC,MR_RSI_Exhaust,660,664,5,-4186.73,2025-04-07 21:00:00+00:00,2025-04-09 01:00:00+00:00
BTC_MR_RSI_Exhaust,BTC,MR_RSI_Exhaust,670,675,6,-3560.55,2025-04-11 06:00:00+00:00,2025-04-12 15:00:00+00:00
BTC_MR_RSI_Exhaust,BTC,MR_RSI_Exhaust,680,681,2,-927.7,2025-04-15 19:00:00+00:00,2025-04-15 23:00:00+00:00
BTC_MR_RSI_Exhaust,BTC,MR_RSI_Exhaust,684,685,2,-367.7,2025-04-19 06:00:00+00:00,2025-04-19 09:00:00+00:00
BTC_MR_RSI_Exhaust,BTC,MR_RSI_Exhaust,688,689,2,-846.93,2025-04-21 01:00:00+00:00,2025-04-21 03:00:00+00:00
BTC_MR_RSI_Exhaust,BTC,MR_RSI_Exhaust,691,696,6,-3482.9,2025-04-22 08:00:00+00:00,2025-04-23 00:00:00+00:00
BTC_MR_RSI_Exhaust,BTC,MR_RSI_Exhaust,704,710,7,-2600.38,2025-05-01 04:00:00+00:00,2025-05-03 07:00:00+00:00
BTC_MR_RSI_Exhaust,BTC,MR_RSI_Exhaust,712,713,2,-553.5,2025-05-04 10:00:00+00:00,2025-05-05 00:00:00+00:00
BTC_MR_RSI_Exhaust,BTC,MR_RSI_Exhaust,717,722,6,-3668.38,2025-05-08 04:00:00+00:00,2025-05-09 01:00:00+00:00
BTC_MR_RSI_Exhaust,BTC,MR_RSI_Exhaust,731,732,2,-532.85,2025-05-18 13:00:00+00:00,2025-05-18 15:00:00+00:00
BTC_MR_RSI_Exhaust,BTC,MR_RSI_Exhaust,735,736,2,-1335.96,2025-05-19 21:00:00+00:00,2025-05-20 01:00:00+00:00
BTC_MR_RSI_Exhaust,BTC,MR_RSI_Exhaust,738,739,2,-1580.61,2025-05-21 04:00:00+00:00,2025-05-21 06:00:00+00:00
BTC_MR_RSI_Exhaust,BTC,MR_RSI_Exhaust,745,746,2,-1069.09,2025-05-25 23:00:00+00:00,2025-05-26 02:00:00+00:00
BTC_MR_RSI_Exhaust,BTC,MR_RSI_Exhaust,750,752,3,-1257.35,2025-05-28 07:00:00+00:00,2025-05-28 19:00:00+00:00
BTC_MR_RSI_Exhaust,BTC,MR_RSI_Exhaust,755,757,3,-1785.65,2025-05-29 20:00:00+00:00,2025-05-30 17:00:00+00:00
BTC_MR_RSI_Exhaust,BTC,MR_RSI_Exhaust,764,765,2,-1042.72,2025-06-04 06:00:00+00:00,2025-06-05 20:00:00+00:00
BTC_MR_RSI_Exhaust,BTC,MR_RSI_Exhaust,767,772,6,-2198.16,2025-06-06 11:00:00+00:00,2025-06-08 17:00:00+00:00
BTC_MR_RSI_Exhaust,BTC,MR_RSI_Exhaust,774,775,2,-905.43,2025-06-09 13:00:00+00:00,2025-06-09 18:00:00+00:00
BTC_MR_RSI_Exhaust,BTC,MR_RSI_Exhaust,778,780,3,-1357.93,2025-06-12 03:00:00+00:00,2025-06-12 11:00:00+00:00
BTC_MR_RSI_Exhaust,BTC,MR_RSI_Exhaust,784,786,3,-1048.41,2025-06-13 16:00:00+00:00,2025-06-14 16:00:00+00:00
BTC_MR_RSI_Exhaust,BTC,MR_RSI_Exhaust,788,790,3,-1289.47,2025-06-16 09:00:00+00:00,2025-06-16 18:00:00+00:00
BTC_MR_RSI_Exhaust,BTC,MR_RSI_Exhaust,792,794,3,-1623.65,2025-06-17 10:00:00+00:00,2025-06-17 15:00:00+00:00
BTC_MR_RSI_Exhaust,BTC,MR_RSI_Exhaust,799,803,5,-2634.64,2025-06-20 22:00:00+00:00,2025-06-22 17:00:00+00:00
BTC_MR_RSI_Exhaust,BTC,MR_RSI_Exhaust,805,808,4,-2396.57,2025-06-23 06:00:00+00:00,2025-06-25 11:00:00+00:00
BTC_MR_RSI_Exhaust,BTC,MR_RSI_Exhaust,810,812,3,-826.86,2025-06-25 20:00:00+00:00,2025-06-29 10:00:00+00:00
BTC_MR_RSI_Exhaust,BTC,MR_RSI_Exhaust,814,818,5,-1736.44,2025-06-30 14:00:00+00:00,2025-07-02 15:00:00+00:00
BTC_MR_RSI_Exhaust,BTC,MR_RSI_Exhaust,820,822,3,-914.3,2025-07-04 04:00:00+00:00,2025-07-04 14:00:00+00:00
BTC_MR_RSI_Exhaust,BTC,MR_RSI_Exhaust,825,827,3,-1023.54,2025-07-06 22:00:00+00:00,2025-07-07 19:00:00+00:00
BTC_MR_RSI_Exhaust,BTC,MR_RSI_Exhaust,829,832,4,-2374.45,2025-07-10 17:00:00+00:00,2025-07-11 06:00:00+00:00
BTC_MR_RSI_Exhaust,BTC,MR_RSI_Exhaust,834,839,6,-2518.8,2025-07-13 13:00:00+00:00,2025-07-14 05:00:00+00:00
BTC_MR_RSI_Exhaust,BTC,MR_RSI_Exhaust,841,844,4,-2911.1,2025-07-14 20:00:00+00:00,2025-07-15 12:00:00+00:00
BTC_MR_RSI_Exhaust,BTC,MR_RSI_Exhaust,846,848,3,-1599.9,2025-07-16 09:00:00+00:00,2025-07-16 17:00:00+00:00
BTC_MR_RSI_Exhaust,BTC,MR_RSI_Exhaust,854,856,3,-1613.25,2025-07-23 13:00:00+00:00,2025-07-25 05:00:00+00:00
BTC_MR_RSI_Exhaust,BTC,MR_RSI_Exhaust,858,861,4,-1215.12,2025-07-26 05:00:00+00:00,2025-07-27 18:00:00+00:00
BTC_MR_RSI_Exhaust,BTC,MR_RSI_Exhaust,868,871,4,-2321.65,2025-07-31 21:00:00+00:00,2025-08-01 08:00:00+00:00
BTC_MR_RSI_Exhaust,BTC,MR_RSI_Exhaust,873,875,3,-1018.98,2025-08-03 09:00:00+00:00,2025-08-03 19:00:00+00:00
BTC_MR_RSI_Exhaust,BTC,MR_RSI_Exhaust,882,883,2,-766.57,2025-08-07 11:00:00+00:00,2025-08-07 16:00:00+00:00
BTC_MR_RSI_Exhaust,BTC,MR_RSI_Exhaust,888,891,4,-1770.35,2025-08-10 07:00:00+00:00,2025-08-11 01:00:00+00:00
BTC_MR_RSI_Exhaust,BTC,MR_RSI_Exhaust,893,894,2,-1329.66,2025-08-11 18:00:00+00:00,2025-08-11 20:00:00+00:00
BTC_MR_RSI_Exhaust,BTC,MR_RSI_Exhaust,896,898,3,-2096.63,2025-08-13 18:00:00+00:00,2025-08-13 23:00:00+00:00
BTC_MR_RSI_Exhaust,BTC,MR_RSI_Exhaust,900,901,2,-1549.77,2025-08-14 13:00:00+00:00,2025-08-14 17:00:00+00:00
BTC_MR_RSI_Exhaust,BTC,MR_RSI_Exhaust,904,905,2,-844.41,2025-08-18 02:00:00+00:00,2025-08-18 04:00:00+00:00
BTC_MR_RSI_Exhaust,BTC,MR_RSI_Exhaust,908,910,3,-1620.61,2025-08-19 08:00:00+00:00,2025-08-19 19:00:00+00:00
BTC_MR_RSI_Exhaust,BTC,MR_RSI_Exhaust,914,915,2,-1504.43,2025-08-22 15:00:00+00:00,2025-08-22 17:00:00+00:00
BTC_MR_RSI_Exhaust,BTC,MR_RSI_Exhaust,919,921,3,-779.18,2025-08-24 13:00:00+00:00,2025-08-24 18:00:00+00:00
BTC_MR_RSI_Exhaust,BTC,MR_RSI_Exhaust,923,924,2,-1548.4,2025-08-25 01:00:00+00:00,2025-08-25 08:00:00+00:00
BTC_MR_RSI_Exhaust,BTC,MR_RSI_Exhaust,930,931,2,-987.18,2025-08-29 03:00:00+00:00,2025-08-29 08:00:00+00:00
BTC_MR_RSI_Exhaust,BTC,MR_RSI_Exhaust,933,934,2,-1309.62,2025-08-29 14:00:00+00:00,2025-08-29 16:00:00+00:00
BTC_MR_RSI_Exhaust,BTC,MR_RSI_Exhaust,938,941,4,-2040.6,2025-09-02 12:00:00+00:00,2025-09-04 15:00:00+00:00
BTC_MR_RSI_Exhaust,BTC,MR_RSI_Exhaust,947,949,3,-783.05,2025-09-07 09:00:00+00:00,2025-09-08 12:00:00+00:00
BTC_MR_RSI_Exhaust,BTC,MR_RSI_Exhaust,953,956,4,-1650.0,2025-09-10 08:00:00+00:00,2025-09-12 00:00:00+00:00
BTC_MR_RSI_Exhaust,BTC,MR_RSI_Exhaust,964,967,4,-1188.41,2025-09-19 11:00:00+00:00,2025-09-19 18:00:00+00:00
BTC_MR_RSI_Exhaust,BTC,MR_RSI_Exhaust,970,971,2,-731.33,2025-09-22 01:00:00+00:00,2025-09-22 07:00:00+00:00
BTC_MR_RSI_Exhaust,BTC,MR_RSI_Exhaust,977,978,2,-932.76,2025-09-25 05:00:00+00:00,2025-09-25 13:00:00+00:00
BTC_MR_RSI_Exhaust,BTC,MR_RSI_Exhaust,980,987,8,-2586.89,2025-09-28 16:00:00+00:00,2025-09-29 20:00:00+00:00
BTC_MR_RSI_Exhaust,BTC,MR_RSI_Exhaust,991,996,6,-2967.07,2025-10-01 09:00:00+00:00,2025-10-02 13:00:00+00:00
BTC_MR_RSI_Exhaust,BTC,MR_RSI_Exhaust,998,1001,4,-2182.53,2025-10-03 16:00:00+00:00,2025-10-05 03:00:00+00:00
BTC_MR_RSI_Exhaust,BTC,MR_RSI_Exhaust,1006,1007,2,-1242.62,2025-10-07 15:00:00+00:00,2025-10-07 17:00:00+00:00
BTC_MR_RSI_Exhaust,BTC,MR_RSI_Exhaust,1010,1016,7,-6651.86,2025-10-09 08:00:00+00:00,2025-10-11 01:00:00+00:00
BTC_MR_RSI_Exhaust,BTC,MR_RSI_Exhaust,1020,1022,3,-1982.03,2025-10-14 07:00:00+00:00,2025-10-14 12:00:00+00:00
BTC_MR_RSI_Exhaust,BTC,MR_RSI_Exhaust,1025,1028,4,-3030.33,2025-10-15 14:00:00+00:00,2025-10-17 09:00:00+00:00
BTC_MR_RSI_Exhaust,BTC,MR_RSI_Exhaust,1036,1037,2,-1660.9,2025-10-22 05:00:00+00:00,2025-10-22 08:00:00+00:00
BTC_MR_RSI_Exhaust,BTC,MR_RSI_Exhaust,1040,1042,3,-1584.57,2025-10-23 13:00:00+00:00,2025-10-24 11:00:00+00:00
BTC_MR_RSI_Exhaust,BTC,MR_RSI_Exhaust,1044,1045,2,-678.19,2025-10-25 05:00:00+00:00,2025-10-25 08:00:00+00:00
BTC_MR_RSI_Exhaust,BTC,MR_RSI_Exhaust,1047,1050,4,-1555.26,2025-10-26 11:00:00+00:00,2025-10-27 02:00:00+00:00
BTC_MR_RSI_Exhaust,BTC,MR_RSI_Exhaust,1053,1055,3,-2169.81,2025-10-29 05:00:00+00:00,2025-10-30 00:00:00+00:00
BTC_MR_RSI_Exhaust,BTC,MR_RSI_Exhaust,1058,1059,2,-1139.57,2025-10-31 09:00:00+00:00,2025-11-01 07:00:00+00:00
BTC_MR_RSI_Exhaust,BTC,MR_RSI_Exhaust,1061,1064,4,-2227.17,2025-11-03 03:00:00+00:00,2025-11-03 12:00:00+00:00
BTC_MR_RSI_Exhaust,BTC,MR_RSI_Exhaust,1066,1070,5,-4601.34,2025-11-04 10:00:00+00:00,2025-11-05 15:00:00+00:00
BTC_MR_RSI_Exhaust,BTC,MR_RSI_Exhaust,1076,1081,6,-3698.92,2025-11-09 16:00:00+00:00,2025-11-11 17:00:00+00:00
BTC_MR_RSI_Exhaust,BTC,MR_RSI_Exhaust,1088,1091,4,-4023.1,2025-11-14 01:00:00+00:00,2025-11-14 12:00:00+00:00
BTC_MR_RSI_Exhaust,BTC,MR_RSI_Exhaust,1100,1102,3,-2630.93,2025-11-17 18:00:00+00:00,2025-11-18 04:00:00+00:00
BTC_MR_RSI_Exhaust,BTC,MR_RSI_Exhaust,1107,1111,5,-4482.87,2025-11-20 16:00:00+00:00,2025-11-21 10:00:00+00:00
BTC_MR_RSI_Exhaust,BTC,MR_RSI_Exhaust,1117,1120,4,-2432.45,2025-11-25 11:00:00+00:00,2025-11-27 03:00:00+00:00
BTC_MR_RSI_Exhaust,BTC,MR_RSI_Exhaust,1123,1126,4,-2757.08,2025-12-01 01:00:00+00:00,2025-12-01 13:00:00+00:00
BTC_MR_RSI_Exhaust,BTC,MR_RSI_Exhaust,1128,1133,6,-4163.6,2025-12-02 06:00:00+00:00,2025-12-03 03:00:00+00:00
BTC_MR_RSI_Exhaust,BTC,MR_RSI_Exhaust,1135,1136,2,-1127.18,2025-12-05 14:00:00+00:00,2025-12-05 17:00:00+00:00
BTC_MR_RSI_Exhaust,BTC,MR_RSI_Exhaust,1147,1151,5,-1712.86,2025-12-12 16:00:00+00:00,2025-12-14 21:00:00+00:00
BTC_MR_RSI_Exhaust,BTC,MR_RSI_Exhaust,1161,1164,4,-2150.43,2025-12-19 10:00:00+00:00,2025-12-22 10:00:00+00:00
BTC_MR_RSI_Exhaust,BTC,MR_RSI_Exhaust,1166,1167,2,-1023.97,2025-12-23 03:00:00+00:00,2025-12-23 06:00:00+00:00
BTC_MR_RSI_Exhaust,BTC,MR_RSI_Exhaust,1172,1173,2,-426.46,2025-12-28 01:00:00+00:00,2025-12-29 03:00:00+00:00
BTC_MR_RSI_Exhaust,BTC,MR_RSI_Exhaust,1180,1188,9,-2363.04,2026-01-01 19:00:00+00:00,2026-01-04 07:00:00+00:00
BTC_MR_RSI_Exhaust,BTC,MR_RSI_Exhaust,1191,1192,2,-795.61,2026-01-05 09:00:00+00:00,2026-01-05 11:00:00+00:00
BTC_MR_RSI_Exhaust,BTC,MR_RSI_Exhaust,1196,1198,3,-1331.62,2026-01-07 14:00:00+00:00,2026-01-07 19:00:00+00:00
BTC_MR_RSI_Exhaust,BTC,MR_RSI_Exhaust,1204,1207,4,-2175.71,2026-01-13 16:00:00+00:00,2026-01-14 17:00:00+00:00
BTC_MR_RSI_Exhaust,BTC,MR_RSI_Exhaust,1210,1217,8,-3247.93,2026-01-17 06:00:00+00:00,2026-01-20 19:00:00+00:00
BTC_MR_RSI_Exhaust,BTC,MR_RSI_Exhaust,1221,1225,5,-895.73,2026-01-24 08:00:00+00:00,2026-01-25 07:00:00+00:00
BTC_MR_RSI_Exhaust,BTC,MR_RSI_Exhaust,1227,1229,3,-1108.83,2026-01-25 17:00:00+00:00,2026-01-25 21:00:00+00:00
BTC_MR_RSI_Exhaust,BTC,MR_RSI_Exhaust,1233,1237,5,-2608.34,2026-01-28 08:00:00+00:00,2026-01-29 19:00:00+00:00
BTC_MR_RSI_Exhaust,BTC,MR_RSI_Exhaust,1240,1244,5,-2872.04,2026-01-31 10:00:00+00:00,2026-01-31 20:00:00+00:00
BTC_MR_RSI_Exhaust,BTC,MR_RSI_Exhaust,1251,1257,7,-7404.15,2026-02-04 21:00:00+00:00,2026-02-05 21:00:00+00:00
BTC_MR_RSI_Exhaust,BTC,MR_RSI_Exhaust,1259,1260,2,-2516.77,2026-02-06 14:00:00+00:00,2026-02-06 17:00:00+00:00
BTC_MR_RSI_Exhaust,BTC,MR_RSI_Exhaust,1264,1267,4,-2143.47,2026-02-10 10:00:00+00:00,2026-02-11 08:00:00+00:00
BTC_MR_RSI_Exhaust,BTC,MR_RSI_Exhaust,1269,1273,5,-2256.97,2026-02-11 15:00:00+00:00,2026-02-14 11:00:00+00:00
BTC_MR_RSI_Exhaust,BTC,MR_RSI_Exhaust,1278,1281,4,-1889.76,2026-02-17 17:00:00+00:00,2026-02-20 06:00:00+00:00
BTC_MR_RSI_Exhaust,BTC,MR_RSI_Exhaust,1283,1284,2,-508.53,2026-02-21 18:00:00+00:00,2026-02-23 01:00:00+00:00
BTC_MR_RSI_Exhaust,BTC,MR_RSI_Exhaust,1286,1288,3,-1639.15,2026-02-24 00:00:00+00:00,2026-02-24 04:00:00+00:00
BTC_MR_RSI_Exhaust,BTC,MR_RSI_Exhaust,1290,1294,5,-2681.71,2026-02-24 19:00:00+00:00,2026-02-25 19:00:00+00:00
BTC_MR_RSI_Exhaust,BTC,MR_RSI_Exhaust,1298,1300,3,-1462.7,2026-02-27 12:00:00+00:00,2026-02-27 23:00:00+00:00
BTC_MR_RSI_Exhaust,BTC,MR_RSI_Exhaust,1307,1309,3,-1505.75,2026-03-03 07:00:00+00:00,2026-03-03 11:00:00+00:00
BTC_MR_RSI_Exhaust,BTC,MR_RSI_Exhaust,1311,1313,3,-2181.26,2026-03-04 09:00:00+00:00,2026-03-04 15:00:00+00:00
BTC_MR_RSI_Exhaust,BTC,MR_RSI_Exhaust,1315,1319,5,-2463.51,2026-03-06 01:00:00+00:00,2026-03-07 20:00:00+00:00
BTC_MR_RSI_Exhaust,BTC,MR_RSI_Exhaust,1322,1325,4,-2550.58,2026-03-09 13:00:00+00:00,2026-03-10 09:00:00+00:00
BTC_MR_RSI_Exhaust,BTC,MR_RSI_Exhaust,1328,1329,2,-1010.53,2026-03-13 09:00:00+00:00,2026-03-13 11:00:00+00:00
BTC_MR_RSI_Exhaust,BTC,MR_RSI_Exhaust,1333,1335,3,-1044.6,2026-03-15 05:00:00+00:00,2026-03-16 04:00:00+00:00
BTC_MR_RSI_Exhaust,BTC,MR_RSI_Exhaust,1339,1345,7,-3256.99,2026-03-18 12:00:00+00:00,2026-03-20 05:00:00+00:00
BTC_MR_RSI_Exhaust,BTC,MR_RSI_Exhaust,1349,1352,4,-1495.86,2026-03-22 04:00:00+00:00,2026-03-22 22:00:00+00:00
BTC_MR_RSI_Exhaust,BTC,MR_RSI_Exhaust,1354,1355,2,-832.81,2026-03-25 07:00:00+00:00,2026-03-25 09:00:00+00:00
BTC_MR_RSI_Exhaust,BTC,MR_RSI_Exhaust,1357,1359,3,-1145.52,2026-03-26 07:00:00+00:00,2026-03-26 16:00:00+00:00
BTC_MR_RSI_Exhaust,BTC,MR_RSI_Exhaust,1361,1363,3,-1374.67,2026-03-26 21:00:00+00:00,2026-03-27 15:00:00+00:00
BTC_MR_RSI_Exhaust,BTC,MR_RSI_Exhaust,1375,1381,7,-2674.05,2026-04-05 21:00:00+00:00,2026-04-07 23:00:00+00:00
BTC_MR_RSI_Exhaust,BTC,MR_RSI_Exhaust,1383,1387,5,-2068.12,2026-04-12 09:00:00+00:00,2026-04-13 23:00:00+00:00
BTC_MR_RSI_Exhaust,BTC,MR_RSI_Exhaust,1392,1395,4,-1191.07,2026-04-18 10:00:00+00:00,2026-04-19 07:00:00+00:00
BTC_MR_RSI_Exhaust,BTC,MR_RSI_Exhaust,1399,1401,3,-1564.15,2026-04-22 05:00:00+00:00,2026-04-22 14:00:00+00:00
BTC_MR_RSI_Exhaust,BTC,MR_RSI_Exhaust,1403,1404,2,-542.04,2026-04-25 02:00:00+00:00,2026-04-26 06:00:00+00:00
BTC_MR_RSI_Exhaust,BTC,MR_RSI_Exhaust,1406,1407,2,-831.18,2026-04-27 15:00:00+00:00,2026-04-27 17:00:00+00:00
BTC_MR_RSI_Exhaust,BTC,MR_RSI_Exhaust,1409,1410,2,-606.02,2026-04-29 04:00:00+00:00,2026-04-29 06:00:00+00:00
NASDAQ_VOL_ATR_Expand,NASDAQ,VOL_ATR_Expand,5,8,4,-260.67,2024-05-23 05:00:00+00:00,2024-06-07 19:00:00+00:00
NASDAQ_VOL_ATR_Expand,NASDAQ,VOL_ATR_Expand,11,13,3,-184.65,2024-06-13 01:00:00+00:00,2024-06-20 17:00:00+00:00
NASDAQ_VOL_ATR_Expand,NASDAQ,VOL_ATR_Expand,15,18,4,-228.8,2024-06-26 22:00:00+00:00,2024-07-11 16:00:00+00:00
NASDAQ_VOL_ATR_Expand,NASDAQ,VOL_ATR_Expand,23,25,3,-373.97,2024-07-25 20:00:00+00:00,2024-07-31 00:00:00+00:00
NASDAQ_VOL_ATR_Expand,NASDAQ,VOL_ATR_Expand,30,33,4,-404.55,2024-08-28 22:00:00+00:00,2024-09-17 20:00:00+00:00
NASDAQ_VOL_ATR_Expand,NASDAQ,VOL_ATR_Expand,37,39,3,-205.09,2024-10-15 19:00:00+00:00,2024-10-23 23:00:00+00:00
NASDAQ_VOL_ATR_Expand,NASDAQ,VOL_ATR_Expand,43,44,2,-168.93,2024-11-20 23:00:00+00:00,2024-11-26 00:00:00+00:00
NASDAQ_VOL_ATR_Expand,NASDAQ,VOL_ATR_Expand,47,49,3,-277.45,2024-12-18 20:00:00+00:00,2024-12-30 01:00:00+00:00
NASDAQ_VOL_ATR_Expand,NASDAQ,VOL_ATR_Expand,55,62,8,-901.2,2025-01-14 21:00:00+00:00,2025-02-03 06:00:00+00:00
NASDAQ_VOL_ATR_Expand,NASDAQ,VOL_ATR_Expand,69,70,2,-171.9,2025-03-19 20:00:00+00:00,2025-03-26 19:00:00+00:00
NASDAQ_VOL_ATR_Expand,NASDAQ,VOL_ATR_Expand,78,79,2,-216.83,2025-05-06 23:00:00+00:00,2025-05-21 20:00:00+00:00
NASDAQ_VOL_ATR_Expand,NASDAQ,VOL_ATR_Expand,82,85,4,-385.66,2025-05-29 01:00:00+00:00,2025-06-05 20:00:00+00:00
NASDAQ_VOL_ATR_Expand,NASDAQ,VOL_ATR_Expand,91,92,2,-96.0,2025-07-29 18:00:00+00:00,2025-07-29 20:00:00+00:00
NASDAQ_VOL_ATR_Expand,NASDAQ,VOL_ATR_Expand,94,98,5,-408.19,2025-07-30 23:00:00+00:00,2025-08-20 17:00:00+00:00
NASDAQ_VOL_ATR_Expand,NASDAQ,VOL_ATR_Expand,107,109,3,-334.13,2025-09-17 01:00:00+00:00,2025-09-25 20:00:00+00:00
NASDAQ_VOL_ATR_Expand,NASDAQ,VOL_ATR_Expand,111,113,3,-368.41,2025-10-10 16:00:00+00:00,2025-10-22 17:00:00+00:00
NASDAQ_VOL_ATR_Expand,NASDAQ,VOL_ATR_Expand,118,120,3,-415.91,2025-10-30 04:00:00+00:00,2025-11-20 21:00:00+00:00
NASDAQ_VOL_ATR_Expand,NASDAQ,VOL_ATR_Expand,122,132,11,-1365.5,2025-12-10 20:00:00+00:00,2026-01-14 23:00:00+00:00
NASDAQ_VOL_ATR_Expand,NASDAQ,VOL_ATR_Expand,136,138,3,-328.18,2026-01-28 23:00:00+00:00,2026-01-30 03:00:00+00:00
NASDAQ_VOL_ATR_Expand,NASDAQ,VOL_ATR_Expand,144,146,3,-408.11,2026-02-23 02:00:00+00:00,2026-03-18 20:00:00+00:00
GOLD_TF_Momentum,GOLD,TF_Momentum,2,4,3,-222.64,2024-05-15 09:00:00+00:00,2024-05-15 13:00:00+00:00
GOLD_TF_Momentum,GOLD,TF_Momentum,6,7,2,-237.75,2024-05-16 02:00:00+00:00,2024-05-16 14:00:00+00:00
GOLD_TF_Momentum,GOLD,TF_Momentum,12,14,3,-432.11,2024-05-20 06:00:00+00:00,2024-05-20 13:00:00+00:00
GOLD_TF_Momentum,GOLD,TF_Momentum,16,17,2,-249.54,2024-05-21 04:00:00+00:00,2024-05-21 13:00:00+00:00
GOLD_TF_Momentum,GOLD,TF_Momentum,22,23,2,-230.57,2024-05-23 18:00:00+00:00,2024-05-28 05:00:00+00:00
GOLD_TF_Momentum,GOLD,TF_Momentum,29,33,5,-844.28,2024-05-30 03:00:00+00:00,2024-05-31 18:00:00+00:00
GOLD_TF_Momentum,GOLD,TF_Momentum,35,37,3,-300.64,2024-06-06 02:00:00+00:00,2024-06-06 16:00:00+00:00
GOLD_TF_Momentum,GOLD,TF_Momentum,40,44,5,-491.46,2024-06-07 20:00:00+00:00,2024-06-11 13:00:00+00:00
GOLD_TF_Momentum,GOLD,TF_Momentum,46,50,5,-527.56,2024-06-12 13:00:00+00:00,2024-06-14 11:00:00+00:00
GOLD_TF_Momentum,GOLD,TF_Momentum,52,53,2,-167.47,2024-06-17 16:00:00+00:00,2024-06-18 01:00:00+00:00
GOLD_TF_Momentum,GOLD,TF_Momentum,55,56,2,-139.18,2024-06-18 11:00:00+00:00,2024-06-18 13:00:00+00:00
GOLD_TF_Momentum,GOLD,TF_Momentum,61,62,2,-228.1,2024-06-20 15:00:00+00:00,2024-06-20 17:00:00+00:00
GOLD_TF_Momentum,GOLD,TF_Momentum,69,70,2,-148.93,2024-06-27 15:00:00+00:00,2024-06-28 02:00:00+00:00
GOLD_TF_Momentum,GOLD,TF_Momentum,72,76,5,-423.32,2024-06-28 13:00:00+00:00,2024-07-03 14:30:00+00:00
GOLD_TF_Momentum,GOLD,TF_Momentum,80,83,4,-376.39,2024-07-08 16:00:00+00:00,2024-07-09 17:00:00+00:00
GOLD_TF_Momentum,GOLD,TF_Momentum,85,87,3,-219.32,2024-07-10 14:00:00+00:00,2024-07-10 23:00:00+00:00
GOLD_TF_Momentum,GOLD,TF_Momentum,92,94,3,-230.04,2024-07-12 13:00:00+00:00,2024-07-15 07:00:00+00:00
GOLD_TF_Momentum,GOLD,TF_Momentum,101,104,4,-415.08,2024-07-17 14:00:00+00:00,2024-07-18 11:00:00+00:00
GOLD_TF_Momentum,GOLD,TF_Momentum,110,112,3,-279.53,2024-07-22 15:00:00+00:00,2024-07-23 12:00:00+00:00
GOLD_TF_Momentum,GOLD,TF_Momentum,117,118,2,-256.82,2024-07-25 02:00:00+00:00,2024-07-28 23:00:00+00:00
GOLD_TF_Momentum,GOLD,TF_Momentum,123,124,2,-521.89,2024-07-30 10:00:00+00:00,2024-07-30 12:00:00+00:00
GOLD_TF_Momentum,GOLD,TF_Momentum,126,129,4,-665.78,2024-08-02 06:00:00+00:00,2024-08-05 04:00:00+00:00
GOLD_TF_Momentum,GOLD,TF_Momentum,131,132,2,-433.5,2024-08-05 12:00:00+00:00,2024-08-05 16:00:00+00:00
GOLD_TF_Momentum,GOLD,TF_Momentum,136,142,7,-670.81,2024-08-12 18:00:00+00:00,2024-08-15 14:00:00+00:00
GOLD_TF_Momentum,GOLD,TF_Momentum,146,147,2,-234.22,2024-08-16 20:00:00+00:00,2024-08-19 11:00:00+00:00
GOLD_TF_Momentum,GOLD,TF_Momentum,149,152,4,-425.24,2024-08-20 09:00:00+00:00,2024-08-21 19:00:00+00:00
GOLD_TF_Momentum,GOLD,TF_Momentum,157,160,4,-320.89,2024-08-26 09:00:00+00:00,2024-08-27 15:00:00+00:00
GOLD_TF_Momentum,GOLD,TF_Momentum,162,163,2,-194.89,2024-08-28 13:00:00+00:00,2024-08-28 17:00:00+00:00
GOLD_TF_Momentum,GOLD,TF_Momentum,165,168,4,-338.79,2024-08-29 18:00:00+00:00,2024-08-30 12:00:00+00:00
GOLD_TF_Momentum,GOLD,TF_Momentum,173,174,2,-276.85,2024-09-03 15:00:00+00:00,2024-09-03 18:00:00+00:00
GOLD_TF_Momentum,GOLD,TF_Momentum,184,187,4,-298.93,2024-09-11 07:00:00+00:00,2024-09-11 17:00:00+00:00
GOLD_TF_Momentum,GOLD,TF_Momentum,193,196,4,-487.28,2024-09-17 16:00:00+00:00,2024-09-18 22:00:00+00:00
GOLD_TF_Momentum,GOLD,TF_Momentum,201,202,2,-166.07,2024-09-23 14:00:00+00:00,2024-09-24 10:00:00+00:00
GOLD_TF_Momentum,GOLD,TF_Momentum,205,207,3,-306.85,2024-09-26 12:00:00+00:00,2024-09-27 15:00:00+00:00
GOLD_TF_Momentum,GOLD,TF_Momentum,211,212,2,-192.65,2024-10-01 14:00:00+00:00,2024-10-01 16:00:00+00:00
GOLD_TF_Momentum,GOLD,TF_Momentum,214,216,3,-321.75,2024-10-03 15:00:00+00:00,2024-10-04 13:00:00+00:00
GOLD_TF_Momentum,GOLD,TF_Momentum,218,222,5,-606.75,2024-10-07 13:00:00+00:00,2024-10-08 15:00:00+00:00
GOLD_TF_Momentum,GOLD,TF_Momentum,224,228,5,-410.68,2024-10-14 07:00:00+00:00,2024-10-15 13:00:00+00:00
GOLD_TF_Momentum,GOLD,TF_Momentum,236,237,2,-182.68,2024-10-21 13:00:00+00:00,2024-10-21 15:00:00+00:00
GOLD_TF_Momentum,GOLD,TF_Momentum,239,248,10,-882.22,2024-10-23 06:00:00+00:00,2024-10-28 08:00:00+00:00
GOLD_TF_Momentum,GOLD,TF_Momentum,253,254,2,-195.75,2024-10-31 16:00:00+00:00,2024-11-01 06:00:00+00:00
GOLD_TF_Momentum,GOLD,TF_Momentum,258,261,4,-348.75,2024-11-05 03:00:00+00:00,2024-11-05 16:00:00+00:00
GOLD_TF_Momentum,GOLD,TF_Momentum,266,267,2,-417.96,2024-11-06 15:00:00+00:00,2024-11-07 15:00:00+00:00
GOLD_TF_Momentum,GOLD,TF_Momentum,271,272,2,-218.89,2024-11-12 10:00:00+00:00,2024-11-12 13:00:00+00:00
GOLD_TF_Momentum,GOLD,TF_Momentum,276,283,8,-967.6,2024-11-14 10:00:00+00:00,2024-11-15 21:00:00+00:00
GOLD_TF_Momentum,GOLD,TF_Momentum,295,296,2,-291.32,2024-11-24 23:00:00+00:00,2024-11-25 02:00:00+00:00
GOLD_TF_Momentum,GOLD,TF_Momentum,298,299,2,-336.11,2024-11-25 15:00:00+00:00,2024-11-27 09:00:00+00:00
GOLD_TF_Momentum,GOLD,TF_Momentum,301,304,4,-1050.07,2024-11-27 13:00:00+00:00,2024-12-05 16:00:00+00:00
GOLD_TF_Momentum,GOLD,TF_Momentum,310,313,4,-589.72,2024-12-18 23:00:00+00:00,2024-12-19 14:00:00+00:00
GOLD_TF_Momentum,GOLD,TF_Momentum,315,317,3,-296.25,2024-12-20 16:00:00+00:00,2024-12-23 11:00:00+00:00
GOLD_TF_Momentum,GOLD,TF_Momentum,321,323,3,-248.03,2024-12-27 15:00:00+00:00,2024-12-30 09:00:00+00:00
GOLD_TF_Momentum,GOLD,TF_Momentum,325,326,2,-180.11,2024-12-30 16:00:00+00:00,2024-12-31 08:00:00+00:00
GOLD_TF_Momentum,GOLD,TF_Momentum,333,336,4,-400.6,2025-01-06 08:00:00+00:00,2025-01-06 14:00:00+00:00
GOLD_TF_Momentum,GOLD,TF_Momentum,352,358,7,-604.92,2025-01-16 14:00:00+00:00,2025-01-21 14:00:00+00:00
GOLD_TF_Momentum,GOLD,TF_Momentum,371,374,4,-959.56,2025-01-30 10:00:00+00:00,2025-01-31 20:00:00+00:00
GOLD_TF_Momentum,GOLD,TF_Momentum,384,386,3,-342.64,2025-02-13 05:00:00+00:00,2025-02-13 18:00:00+00:00
GOLD_TF_Momentum,GOLD,TF_Momentum,391,393,3,-315.75,2025-02-18 20:00:00+00:00,2025-02-19 10:00:00+00:00
GOLD_TF_Momentum,GOLD,TF_Momentum,395,397,3,-373.08,2025-02-19 19:00:00+00:00,2025-02-20 15:00:00+00:00
GOLD_TF_Momentum,GOLD,TF_Momentum,401,402,2,-228.32,2025-02-24 17:00:00+00:00,2025-02-25 08:00:00+00:00
GOLD_TF_Momentum,GOLD,TF_Momentum,411,412,2,-291.21,2025-02-28 15:00:00+00:00,2025-02-28 17:00:00+00:00
GOLD_TF_Momentum,GOLD,TF_Momentum,419,423,5,-605.25,2025-03-06 10:00:00+00:00,2025-03-10 09:00:00+00:00
GOLD_TF_Momentum,GOLD,TF_Momentum,434,435,2,-154.83,2025-03-19 06:00:00+00:00,2025-03-19 09:00:00+00:00
GOLD_TF_Momentum,GOLD,TF_Momentum,437,439,3,-345.43,2025-03-19 19:00:00+00:00,2025-03-20 20:00:00+00:00
GOLD_TF_Momentum,GOLD,TF_Momentum,441,445,5,-590.35,2025-03-21 14:00:00+00:00,2025-03-24 16:00:00+00:00
GOLD_TF_Momentum,GOLD,TF_Momentum,447,451,5,-441.54,2025-03-25 15:00:00+00:00,2025-03-26 16:00:00+00:00
GOLD_TF_Momentum,GOLD,TF_Momentum,458,461,4,-906.0,2025-03-28 08:00:00+00:00,2025-03-28 14:00:00+00:00
GOLD_TF_Momentum,GOLD,TF_Momentum,463,465,3,-1566.97,2025-04-01 03:00:00+00:00,2025-04-02 22:00:00+00:00
GOLD_TF_Momentum,GOLD,TF_Momentum,477,478,2,-405.96,2025-04-16 19:00:00+00:00,2025-04-17 08:00:00+00:00
GOLD_TF_Momentum,GOLD,TF_Momentum,480,481,2,-474.22,2025-04-17 15:00:00+00:00,2025-04-17 17:00:00+00:00
GOLD_TF_Momentum,GOLD,TF_Momentum,486,487,2,-576.0,2025-04-22 07:00:00+00:00,2025-04-22 09:00:00+00:00
GOLD_TF_Momentum,GOLD,TF_Momentum,491,498,8,-2385.42,2025-04-23 07:00:00+00:00,2025-04-28 15:00:00+00:00
GOLD_TF_Momentum,GOLD,TF_Momentum,508,511,4,-1008.86,2025-05-06 22:00:00+00:00,2025-05-08 02:00:00+00:00
GOLD_TF_Momentum,GOLD,TF_Momentum,513,514,2,-539.03,2025-05-08 17:00:00+00:00,2025-05-09 15:00:00+00:00
GOLD_TF_Momentum,GOLD,TF_Momentum,516,518,3,-702.0,2025-05-12 08:00:00+00:00,2025-05-13 13:00:00+00:00
GOLD_TF_Momentum,GOLD,TF_Momentum,522,523,2,-432.54,2025-05-15 07:00:00+00:00,2025-05-15 10:00:00+00:00
GOLD_TF_Momentum,GOLD,TF_Momentum,536,537,2,-404.68,2025-05-23 13:00:00+00:00,2025-05-23 15:00:00+00:00
GOLD_TF_Momentum,GOLD,TF_Momentum,540,542,3,-527.78,2025-05-27 15:00:00+00:00,2025-05-28 14:00:00+00:00
GOLD_TF_Momentum,GOLD,TF_Momentum,544,546,3,-674.36,2025-05-29 00:00:00+00:00,2025-05-29 08:00:00+00:00
GOLD_TF_Momentum,GOLD,TF_Momentum,551,558,8,-1415.35,2025-06-03 15:00:00+00:00,2025-06-06 03:00:00+00:00
GOLD_TF_Momentum,GOLD,TF_Momentum,561,563,3,-503.03,2025-06-09 02:00:00+00:00,2025-06-10 02:00:00+00:00
GOLD_TF_Momentum,GOLD,TF_Momentum,576,577,2,-262.07,2025-06-20 07:00:00+00:00,2025-06-20 10:00:00+00:00
GOLD_TF_Momentum,GOLD,TF_Momentum,579,582,4,-674.89,2025-06-22 23:00:00+00:00,2025-06-23 14:00:00+00:00
GOLD_TF_Momentum,GOLD,TF_Momentum,584,586,3,-447.96,2025-06-24 07:00:00+00:00,2025-06-26 13:00:00+00:00
GOLD_TF_Momentum,GOLD,TF_Momentum,595,598,4,-445.82,2025-07-01 13:00:00+00:00,2025-07-02 07:00:00+00:00
GOLD_TF_Momentum,GOLD,TF_Momentum,600,602,3,-368.25,2025-07-02 23:00:00+00:00,2025-07-03 14:30:00+00:00
GOLD_TF_Momentum,GOLD,TF_Momentum,615,617,3,-374.79,2025-07-11 13:00:00+00:00,2025-07-15 04:00:00+00:00
GOLD_TF_Momentum,GOLD,TF_Momentum,619,621,3,-415.28,2025-07-15 16:00:00+00:00,2025-07-17 08:00:00+00:00
GOLD_TF_Momentum,GOLD,TF_Momentum,627,628,2,-244.82,2025-07-21 15:00:00+00:00,2025-07-22 02:00:00+00:00
GOLD_TF_Momentum,GOLD,TF_Momentum,637,638,2,-282.75,2025-07-28 14:00:00+00:00,2025-07-28 16:00:00+00:00
GOLD_TF_Momentum,GOLD,TF_Momentum,640,642,3,-786.1,2025-07-30 08:00:00+00:00,2025-07-30 12:00:00+00:00
GOLD_TF_Momentum,GOLD,TF_Momentum,644,647,4,-460.39,2025-08-04 12:00:00+00:00,2025-08-05 15:00:00+00:00
GOLD_TF_Momentum,GOLD,TF_Momentum,649,650,2,-187.93,2025-08-06 10:00:00+00:00,2025-08-06 12:00:00+00:00
GOLD_TF_Momentum,GOLD,TF_Momentum,652,653,2,-235.82,2025-08-07 07:00:00+00:00,2025-08-07 09:00:00+00:00
GOLD_TF_Momentum,GOLD,TF_Momentum,655,657,3,-744.53,2025-08-07 22:00:00+00:00,2025-08-10 22:00:00+00:00
GOLD_TF_Momentum,GOLD,TF_Momentum,659,663,5,-698.35,2025-08-12 15:00:00+00:00,2025-08-18 07:00:00+00:00
GOLD_TF_Momentum,GOLD,TF_Momentum,669,674,6,-677.37,2025-08-21 12:00:00+00:00,2025-08-26 01:00:00+00:00
GOLD_TF_Momentum,GOLD,TF_Momentum,684,685,2,-306.96,2025-09-03 17:00:00+00:00,2025-09-03 20:00:00+00:00
GOLD_TF_Momentum,GOLD,TF_Momentum,698,701,4,-570.21,2025-09-15 16:00:00+00:00,2025-09-17 19:00:00+00:00
GOLD_TF_Momentum,GOLD,TF_Momentum,703,705,3,-599.68,2025-09-18 07:00:00+00:00,2025-09-18 14:00:00+00:00
GOLD_TF_Momentum,GOLD,TF_Momentum,710,713,4,-652.83,2025-09-23 09:00:00+00:00,2025-09-24 12:00:00+00:00
GOLD_TF_Momentum,GOLD,TF_Momentum,715,720,6,-1068.96,2025-09-24 19:00:00+00:00,2025-09-26 15:00:00+00:00
GOLD_TF_Momentum,GOLD,TF_Momentum,724,734,11,-2170.27,2025-09-30 04:00:00+00:00,2025-10-02 22:00:00+00:00
GOLD_TF_Momentum,GOLD,TF_Momentum,741,743,3,-682.08,2025-10-08 17:00:00+00:00,2025-10-09 12:00:00+00:00
GOLD_TF_Momentum,GOLD,TF_Momentum,758,761,4,-1725.96,2025-10-16 23:00:00+00:00,2025-10-20 13:00:00+00:00
GOLD_TF_Momentum,GOLD,TF_Momentum,765,769,5,-2366.37,2025-10-22 01:00:00+00:00,2025-10-24 08:00:00+00:00
GOLD_TF_Momentum,GOLD,TF_Momentum,773,774,2,-715.93,2025-10-28 08:00:00+00:00,2025-10-28 17:00:00+00:00
GOLD_TF_Momentum,GOLD,TF_Momentum,776,777,2,-617.57,2025-10-29 10:00:00+00:00,2025-10-29 16:00:00+00:00
GOLD_TF_Momentum,GOLD,TF_Momentum,779,782,4,-1528.61,2025-10-29 23:00:00+00:00,2025-11-03 01:00:00+00:00
GOLD_TF_Momentum,GOLD,TF_Momentum,784,785,2,-477.75,2025-11-04 15:00:00+00:00,2025-11-05 09:00:00+00:00
GOLD_TF_Momentum,GOLD,TF_Momentum,787,788,2,-345.32,2025-11-06 08:00:00+00:00,2025-11-06 16:00:00+00:00
GOLD_TF_Momentum,GOLD,TF_Momentum,793,799,7,-1355.36,2025-11-11 00:00:00+00:00,2025-11-12 08:00:00+00:00
GOLD_TF_Momentum,GOLD,TF_Momentum,804,806,3,-925.28,2025-11-13 19:00:00+00:00,2025-11-14 08:00:00+00:00
GOLD_TF_Momentum,GOLD,TF_Momentum,810,811,2,-681.86,2025-11-17 20:00:00+00:00,2025-11-17 23:00:00+00:00
GOLD_TF_Momentum,GOLD,TF_Momentum,813,814,2,-527.89,2025-11-19 10:00:00+00:00,2025-11-19 17:00:00+00:00
GOLD_TF_Momentum,GOLD,TF_Momentum,816,819,4,-1249.07,2025-11-21 07:00:00+00:00,2025-11-24 02:00:00+00:00
GOLD_TF_Momentum,GOLD,TF_Momentum,822,823,2,-770.36,2025-11-25 09:00:00+00:00,2025-11-25 14:00:00+00:00
GOLD_TF_Momentum,GOLD,TF_Momentum,829,830,2,-517.4,2025-12-07 23:00:00+00:00,2025-12-10 21:00:00+00:00
GOLD_TF_Momentum,GOLD,TF_Momentum,840,843,4,-824.35,2025-12-17 18:00:00+00:00,2025-12-19 02:00:00+00:00
GOLD_TF_Momentum,GOLD,TF_Momentum,848,855,8,-2147.66,2025-12-23 02:00:00+00:00,2025-12-26 09:00:00+00:00
GOLD_TF_Momentum,GOLD,TF_Momentum,859,863,5,-1747.83,2025-12-31 06:00:00+00:00,2026-01-05 00:00:00+00:00
GOLD_TF_Momentum,GOLD,TF_Momentum,882,883,2,-1031.89,2026-01-21 20:00:00+00:00,2026-01-21 23:00:00+00:00
GOLD_TF_Momentum,GOLD,TF_Momentum,885,887,3,-1005.33,2026-01-23 00:00:00+00:00,2026-01-23 14:00:00+00:00
GOLD_TF_Momentum,GOLD,TF_Momentum,890,892,3,-1487.25,2026-01-26 07:00:00+00:00,2026-01-27 02:00:00+00:00
GOLD_TF_Momentum,GOLD,TF_Momentum,898,899,2,-1835.25,2026-01-29 00:00:00+00:00,2026-01-29 16:00:00+00:00
GOLD_TF_Momentum,GOLD,TF_Momentum,902,904,3,-4246.92,2026-02-02 19:00:00+00:00,2026-02-03 17:00:00+00:00
GOLD_TF_Momentum,GOLD,TF_Momentum,916,917,2,-876.43,2026-02-11 12:00:00+00:00,2026-02-11 18:00:00+00:00
GOLD_TF_Momentum,GOLD,TF_Momentum,919,921,3,-1521.86,2026-02-12 17:00:00+00:00,2026-02-17 06:00:00+00:00
GOLD_TF_Momentum,GOLD,TF_Momentum,932,935,4,-1596.85,2026-02-24 15:00:00+00:00,2026-02-26 16:00:00+00:00
GOLD_TF_Momentum,GOLD,TF_Momentum,937,939,3,-1444.17,2026-03-01 23:00:00+00:00,2026-03-02 17:00:00+00:00
GOLD_TF_Momentum,GOLD,TF_Momentum,944,956,13,-6396.53,2026-03-03 16:00:00+00:00,2026-03-12 09:00:00+00:00
GOLD_TF_Momentum,GOLD,TF_Momentum,962,964,3,-1010.79,2026-03-16 00:00:00+00:00,2026-03-17 12:00:00+00:00
GOLD_TF_Momentum,GOLD,TF_Momentum,970,972,3,-2298.65,2026-03-19 13:00:00+00:00,2026-03-20 02:00:00+00:00
GOLD_TF_Momentum,GOLD,TF_Momentum,976,978,3,-3822.21,2026-03-23 07:00:00+00:00,2026-03-24 01:00:00+00:00
GOLD_TF_Momentum,GOLD,TF_Momentum,982,984,3,-1612.29,2026-03-26 06:00:00+00:00,2026-03-30 02:00:00+00:00
GOLD_TF_Momentum,GOLD,TF_Momentum,994,1002,9,-3485.68,2026-04-07 23:00:00+00:00,2026-04-13 08:00:00+00:00
GOLD_TF_Momentum,GOLD,TF_Momentum,1004,1005,2,-613.6,2026-04-14 18:00:00+00:00,2026-04-15 10:00:00+00:00
GOLD_TF_Momentum,GOLD,TF_Momentum,1009,1013,5,-2166.74,2026-04-17 14:00:00+00:00,2026-04-20 10:00:00+00:00
GOLD_TF_Momentum,GOLD,TF_Momentum,1015,1016,2,-818.15,2026-04-21 17:00:00+00:00,2026-04-22 04:00:00+00:00
GOLD_TF_Momentum,GOLD,TF_Momentum,1018,1020,3,-998.57,2026-04-23 23:00:00+00:00,2026-04-26 23:00:00+00:00
DXY_MR_EMA_Dist,DXY,MR_EMA_Dist,2,5,4,-210.57,2024-05-14 14:00:00+00:00,2024-05-15 10:00:00+00:00
DXY_MR_EMA_Dist,DXY,MR_EMA_Dist,7,8,2,-260.86,2024-05-15 15:00:00+00:00,2024-05-15 17:00:00+00:00
DXY_MR_EMA_Dist,DXY,MR_EMA_Dist,17,19,3,-187.86,2024-05-22 09:00:00+00:00,2024-05-22 13:00:00+00:00
DXY_MR_EMA_Dist,DXY,MR_EMA_Dist,23,25,3,-192.85,2024-05-24 13:00:00+00:00,2024-05-28 05:00:00+00:00
DXY_MR_EMA_Dist,DXY,MR_EMA_Dist,29,30,2,-181.78,2024-05-29 14:00:00+00:00,2024-05-29 16:00:00+00:00
DXY_MR_EMA_Dist,DXY,MR_EMA_Dist,34,35,2,-131.5,2024-05-31 10:00:00+00:00,2024-05-31 12:00:00+00:00
DXY_MR_EMA_Dist,DXY,MR_EMA_Dist,38,39,2,-171.93,2024-06-03 14:00:00+00:00,2024-06-03 16:00:00+00:00
DXY_MR_EMA_Dist,DXY,MR_EMA_Dist,42,44,3,-206.28,2024-06-04 11:00:00+00:00,2024-06-04 16:00:00+00:00
DXY_MR_EMA_Dist,DXY,MR_EMA_Dist,50,53,4,-427.8,2024-06-07 13:00:00+00:00,2024-06-10 04:00:00+00:00
DXY_MR_EMA_Dist,DXY,MR_EMA_Dist,58,59,2,-123.5,2024-06-11 11:00:00+00:00,2024-06-11 13:00:00+00:00
DXY_MR_EMA_Dist,DXY,MR_EMA_Dist,65,71,7,-591.78,2024-06-13 16:00:00+00:00,2024-06-14 13:00:00+00:00
DXY_MR_EMA_Dist,DXY,MR_EMA_Dist,77,81,5,-291.42,2024-06-20 08:00:00+00:00,2024-06-21 08:00:00+00:00
DXY_MR_EMA_Dist,DXY,MR_EMA_Dist,83,84,2,-120.79,2024-06-24 10:00:00+00:00,2024-06-24 12:00:00+00:00
DXY_MR_EMA_Dist,DXY,MR_EMA_Dist,91,94,4,-210.21,2024-06-26 06:00:00+00:00,2024-06-26 12:00:00+00:00
DXY_MR_EMA_Dist,DXY,MR_EMA_Dist,100,101,2,-203.93,2024-06-30 23:00:00+00:00,2024-07-01 02:00:00+00:00
DXY_MR_EMA_Dist,DXY,MR_EMA_Dist,106,110,5,-479.78,2024-07-02 20:00:00+00:00,2024-07-05 13:00:00+00:00
DXY_MR_EMA_Dist,DXY,MR_EMA_Dist,114,117,4,-182.5,2024-07-10 23:00:00+00:00,2024-07-11 12:00:00+00:00
DXY_MR_EMA_Dist,DXY,MR_EMA_Dist,119,121,3,-376.85,2024-07-11 18:00:00+00:00,2024-07-12 14:00:00+00:00
DXY_MR_EMA_Dist,DXY,MR_EMA_Dist,126,127,2,-102.29,2024-07-17 04:00:00+00:00,2024-07-17 07:00:00+00:00
DXY_MR_EMA_Dist,DXY,MR_EMA_Dist,132,135,4,-284.29,2024-07-18 18:00:00+00:00,2024-07-19 09:00:00+00:00
DXY_MR_EMA_Dist,DXY,MR_EMA_Dist,140,141,2,-121.22,2024-07-23 10:00:00+00:00,2024-07-23 12:00:00+00:00
DXY_MR_EMA_Dist,DXY,MR_EMA_Dist,146,149,4,-340.0,2024-07-29 08:00:00+00:00,2024-07-29 15:00:00+00:00
DXY_MR_EMA_Dist,DXY,MR_EMA_Dist,151,153,3,-300.79,2024-07-31 07:00:00+00:00,2024-07-31 11:00:00+00:00
DXY_MR_EMA_Dist,DXY,MR_EMA_Dist,158,166,9,-1094.21,2024-08-02 09:00:00+00:00,2024-08-05 10:00:00+00:00
DXY_MR_EMA_Dist,DXY,MR_EMA_Dist,176,181,6,-504.65,2024-08-13 13:00:00+00:00,2024-08-14 13:00:00+00:00
DXY_MR_EMA_Dist,DXY,MR_EMA_Dist,187,192,6,-461.43,2024-08-16 12:00:00+00:00,2024-08-19 04:00:00+00:00
DXY_MR_EMA_Dist,DXY,MR_EMA_Dist,194,197,4,-388.28,2024-08-19 10:00:00+00:00,2024-08-19 19:00:00+00:00
DXY_MR_EMA_Dist,DXY,MR_EMA_Dist,199,202,4,-324.64,2024-08-20 06:00:00+00:00,2024-08-20 15:00:00+00:00
DXY_MR_EMA_Dist,DXY,MR_EMA_Dist,204,205,2,-213.14,2024-08-21 15:00:00+00:00,2024-08-21 17:00:00+00:00
DXY_MR_EMA_Dist,DXY,MR_EMA_Dist,210,211,2,-278.29,2024-08-23 15:00:00+00:00,2024-08-23 18:00:00+00:00
DXY_MR_EMA_Dist,DXY,MR_EMA_Dist,215,221,7,-730.43,2024-08-28 17:00:00+00:00,2024-08-30 18:00:00+00:00
DXY_MR_EMA_Dist,DXY,MR_EMA_Dist,225,226,2,-152.21,2024-09-04 15:00:00+00:00,2024-09-05 09:00:00+00:00
DXY_MR_EMA_Dist,DXY,MR_EMA_Dist,228,231,4,-346.0,2024-09-05 16:00:00+00:00,2024-09-06 06:00:00+00:00
DXY_MR_EMA_Dist,DXY,MR_EMA_Dist,233,237,5,-338.07,2024-09-06 12:00:00+00:00,2024-09-09 12:00:00+00:00
DXY_MR_EMA_Dist,DXY,MR_EMA_Dist,245,248,4,-394.94,2024-09-12 18:00:00+00:00,2024-09-13 09:00:00+00:00
DXY_MR_EMA_Dist,DXY,MR_EMA_Dist,250,254,5,-412.13,2024-09-13 19:00:00+00:00,2024-09-16 07:00:00+00:00
DXY_MR_EMA_Dist,DXY,MR_EMA_Dist,256,257,2,-199.64,2024-09-16 16:00:00+00:00,2024-09-16 21:00:00+00:00
DXY_MR_EMA_Dist,DXY,MR_EMA_Dist,268,270,3,-321.65,2024-09-24 15:00:00+00:00,2024-09-24 20:00:00+00:00
DXY_MR_EMA_Dist,DXY,MR_EMA_Dist,274,275,2,-223.14,2024-09-25 16:00:00+00:00,2024-09-25 18:00:00+00:00
DXY_MR_EMA_Dist,DXY,MR_EMA_Dist,283,292,10,-993.58,2024-09-30 19:00:00+00:00,2024-10-03 10:00:00+00:00
DXY_MR_EMA_Dist,DXY,MR_EMA_Dist,294,296,3,-160.21,2024-10-04 06:00:00+00:00,2024-10-04 10:00:00+00:00
DXY_MR_EMA_Dist,DXY,MR_EMA_Dist,300,307,8,-596.16,2024-10-08 13:00:00+00:00,2024-10-10 15:00:00+00:00
DXY_MR_EMA_Dist,DXY,MR_EMA_Dist,310,314,5,-368.21,2024-10-13 23:00:00+00:00,2024-10-14 16:00:00+00:00
DXY_MR_EMA_Dist,DXY,MR_EMA_Dist,318,322,5,-404.14,2024-10-16 11:00:00+00:00,2024-10-17 13:00:00+00:00
DXY_MR_EMA_Dist,DXY,MR_EMA_Dist,325,332,8,-543.86,2024-10-21 08:00:00+00:00,2024-10-23 11:00:00+00:00
DXY_MR_EMA_Dist,DXY,MR_EMA_Dist,334,335,2,-156.57,2024-10-24 06:00:00+00:00,2024-10-24 18:00:00+00:00
DXY_MR_EMA_Dist,DXY,MR_EMA_Dist,337,338,2,-162.57,2024-10-25 20:00:00+00:00,2024-10-27 23:00:00+00:00
DXY_MR_EMA_Dist,DXY,MR_EMA_Dist,343,344,2,-199.5,2024-10-30 16:00:00+00:00,2024-10-31 11:00:00+00:00
DXY_MR_EMA_Dist,DXY,MR_EMA_Dist,351,355,5,-293.5,2024-11-05 08:00:00+00:00,2024-11-05 17:00:00+00:00
DXY_MR_EMA_Dist,DXY,MR_EMA_Dist,357,359,3,-604.43,2024-11-06 01:00:00+00:00,2024-11-06 07:00:00+00:00
DXY_MR_EMA_Dist,DXY,MR_EMA_Dist,363,373,11,-1098.15,2024-11-08 14:00:00+00:00,2024-11-12 18:00:00+00:00
DXY_MR_EMA_Dist,DXY,MR_EMA_Dist,375,380,6,-817.22,2024-11-13 13:00:00+00:00,2024-11-14 12:00:00+00:00
DXY_MR_EMA_Dist,DXY,MR_EMA_Dist,388,389,2,-162.14,2024-11-20 09:00:00+00:00,2024-11-20 11:00:00+00:00
DXY_MR_EMA_Dist,DXY,MR_EMA_Dist,393,397,5,-673.5,2024-11-21 16:00:00+00:00,2024-11-22 11:00:00+00:00
DXY_MR_EMA_Dist,DXY,MR_EMA_Dist,403,405,3,-306.64,2024-11-27 08:00:00+00:00,2024-11-27 12:00:00+00:00
DXY_MR_EMA_Dist,DXY,MR_EMA_Dist,413,417,5,-581.51,2024-12-05 06:00:00+00:00,2024-12-05 20:00:00+00:00
DXY_MR_EMA_Dist,DXY,MR_EMA_Dist,421,424,4,-363.64,2024-12-10 01:00:00+00:00,2024-12-10 15:00:00+00:00
DXY_MR_EMA_Dist,DXY,MR_EMA_Dist,430,431,2,-183.36,2024-12-12 11:00:00+00:00,2024-12-12 14:00:00+00:00
DXY_MR_EMA_Dist,DXY,MR_EMA_Dist,437,438,2,-283.36,2024-12-18 16:00:00+00:00,2024-12-18 20:00:00+00:00
DXY_MR_EMA_Dist,DXY,MR_EMA_Dist,440,442,3,-372.14,2024-12-19 10:00:00+00:00,2024-12-19 16:00:00+00:00
DXY_MR_EMA_Dist,DXY,MR_EMA_Dist,448,449,2,-197.0,2024-12-23 18:00:00+00:00,2024-12-26 05:00:00+00:00
DXY_MR_EMA_Dist,DXY,MR_EMA_Dist,457,458,2,-181.07,2024-12-31 13:00:00+00:00,2024-12-31 15:00:00+00:00
DXY_MR_EMA_Dist,DXY,MR_EMA_Dist,460,464,5,-646.21,2025-01-02 08:00:00+00:00,2025-01-02 16:00:00+00:00
DXY_MR_EMA_Dist,DXY,MR_EMA_Dist,466,467,2,-243.57,2025-01-06 09:00:00+00:00,2025-01-06 12:00:00+00:00
DXY_MR_EMA_Dist,DXY,MR_EMA_Dist,469,470,2,-332.07,2025-01-06 16:00:00+00:00,2025-01-07 08:00:00+00:00
DXY_MR_EMA_Dist,DXY,MR_EMA_Dist,473,476,4,-471.36,2025-01-07 22:00:00+00:00,2025-01-08 14:00:00+00:00
DXY_MR_EMA_Dist,DXY,MR_EMA_Dist,478,479,2,-205.43,2025-01-09 10:00:00+00:00,2025-01-09 17:00:00+00:00
DXY_MR_EMA_Dist,DXY,MR_EMA_Dist,482,483,2,-328.43,2025-01-10 16:00:00+00:00,2025-01-13 04:00:00+00:00
DXY_MR_EMA_Dist,DXY,MR_EMA_Dist,487,488,2,-236.79,2025-01-14 16:00:00+00:00,2025-01-15 08:00:00+00:00
DXY_MR_EMA_Dist,DXY,MR_EMA_Dist,494,497,4,-768.16,2025-01-21 10:00:00+00:00,2025-01-21 18:00:00+00:00
DXY_MR_EMA_Dist,DXY,MR_EMA_Dist,500,502,3,-421.5,2025-01-23 18:00:00+00:00,2025-01-24 07:00:00+00:00
DXY_MR_EMA_Dist,DXY,MR_EMA_Dist,506,508,3,-365.43,2025-01-27 00:00:00+00:00,2025-01-27 11:00:00+00:00
DXY_MR_EMA_Dist,DXY,MR_EMA_Dist,511,515,5,-565.85,2025-01-28 02:00:00+00:00,2025-01-29 13:00:00+00:00
DXY_MR_EMA_Dist,DXY,MR_EMA_Dist,519,520,2,-285.85,2025-01-31 04:00:00+00:00,2025-01-31 10:00:00+00:00
DXY_MR_EMA_Dist,DXY,MR_EMA_Dist,522,523,2,-458.36,2025-01-31 19:00:00+00:00,2025-02-03 00:00:00+00:00
DXY_MR_EMA_Dist,DXY,MR_EMA_Dist,526,532,7,-866.85,2025-02-04 14:00:00+00:00,2025-02-05 12:00:00+00:00
DXY_MR_EMA_Dist,DXY,MR_EMA_Dist,544,545,2,-395.78,2025-02-13 19:00:00+00:00,2025-02-13 21:00:00+00:00
DXY_MR_EMA_Dist,DXY,MR_EMA_Dist,553,556,4,-377.65,2025-02-20 10:00:00+00:00,2025-02-20 16:00:00+00:00
DXY_MR_EMA_Dist,DXY,MR_EMA_Dist,558,559,2,-232.36,2025-02-21 15:00:00+00:00,2025-02-24 01:00:00+00:00
DXY_MR_EMA_Dist,DXY,MR_EMA_Dist,562,564,3,-300.72,2025-02-25 13:00:00+00:00,2025-02-25 19:00:00+00:00
DXY_MR_EMA_Dist,DXY,MR_EMA_Dist,568,571,4,-500.07,2025-02-27 06:00:00+00:00,2025-02-27 22:00:00+00:00
DXY_MR_EMA_Dist,DXY,MR_EMA_Dist,575,579,5,-610.86,2025-03-03 12:00:00+00:00,2025-03-04 09:00:00+00:00
DXY_MR_EMA_Dist,DXY,MR_EMA_Dist,581,592,12,-1956.0,2025-03-04 16:00:00+00:00,2025-03-07 14:00:00+00:00
DXY_MR_EMA_Dist,DXY,MR_EMA_Dist,596,598,3,-389.57,2025-03-11 01:00:00+00:00,2025-03-11 10:00:00+00:00
DXY_MR_EMA_Dist,DXY,MR_EMA_Dist,602,604,3,-327.14,2025-03-13 12:00:00+00:00,2025-03-14 03:00:00+00:00
DXY_MR_EMA_Dist,DXY,MR_EMA_Dist,606,607,2,-171.5,2025-03-17 10:00:00+00:00,2025-03-17 12:00:00+00:00
DXY_MR_EMA_Dist,DXY,MR_EMA_Dist,612,613,2,-183.22,2025-03-19 08:00:00+00:00,2025-03-19 14:00:00+00:00
DXY_MR_EMA_Dist,DXY,MR_EMA_Dist,615,616,2,-204.79,2025-03-20 09:00:00+00:00,2025-03-20 11:00:00+00:00
DXY_MR_EMA_Dist,DXY,MR_EMA_Dist,618,619,2,-166.92,2025-03-21 01:00:00+00:00,2025-03-21 04:00:00+00:00
DXY_MR_EMA_Dist,DXY,MR_EMA_Dist,627,629,3,-289.93,2025-03-26 01:00:00+00:00,2025-03-26 18:00:00+00:00
DXY_MR_EMA_Dist,DXY,MR_EMA_Dist,632,633,2,-217.14,2025-03-28 14:00:00+00:00,2025-03-28 16:00:00+00:00
DXY_MR_EMA_Dist,DXY,MR_EMA_Dist,636,644,9,-1813.99,2025-04-02 10:00:00+00:00,2025-04-03 12:00:00+00:00
DXY_MR_EMA_Dist,DXY,MR_EMA_Dist,646,647,2,-517.43,2025-04-04 11:00:00+00:00,2025-04-07 14:00:00+00:00
DXY_MR_EMA_Dist,DXY,MR_EMA_Dist,650,651,2,-424.5,2025-04-09 01:00:00+00:00,2025-04-09 05:00:00+00:00
DXY_MR_EMA_Dist,DXY,MR_EMA_Dist,655,663,9,-2347.2,2025-04-10 08:00:00+00:00,2025-04-11 08:00:00+00:00
DXY_MR_EMA_Dist,DXY,MR_EMA_Dist,665,666,2,-767.0,2025-04-11 17:00:00+00:00,2025-04-14 01:00:00+00:00
DXY_MR_EMA_Dist,DXY,MR_EMA_Dist,672,677,6,-993.36,2025-04-16 09:00:00+00:00,2025-04-21 06:00:00+00:00
DXY_MR_EMA_Dist,DXY,MR_EMA_Dist,684,686,3,-669.14,2025-04-23 03:00:00+00:00,2025-04-23 14:00:00+00:00
DXY_MR_EMA_Dist,DXY,MR_EMA_Dist,691,692,2,-362.78,2025-04-28 16:00:00+00:00,2025-04-28 18:00:00+00:00
DXY_MR_EMA_Dist,DXY,MR_EMA_Dist,696,699,4,-497.36,2025-04-30 20:00:00+00:00,2025-05-01 08:00:00+00:00
DXY_MR_EMA_Dist,DXY,MR_EMA_Dist,704,706,3,-437.5,2025-05-06 08:00:00+00:00,2025-05-06 15:00:00+00:00
DXY_MR_EMA_Dist,DXY,MR_EMA_Dist,708,711,4,-723.57,2025-05-07 20:00:00+00:00,2025-05-08 18:00:00+00:00
DXY_MR_EMA_Dist,DXY,MR_EMA_Dist,714,715,2,-316.64,2025-05-11 23:00:00+00:00,2025-05-12 08:00:00+00:00
DXY_MR_EMA_Dist,DXY,MR_EMA_Dist,718,720,3,-346.86,2025-05-13 19:00:00+00:00,2025-05-14 08:00:00+00:00
DXY_MR_EMA_Dist,DXY,MR_EMA_Dist,728,729,2,-273.92,2025-05-19 07:00:00+00:00,2025-05-19 09:00:00+00:00
DXY_MR_EMA_Dist,DXY,MR_EMA_Dist,731,732,2,-239.93,2025-05-19 17:00:00+00:00,2025-05-20 06:00:00+00:00
DXY_MR_EMA_Dist,DXY,MR_EMA_Dist,735,739,5,-600.22,2025-05-20 15:00:00+00:00,2025-05-21 05:00:00+00:00
DXY_MR_EMA_Dist,DXY,MR_EMA_Dist,741,742,2,-250.0,2025-05-21 09:00:00+00:00,2025-05-21 11:00:00+00:00
DXY_MR_EMA_Dist,DXY,MR_EMA_Dist,744,750,7,-972.14,2025-05-23 03:00:00+00:00,2025-05-26 01:00:00+00:00
DXY_MR_EMA_Dist,DXY,MR_EMA_Dist,752,753,2,-163.43,2025-05-26 13:00:00+00:00,2025-05-26 23:00:00+00:00
DXY_MR_EMA_Dist,DXY,MR_EMA_Dist,755,762,8,-900.29,2025-05-27 08:00:00+00:00,2025-05-28 16:00:00+00:00
DXY_MR_EMA_Dist,DXY,MR_EMA_Dist,767,770,4,-500.22,2025-05-30 19:00:00+00:00,2025-06-02 09:00:00+00:00
DXY_MR_EMA_Dist,DXY,MR_EMA_Dist,781,786,6,-789.58,2025-06-11 13:00:00+00:00,2025-06-12 11:00:00+00:00
DXY_MR_EMA_Dist,DXY,MR_EMA_Dist,791,792,2,-274.07,2025-06-17 15:00:00+00:00,2025-06-17 17:00:00+00:00
DXY_MR_EMA_Dist,DXY,MR_EMA_Dist,797,799,3,-408.79,2025-06-22 23:00:00+00:00,2025-06-23 09:00:00+00:00
DXY_MR_EMA_Dist,DXY,MR_EMA_Dist,801,805,5,-704.79,2025-06-23 18:00:00+00:00,2025-06-24 10:00:00+00:00
DXY_MR_EMA_Dist,DXY,MR_EMA_Dist,807,812,6,-647.85,2025-06-25 15:00:00+00:00,2025-06-26 08:00:00+00:00
DXY_MR_EMA_Dist,DXY,MR_EMA_Dist,820,823,4,-466.71,2025-06-30 16:00:00+00:00,2025-07-01 08:00:00+00:00
DXY_MR_EMA_Dist,DXY,MR_EMA_Dist,828,830,3,-327.72,2025-07-07 03:00:00+00:00,2025-07-07 09:00:00+00:00
DXY_MR_EMA_Dist,DXY,MR_EMA_Dist,832,833,2,-219.78,2025-07-08 11:00:00+00:00,2025-07-08 13:00:00+00:00
DXY_MR_EMA_Dist,DXY,MR_EMA_Dist,840,841,2,-220.79,2025-07-11 01:00:00+00:00,2025-07-11 15:00:00+00:00
DXY_MR_EMA_Dist,DXY,MR_EMA_Dist,845,850,6,-708.15,2025-07-14 15:00:00+00:00,2025-07-15 18:00:00+00:00
DXY_MR_EMA_Dist,DXY,MR_EMA_Dist,854,855,2,-152.57,2025-07-18 09:00:00+00:00,2025-07-18 12:00:00+00:00
DXY_MR_EMA_Dist,DXY,MR_EMA_Dist,858,865,8,-915.13,2025-07-21 10:00:00+00:00,2025-07-23 18:00:00+00:00
DXY_MR_EMA_Dist,DXY,MR_EMA_Dist,868,869,2,-202.65,2025-07-25 09:00:00+00:00,2025-07-25 11:00:00+00:00
DXY_MR_EMA_Dist,DXY,MR_EMA_Dist,871,874,4,-641.64,2025-07-28 08:00:00+00:00,2025-07-29 05:00:00+00:00
DXY_MR_EMA_Dist,DXY,MR_EMA_Dist,876,880,5,-688.86,2025-07-29 09:00:00+00:00,2025-07-30 19:00:00+00:00
DXY_MR_EMA_Dist,DXY,MR_EMA_Dist,885,886,2,-519.5,2025-08-01 13:00:00+00:00,2025-08-01 15:00:00+00:00
DXY_MR_EMA_Dist,DXY,MR_EMA_Dist,888,893,6,-601.66,2025-08-05 23:00:00+00:00,2025-08-07 07:00:00+00:00
DXY_MR_EMA_Dist,DXY,MR_EMA_Dist,895,897,3,-379.35,2025-08-07 12:00:00+00:00,2025-08-07 20:00:00+00:00
DXY_MR_EMA_Dist,DXY,MR_EMA_Dist,902,905,4,-369.0,2025-08-12 16:00:00+00:00,2025-08-13 11:00:00+00:00
DXY_MR_EMA_Dist,DXY,MR_EMA_Dist,911,912,2,-169.78,2025-08-15 08:00:00+00:00,2025-08-15 13:00:00+00:00
DXY_MR_EMA_Dist,DXY,MR_EMA_Dist,916,917,2,-157.35,2025-08-19 16:00:00+00:00,2025-08-20 00:00:00+00:00
DXY_MR_EMA_Dist,DXY,MR_EMA_Dist,921,922,2,-185.72,2025-08-21 12:00:00+00:00,2025-08-21 14:00:00+00:00
DXY_MR_EMA_Dist,DXY,MR_EMA_Dist,932,935,4,-296.71,2025-08-27 04:00:00+00:00,2025-08-27 10:00:00+00:00
DXY_MR_EMA_Dist,DXY,MR_EMA_Dist,937,940,4,-359.28,2025-08-28 00:00:00+00:00,2025-08-28 15:00:00+00:00
DXY_MR_EMA_Dist,DXY,MR_EMA_Dist,945,946,2,-245.0,2025-09-02 08:00:00+00:00,2025-09-02 10:00:00+00:00
DXY_MR_EMA_Dist,DXY,MR_EMA_Dist,951,954,4,-433.58,2025-09-05 06:00:00+00:00,2025-09-05 15:00:00+00:00
DXY_MR_EMA_Dist,DXY,MR_EMA_Dist,956,959,4,-446.29,2025-09-08 07:00:00+00:00,2025-09-09 00:00:00+00:00
DXY_MR_EMA_Dist,DXY,MR_EMA_Dist,965,967,3,-180.28,2025-09-11 04:00:00+00:00,2025-09-11 10:00:00+00:00
DXY_MR_EMA_Dist,DXY,MR_EMA_Dist,969,982,14,-1390.56,2025-09-15 10:00:00+00:00,2025-09-19 08:00:00+00:00
DXY_MR_EMA_Dist,DXY,MR_EMA_Dist,984,985,2,-211.93,2025-09-19 14:00:00+00:00,2025-09-22 00:00:00+00:00
DXY_MR_EMA_Dist,DXY,MR_EMA_Dist,991,998,8,-688.71,2025-09-24 07:00:00+00:00,2025-09-25 15:00:00+00:00
DXY_MR_EMA_Dist,DXY,MR_EMA_Dist,1003,1005,3,-249.28,2025-09-29 12:00:00+00:00,2025-09-30 08:00:00+00:00
DXY_MR_EMA_Dist,DXY,MR_EMA_Dist,1007,1008,2,-180.5,2025-09-30 15:00:00+00:00,2025-10-01 06:00:00+00:00
DXY_MR_EMA_Dist,DXY,MR_EMA_Dist,1015,1016,2,-205.15,2025-10-05 23:00:00+00:00,2025-10-06 07:00:00+00:00
DXY_MR_EMA_Dist,DXY,MR_EMA_Dist,1018,1025,8,-661.93,2025-10-06 14:00:00+00:00,2025-10-08 07:00:00+00:00
DXY_MR_EMA_Dist,DXY,MR_EMA_Dist,1027,1031,5,-641.65,2025-10-08 13:00:00+00:00,2025-10-09 16:00:00+00:00
DXY_MR_EMA_Dist,DXY,MR_EMA_Dist,1036,1037,2,-164.86,2025-10-14 07:00:00+00:00,2025-10-14 09:00:00+00:00
DXY_MR_EMA_Dist,DXY,MR_EMA_Dist,1039,1040,2,-187.36,2025-10-15 01:00:00+00:00,2025-10-15 03:00:00+00:00
DXY_MR_EMA_Dist,DXY,MR_EMA_Dist,1042,1047,6,-601.0,2025-10-15 14:00:00+00:00,2025-10-17 01:00:00+00:00
DXY_MR_EMA_Dist,DXY,MR_EMA_Dist,1050,1056,7,-504.21,2025-10-21 02:00:00+00:00,2025-10-22 09:00:00+00:00
DXY_MR_EMA_Dist,DXY,MR_EMA_Dist,1058,1059,2,-132.28,2025-10-23 01:00:00+00:00,2025-10-23 03:00:00+00:00
DXY_MR_EMA_Dist,DXY,MR_EMA_Dist,1061,1064,4,-322.64,2025-10-24 03:00:00+00:00,2025-10-28 01:00:00+00:00
DXY_MR_EMA_Dist,DXY,MR_EMA_Dist,1072,1077,6,-573.0,2025-10-30 09:00:00+00:00,2025-11-03 09:00:00+00:00
DXY_MR_EMA_Dist,DXY,MR_EMA_Dist,1079,1080,2,-154.49,2025-11-03 17:00:00+00:00,2025-11-03 19:00:00+00:00
DXY_MR_EMA_Dist,DXY,MR_EMA_Dist,1082,1087,6,-497.14,2025-11-04 09:00:00+00:00,2025-11-05 15:00:00+00:00
DXY_MR_EMA_Dist,DXY,MR_EMA_Dist,1089,1094,6,-469.51,2025-11-06 09:00:00+00:00,2025-11-07 16:00:00+00:00
DXY_MR_EMA_Dist,DXY,MR_EMA_Dist,1096,1097,2,-194.22,2025-11-07 20:00:00+00:00,2025-11-10 09:00:00+00:00
DXY_MR_EMA_Dist,DXY,MR_EMA_Dist,1100,1102,3,-252.64,2025-11-13 08:00:00+00:00,2025-11-13 15:00:00+00:00
DXY_MR_EMA_Dist,DXY,MR_EMA_Dist,1108,1116,9,-780.85,2025-11-17 11:00:00+00:00,2025-11-19 20:00:00+00:00
DXY_MR_EMA_Dist,DXY,MR_EMA_Dist,1123,1125,3,-229.21,2025-11-25 10:00:00+00:00,2025-11-25 15:00:00+00:00
DXY_MR_EMA_Dist,DXY,MR_EMA_Dist,1127,1131,5,-495.36,2025-11-26 16:00:00+00:00,2025-12-01 11:00:00+00:00
DXY_MR_EMA_Dist,DXY,MR_EMA_Dist,1134,1140,7,-441.86,2025-12-03 01:00:00+00:00,2025-12-03 17:00:00+00:00
DXY_MR_EMA_Dist,DXY,MR_EMA_Dist,1142,1143,2,-119.64,2025-12-04 04:00:00+00:00,2025-12-04 09:00:00+00:00
DXY_MR_EMA_Dist,DXY,MR_EMA_Dist,1153,1157,5,-448.5,2025-12-10 17:00:00+00:00,2025-12-11 14:00:00+00:00
DXY_MR_EMA_Dist,DXY,MR_EMA_Dist,1159,1160,2,-181.07,2025-12-11 21:00:00+00:00,2025-12-15 13:00:00+00:00
DXY_MR_EMA_Dist,DXY,MR_EMA_Dist,1162,1165,4,-284.58,2025-12-16 00:00:00+00:00,2025-12-16 14:00:00+00:00
DXY_MR_EMA_Dist,DXY,MR_EMA_Dist,1171,1173,3,-219.35,2025-12-19 05:00:00+00:00,2025-12-19 14:00:00+00:00
DXY_MR_EMA_Dist,DXY,MR_EMA_Dist,1175,1180,6,-412.21,2025-12-22 13:00:00+00:00,2025-12-23 09:00:00+00:00
DXY_MR_EMA_Dist,DXY,MR_EMA_Dist,1182,1184,3,-233.21,2025-12-23 14:00:00+00:00,2025-12-24 01:00:00+00:00
DXY_MR_EMA_Dist,DXY,MR_EMA_Dist,1188,1190,3,-181.94,2025-12-30 19:00:00+00:00,2025-12-31 07:00:00+00:00
DXY_MR_EMA_Dist,DXY,MR_EMA_Dist,1193,1194,2,-165.86,2025-12-31 14:00:00+00:00,2025-12-31 17:00:00+00:00
DXY_MR_EMA_Dist,DXY,MR_EMA_Dist,1196,1199,4,-390.06,2026-01-02 19:00:00+00:00,2026-01-05 05:00:00+00:00
DXY_MR_EMA_Dist,DXY,MR_EMA_Dist,1203,1213,11,-766.5,2026-01-06 17:00:00+00:00,2026-01-09 16:00:00+00:00
DXY_MR_EMA_Dist,DXY,MR_EMA_Dist,1217,1218,2,-184.28,2026-01-13 16:00:00+00:00,2026-01-13 18:00:00+00:00
DXY_MR_EMA_Dist,DXY,MR_EMA_Dist,1221,1222,2,-106.43,2026-01-15 05:00:00+00:00,2026-01-15 08:00:00+00:00
DXY_MR_EMA_Dist,DXY,MR_EMA_Dist,1228,1230,3,-477.36,2026-01-20 06:00:00+00:00,2026-01-20 10:00:00+00:00
DXY_MR_EMA_Dist,DXY,MR_EMA_Dist,1232,1237,6,-595.79,2026-01-22 14:00:00+00:00,2026-01-23 20:00:00+00:00
DXY_MR_EMA_Dist,DXY,MR_EMA_Dist,1239,1240,2,-352.58,2026-01-26 01:00:00+00:00,2026-01-26 03:00:00+00:00
DXY_MR_EMA_Dist,DXY,MR_EMA_Dist,1242,1246,5,-615.93,2026-01-27 08:00:00+00:00,2026-01-27 17:00:00+00:00
DXY_MR_EMA_Dist,DXY,MR_EMA_Dist,1253,1257,5,-469.85,2026-02-03 18:00:00+00:00,2026-02-05 03:00:00+00:00
DXY_MR_EMA_Dist,DXY,MR_EMA_Dist,1263,1269,7,-687.86,2026-02-09 01:00:00+00:00,2026-02-10 14:00:00+00:00
DXY_MR_EMA_Dist,DXY,MR_EMA_Dist,1271,1272,2,-228.43,2026-02-10 20:00:00+00:00,2026-02-11 03:00:00+00:00
DXY_MR_EMA_Dist,DXY,MR_EMA_Dist,1278,1280,3,-261.57,2026-02-17 06:00:00+00:00,2026-02-17 14:00:00+00:00
DXY_MR_EMA_Dist,DXY,MR_EMA_Dist,1282,1287,6,-554.22,2026-02-17 18:00:00+00:00,2026-02-19 13:00:00+00:00
DXY_MR_EMA_Dist,DXY,MR_EMA_Dist,1289,1290,2,-215.22,2026-02-19 19:00:00+00:00,2026-02-20 02:00:00+00:00
DXY_MR_EMA_Dist,DXY,MR_EMA_Dist,1301,1308,8,-1114.36,2026-03-02 00:00:00+00:00,2026-03-03 12:00:00+00:00
DXY_MR_EMA_Dist,DXY,MR_EMA_Dist,1312,1313,2,-201.0,2026-03-05 05:00:00+00:00,2026-03-05 07:00:00+00:00
DXY_MR_EMA_Dist,DXY,MR_EMA_Dist,1324,1331,8,-876.28,2026-03-11 10:00:00+00:00,2026-03-13 07:00:00+00:00
DXY_MR_EMA_Dist,DXY,MR_EMA_Dist,1333,1335,3,-402.79,2026-03-13 13:00:00+00:00,2026-03-13 17:00:00+00:00
DXY_MR_EMA_Dist,DXY,MR_EMA_Dist,1338,1339,2,-217.57,2026-03-17 09:00:00+00:00,2026-03-17 14:00:00+00:00
DXY_MR_EMA_Dist,DXY,MR_EMA_Dist,1341,1342,2,-126.43,2026-03-18 08:00:00+00:00,2026-03-18 10:00:00+00:00
DXY_MR_EMA_Dist,DXY,MR_EMA_Dist,1346,1347,2,-318.14,2026-03-19 14:00:00+00:00,2026-03-19 17:00:00+00:00
DXY_MR_EMA_Dist,DXY,MR_EMA_Dist,1358,1360,3,-331.86,2026-03-26 14:00:00+00:00,2026-03-26 18:00:00+00:00
DXY_MR_EMA_Dist,DXY,MR_EMA_Dist,1362,1364,3,-305.42,2026-03-27 14:00:00+00:00,2026-03-27 19:00:00+00:00
DXY_MR_EMA_Dist,DXY,MR_EMA_Dist,1366,1371,6,-584.0,2026-03-30 07:00:00+00:00,2026-03-31 01:00:00+00:00
DXY_MR_EMA_Dist,DXY,MR_EMA_Dist,1373,1378,6,-803.64,2026-03-31 14:00:00+00:00,2026-04-01 13:00:00+00:00
DXY_MR_EMA_Dist,DXY,MR_EMA_Dist,1381,1383,3,-369.92,2026-04-02 04:00:00+00:00,2026-04-02 10:00:00+00:00
DXY_MR_EMA_Dist,DXY,MR_EMA_Dist,1390,1392,3,-408.57,2026-04-07 20:00:00+00:00,2026-04-08 06:00:00+00:00
DXY_MR_EMA_Dist,DXY,MR_EMA_Dist,1394,1395,2,-267.0,2026-04-08 18:00:00+00:00,2026-04-09 16:00:00+00:00
DXY_MR_EMA_Dist,DXY,MR_EMA_Dist,1397,1399,3,-245.08,2026-04-10 02:00:00+00:00,2026-04-10 13:00:00+00:00
DXY_MR_EMA_Dist,DXY,MR_EMA_Dist,1402,1407,6,-536.73,2026-04-13 15:00:00+00:00,2026-04-14 12:00:00+00:00
DXY_MR_EMA_Dist,DXY,MR_EMA_Dist,1409,1410,2,-125.43,2026-04-15 03:00:00+00:00,2026-04-15 06:00:00+00:00
DXY_MR_EMA_Dist,DXY,MR_EMA_Dist,1412,1414,3,-242.28,2026-04-15 14:00:00+00:00,2026-04-16 02:00:00+00:00
DXY_MR_EMA_Dist,DXY,MR_EMA_Dist,1421,1422,2,-138.86,2026-04-20 09:00:00+00:00,2026-04-21 08:00:00+00:00
DXY_MR_EMA_Dist,DXY,MR_EMA_Dist,1424,1431,8,-697.86,2026-04-21 15:00:00+00:00,2026-04-23 03:00:00+00:00
DXY_MR_EMA_Dist,DXY,MR_EMA_Dist,1440,1441,2,-175.28,2026-04-28 15:00:00+00:00,2026-04-29 14:00:00+00:00
DXY_MR_RSI_Exhaust,DXY,MR_RSI_Exhaust,3,5,3,-177.72,2024-05-14 15:00:00+00:00,2024-05-15 10:00:00+00:00
DXY_MR_RSI_Exhaust,DXY,MR_RSI_Exhaust,12,13,2,-108.07,2024-05-17 08:00:00+00:00,2024-05-17 10:00:00+00:00
DXY_MR_RSI_Exhaust,DXY,MR_RSI_Exhaust,21,24,4,-245.06,2024-05-24 11:00:00+00:00,2024-05-28 05:00:00+00:00
DXY_MR_RSI_Exhaust,DXY,MR_RSI_Exhaust,27,28,2,-170.01,2024-05-29 01:00:00+00:00,2024-05-29 15:00:00+00:00
DXY_MR_RSI_Exhaust,DXY,MR_RSI_Exhaust,30,31,2,-145.5,2024-05-30 12:00:00+00:00,2024-05-30 14:00:00+00:00
DXY_MR_RSI_Exhaust,DXY,MR_RSI_Exhaust,37,38,2,-87.07,2024-06-05 07:00:00+00:00,2024-06-05 09:00:00+00:00
DXY_MR_RSI_Exhaust,DXY,MR_RSI_Exhaust,42,46,5,-515.16,2024-06-07 02:00:00+00:00,2024-06-10 04:00:00+00:00
DXY_MR_RSI_Exhaust,DXY,MR_RSI_Exhaust,49,50,2,-123.5,2024-06-11 11:00:00+00:00,2024-06-11 13:00:00+00:00
DXY_MR_RSI_Exhaust,DXY,MR_RSI_Exhaust,56,61,6,-517.57,2024-06-13 15:00:00+00:00,2024-06-14 13:00:00+00:00
DXY_MR_RSI_Exhaust,DXY,MR_RSI_Exhaust,65,68,4,-261.21,2024-06-20 12:00:00+00:00,2024-06-24 12:00:00+00:00
DXY_MR_RSI_Exhaust,DXY,MR_RSI_Exhaust,70,71,2,-162.42,2024-06-24 16:00:00+00:00,2024-06-24 19:00:00+00:00
DXY_MR_RSI_Exhaust,DXY,MR_RSI_Exhaust,74,76,3,-164.64,2024-06-26 08:00:00+00:00,2024-06-26 12:00:00+00:00
DXY_MR_RSI_Exhaust,DXY,MR_RSI_Exhaust,87,97,11,-747.21,2024-07-02 22:00:00+00:00,2024-07-11 12:00:00+00:00
DXY_MR_RSI_Exhaust,DXY,MR_RSI_Exhaust,99,100,2,-288.14,2024-07-11 18:00:00+00:00,2024-07-12 00:00:00+00:00
DXY_MR_RSI_Exhaust,DXY,MR_RSI_Exhaust,105,107,3,-175.21,2024-07-16 03:00:00+00:00,2024-07-17 07:00:00+00:00
DXY_MR_RSI_Exhaust,DXY,MR_RSI_Exhaust,109,114,6,-495.71,2024-07-17 17:00:00+00:00,2024-07-19 09:00:00+00:00
DXY_MR_RSI_Exhaust,DXY,MR_RSI_Exhaust,121,123,3,-291.44,2024-07-31 03:00:00+00:00,2024-07-31 11:00:00+00:00
DXY_MR_RSI_Exhaust,DXY,MR_RSI_Exhaust,127,135,9,-1110.86,2024-08-02 10:00:00+00:00,2024-08-05 10:00:00+00:00
DXY_MR_RSI_Exhaust,DXY,MR_RSI_Exhaust,137,139,3,-398.06,2024-08-06 03:00:00+00:00,2024-08-06 12:00:00+00:00
DXY_MR_RSI_Exhaust,DXY,MR_RSI_Exhaust,141,142,2,-161.43,2024-08-08 00:00:00+00:00,2024-08-08 04:00:00+00:00
DXY_MR_RSI_Exhaust,DXY,MR_RSI_Exhaust,147,149,3,-281.22,2024-08-13 15:00:00+00:00,2024-08-13 19:00:00+00:00
DXY_MR_RSI_Exhaust,DXY,MR_RSI_Exhaust,154,160,7,-515.57,2024-08-16 10:00:00+00:00,2024-08-19 04:00:00+00:00
DXY_MR_RSI_Exhaust,DXY,MR_RSI_Exhaust,162,164,3,-300.28,2024-08-19 14:00:00+00:00,2024-08-19 21:00:00+00:00
DXY_MR_RSI_Exhaust,DXY,MR_RSI_Exhaust,172,173,2,-278.29,2024-08-23 15:00:00+00:00,2024-08-23 18:00:00+00:00
DXY_MR_RSI_Exhaust,DXY,MR_RSI_Exhaust,175,176,2,-149.93,2024-08-28 09:00:00+00:00,2024-08-28 11:00:00+00:00
DXY_MR_RSI_Exhaust,DXY,MR_RSI_Exhaust,178,182,5,-569.36,2024-08-28 17:00:00+00:00,2024-08-30 18:00:00+00:00
DXY_MR_RSI_Exhaust,DXY,MR_RSI_Exhaust,184,187,4,-280.71,2024-09-04 13:00:00+00:00,2024-09-06 05:00:00+00:00
DXY_MR_RSI_Exhaust,DXY,MR_RSI_Exhaust,189,191,3,-225.5,2024-09-09 05:00:00+00:00,2024-09-09 09:00:00+00:00
DXY_MR_RSI_Exhaust,DXY,MR_RSI_Exhaust,193,195,3,-262.22,2024-09-09 14:00:00+00:00,2024-09-11 04:00:00+00:00
DXY_MR_RSI_Exhaust,DXY,MR_RSI_Exhaust,199,204,6,-558.44,2024-09-12 15:00:00+00:00,2024-09-16 07:00:00+00:00
DXY_MR_RSI_Exhaust,DXY,MR_RSI_Exhaust,208,209,2,-147.43,2024-09-20 03:00:00+00:00,2024-09-20 05:00:00+00:00
DXY_MR_RSI_Exhaust,DXY,MR_RSI_Exhaust,213,216,4,-420.72,2024-09-23 23:00:00+00:00,2024-09-24 20:00:00+00:00
DXY_MR_RSI_Exhaust,DXY,MR_RSI_Exhaust,222,231,10,-995.51,2024-09-30 20:00:00+00:00,2024-10-03 10:00:00+00:00
DXY_MR_RSI_Exhaust,DXY,MR_RSI_Exhaust,236,243,8,-530.14,2024-10-09 12:00:00+00:00,2024-10-14 13:00:00+00:00
DXY_MR_RSI_Exhaust,DXY,MR_RSI_Exhaust,245,246,2,-184.5,2024-10-16 17:00:00+00:00,2024-10-16 19:00:00+00:00
DXY_MR_RSI_Exhaust,DXY,MR_RSI_Exhaust,252,257,6,-427.93,2024-10-21 15:00:00+00:00,2024-10-23 10:00:00+00:00
DXY_MR_RSI_Exhaust,DXY,MR_RSI_Exhaust,259,263,5,-394.42,2024-10-24 08:00:00+00:00,2024-10-27 23:00:00+00:00
DXY_MR_RSI_Exhaust,DXY,MR_RSI_Exhaust,274,276,3,-194.0,2024-11-05 11:00:00+00:00,2024-11-05 17:00:00+00:00
DXY_MR_RSI_Exhaust,DXY,MR_RSI_Exhaust,278,279,2,-467.93,2024-11-06 03:00:00+00:00,2024-11-06 07:00:00+00:00
DXY_MR_RSI_Exhaust,DXY,MR_RSI_Exhaust,284,296,13,-1478.45,2024-11-08 14:00:00+00:00,2024-11-14 12:00:00+00:00
DXY_MR_RSI_Exhaust,DXY,MR_RSI_Exhaust,299,300,2,-238.0,2024-11-15 11:00:00+00:00,2024-11-18 18:00:00+00:00
DXY_MR_RSI_Exhaust,DXY,MR_RSI_Exhaust,303,304,2,-162.14,2024-11-20 09:00:00+00:00,2024-11-20 11:00:00+00:00
DXY_MR_RSI_Exhaust,DXY,MR_RSI_Exhaust,307,308,2,-253.72,2024-11-21 17:00:00+00:00,2024-11-22 09:00:00+00:00
DXY_MR_RSI_Exhaust,DXY,MR_RSI_Exhaust,312,314,3,-306.64,2024-11-27 08:00:00+00:00,2024-11-27 12:00:00+00:00
DXY_MR_RSI_Exhaust,DXY,MR_RSI_Exhaust,316,317,2,-338.0,2024-11-27 16:00:00+00:00,2024-12-02 13:00:00+00:00
DXY_MR_RSI_Exhaust,DXY,MR_RSI_Exhaust,319,322,4,-519.58,2024-12-05 04:00:00+00:00,2024-12-05 20:00:00+00:00
DXY_MR_RSI_Exhaust,DXY,MR_RSI_Exhaust,324,327,4,-363.64,2024-12-10 01:00:00+00:00,2024-12-10 15:00:00+00:00
DXY_MR_RSI_Exhaust,DXY,MR_RSI_Exhaust,331,333,3,-338.14,2024-12-16 05:00:00+00:00,2024-12-18 20:00:00+00:00
DXY_MR_RSI_Exhaust,DXY,MR_RSI_Exhaust,337,338,2,-219.64,2024-12-20 12:00:00+00:00,2024-12-20 14:00:00+00:00
DXY_MR_RSI_Exhaust,DXY,MR_RSI_Exhaust,342,345,4,-352.29,2024-12-23 18:00:00+00:00,2024-12-31 16:00:00+00:00
DXY_MR_RSI_Exhaust,DXY,MR_RSI_Exhaust,347,349,3,-376.78,2025-01-02 08:00:00+00:00,2025-01-02 15:00:00+00:00
DXY_MR_RSI_Exhaust,DXY,MR_RSI_Exhaust,353,356,4,-403.14,2025-01-06 06:00:00+00:00,2025-01-06 12:00:00+00:00
DXY_MR_RSI_Exhaust,DXY,MR_RSI_Exhaust,361,363,3,-349.07,2025-01-07 21:00:00+00:00,2025-01-08 12:00:00+00:00
DXY_MR_RSI_Exhaust,DXY,MR_RSI_Exhaust,368,369,2,-340.86,2025-01-10 17:00:00+00:00,2025-01-13 04:00:00+00:00
DXY_MR_RSI_Exhaust,DXY,MR_RSI_Exhaust,371,373,3,-377.71,2025-01-14 00:00:00+00:00,2025-01-15 08:00:00+00:00
DXY_MR_RSI_Exhaust,DXY,MR_RSI_Exhaust,380,385,6,-963.09,2025-01-21 10:00:00+00:00,2025-01-23 03:00:00+00:00
DXY_MR_RSI_Exhaust,DXY,MR_RSI_Exhaust,387,388,2,-272.5,2025-01-24 03:00:00+00:00,2025-01-24 07:00:00+00:00
DXY_MR_RSI_Exhaust,DXY,MR_RSI_Exhaust,394,395,2,-275.5,2025-01-28 01:00:00+00:00,2025-01-28 03:00:00+00:00
DXY_MR_RSI_Exhaust,DXY,MR_RSI_Exhaust,399,401,3,-546.35,2025-01-31 04:00:00+00:00,2025-02-03 00:00:00+00:00
DXY_MR_RSI_Exhaust,DXY,MR_RSI_Exhaust,405,410,6,-719.06,2025-02-04 16:00:00+00:00,2025-02-05 12:00:00+00:00
DXY_MR_RSI_Exhaust,DXY,MR_RSI_Exhaust,412,413,2,-168.79,2025-02-06 05:00:00+00:00,2025-02-06 08:00:00+00:00
DXY_MR_RSI_Exhaust,DXY,MR_RSI_Exhaust,420,421,2,-384.43,2025-02-13 04:00:00+00:00,2025-02-13 23:00:00+00:00
DXY_MR_RSI_Exhaust,DXY,MR_RSI_Exhaust,428,432,5,-455.86,2025-02-20 07:00:00+00:00,2025-02-20 16:00:00+00:00
DXY_MR_RSI_Exhaust,DXY,MR_RSI_Exhaust,437,439,3,-321.28,2025-02-25 14:00:00+00:00,2025-02-25 19:00:00+00:00
DXY_MR_RSI_Exhaust,DXY,MR_RSI_Exhaust,442,445,4,-486.43,2025-02-27 08:00:00+00:00,2025-02-27 22:00:00+00:00
DXY_MR_RSI_Exhaust,DXY,MR_RSI_Exhaust,447,450,4,-449.42,2025-03-03 09:00:00+00:00,2025-03-03 15:00:00+00:00
DXY_MR_RSI_Exhaust,DXY,MR_RSI_Exhaust,452,454,3,-412.36,2025-03-03 21:00:00+00:00,2025-03-04 10:00:00+00:00
DXY_MR_RSI_Exhaust,DXY,MR_RSI_Exhaust,456,462,7,-1238.85,2025-03-04 18:00:00+00:00,2025-03-06 02:00:00+00:00
DXY_MR_RSI_Exhaust,DXY,MR_RSI_Exhaust,464,465,2,-262.07,2025-03-07 09:00:00+00:00,2025-03-07 14:00:00+00:00
DXY_MR_RSI_Exhaust,DXY,MR_RSI_Exhaust,467,468,2,-264.5,2025-03-11 08:00:00+00:00,2025-03-11 10:00:00+00:00
DXY_MR_RSI_Exhaust,DXY,MR_RSI_Exhaust,473,474,2,-156.78,2025-03-14 05:00:00+00:00,2025-03-17 11:00:00+00:00
DXY_MR_RSI_Exhaust,DXY,MR_RSI_Exhaust,477,478,2,-183.22,2025-03-19 08:00:00+00:00,2025-03-19 14:00:00+00:00
DXY_MR_RSI_Exhaust,DXY,MR_RSI_Exhaust,480,481,2,-204.79,2025-03-20 09:00:00+00:00,2025-03-20 11:00:00+00:00
DXY_MR_RSI_Exhaust,DXY,MR_RSI_Exhaust,494,502,9,-1940.5,2025-03-31 15:00:00+00:00,2025-04-03 12:00:00+00:00
DXY_MR_RSI_Exhaust,DXY,MR_RSI_Exhaust,506,508,3,-628.93,2025-04-09 00:00:00+00:00,2025-04-09 05:00:00+00:00
DXY_MR_RSI_Exhaust,DXY,MR_RSI_Exhaust,512,519,8,-2133.92,2025-04-10 10:00:00+00:00,2025-04-11 08:00:00+00:00
DXY_MR_RSI_Exhaust,DXY,MR_RSI_Exhaust,526,529,4,-650.86,2025-04-20 23:00:00+00:00,2025-04-21 06:00:00+00:00
DXY_MR_RSI_Exhaust,DXY,MR_RSI_Exhaust,535,536,2,-236.22,2025-04-24 08:00:00+00:00,2025-04-24 11:00:00+00:00
DXY_MR_RSI_Exhaust,DXY,MR_RSI_Exhaust,538,541,4,-497.36,2025-04-30 20:00:00+00:00,2025-05-01 08:00:00+00:00
DXY_MR_RSI_Exhaust,DXY,MR_RSI_Exhaust,550,553,4,-723.57,2025-05-07 20:00:00+00:00,2025-05-08 18:00:00+00:00
DXY_MR_RSI_Exhaust,DXY,MR_RSI_Exhaust,557,558,2,-308.86,2025-05-12 06:00:00+00:00,2025-05-12 08:00:00+00:00
DXY_MR_RSI_Exhaust,DXY,MR_RSI_Exhaust,560,563,4,-471.21,2025-05-13 14:00:00+00:00,2025-05-14 08:00:00+00:00
DXY_MR_RSI_Exhaust,DXY,MR_RSI_Exhaust,571,572,2,-273.92,2025-05-19 07:00:00+00:00,2025-05-19 09:00:00+00:00
DXY_MR_RSI_Exhaust,DXY,MR_RSI_Exhaust,576,578,3,-318.0,2025-05-21 01:00:00+00:00,2025-05-21 05:00:00+00:00
DXY_MR_RSI_Exhaust,DXY,MR_RSI_Exhaust,580,582,3,-402.57,2025-05-21 09:00:00+00:00,2025-05-22 16:00:00+00:00
DXY_MR_RSI_Exhaust,DXY,MR_RSI_Exhaust,584,591,8,-1048.43,2025-05-23 04:00:00+00:00,2025-05-26 01:00:00+00:00
DXY_MR_RSI_Exhaust,DXY,MR_RSI_Exhaust,594,595,2,-244.43,2025-05-27 08:00:00+00:00,2025-05-27 15:00:00+00:00
DXY_MR_RSI_Exhaust,DXY,MR_RSI_Exhaust,599,604,6,-850.71,2025-05-29 14:00:00+00:00,2025-06-02 09:00:00+00:00
DXY_MR_RSI_Exhaust,DXY,MR_RSI_Exhaust,606,610,5,-618.43,2025-06-03 11:00:00+00:00,2025-06-04 17:00:00+00:00
DXY_MR_RSI_Exhaust,DXY,MR_RSI_Exhaust,612,614,3,-361.57,2025-06-06 04:00:00+00:00,2025-06-06 13:00:00+00:00
DXY_MR_RSI_Exhaust,DXY,MR_RSI_Exhaust,619,624,6,-748.36,2025-06-11 04:00:00+00:00,2025-06-12 11:00:00+00:00
DXY_MR_RSI_Exhaust,DXY,MR_RSI_Exhaust,629,630,2,-236.5,2025-06-17 04:00:00+00:00,2025-06-17 17:00:00+00:00
DXY_MR_RSI_Exhaust,DXY,MR_RSI_Exhaust,634,635,2,-282.35,2025-06-23 01:00:00+00:00,2025-06-23 09:00:00+00:00
DXY_MR_RSI_Exhaust,DXY,MR_RSI_Exhaust,637,645,9,-1128.21,2025-06-23 19:00:00+00:00,2025-06-26 08:00:00+00:00
DXY_MR_RSI_Exhaust,DXY,MR_RSI_Exhaust,647,649,3,-336.07,2025-06-30 22:00:00+00:00,2025-07-01 09:00:00+00:00
DXY_MR_RSI_Exhaust,DXY,MR_RSI_Exhaust,655,657,3,-326.72,2025-07-07 05:00:00+00:00,2025-07-07 09:00:00+00:00
DXY_MR_RSI_Exhaust,DXY,MR_RSI_Exhaust,662,663,2,-195.07,2025-07-10 14:00:00+00:00,2025-07-11 01:00:00+00:00
DXY_MR_RSI_Exhaust,DXY,MR_RSI_Exhaust,665,669,5,-546.86,2025-07-14 22:00:00+00:00,2025-07-17 07:00:00+00:00
DXY_MR_RSI_Exhaust,DXY,MR_RSI_Exhaust,671,673,3,-255.93,2025-07-18 01:00:00+00:00,2025-07-18 12:00:00+00:00
DXY_MR_RSI_Exhaust,DXY,MR_RSI_Exhaust,676,679,4,-455.78,2025-07-21 12:00:00+00:00,2025-07-22 15:00:00+00:00
DXY_MR_RSI_Exhaust,DXY,MR_RSI_Exhaust,684,686,3,-316.22,2025-07-25 04:00:00+00:00,2025-07-25 12:00:00+00:00
DXY_MR_RSI_Exhaust,DXY,MR_RSI_Exhaust,689,692,4,-652.28,2025-07-28 10:00:00+00:00,2025-07-29 05:00:00+00:00
DXY_MR_RSI_Exhaust,DXY,MR_RSI_Exhaust,695,698,4,-833.93,2025-07-30 13:00:00+00:00,2025-08-01 15:00:00+00:00
DXY_MR_RSI_Exhaust,DXY,MR_RSI_Exhaust,700,703,4,-408.16,2025-08-05 23:00:00+00:00,2025-08-07 07:00:00+00:00
DXY_MR_RSI_Exhaust,DXY,MR_RSI_Exhaust,706,708,3,-313.29,2025-08-12 05:00:00+00:00,2025-08-13 08:00:00+00:00
DXY_MR_RSI_Exhaust,DXY,MR_RSI_Exhaust,714,715,2,-169.78,2025-08-15 08:00:00+00:00,2025-08-15 13:00:00+00:00
DXY_MR_RSI_Exhaust,DXY,MR_RSI_Exhaust,717,720,4,-345.86,2025-08-18 13:00:00+00:00,2025-08-20 01:00:00+00:00
DXY_MR_RSI_Exhaust,DXY,MR_RSI_Exhaust,730,733,4,-349.93,2025-08-26 04:00:00+00:00,2025-08-27 10:00:00+00:00
DXY_MR_RSI_Exhaust,DXY,MR_RSI_Exhaust,735,738,4,-360.35,2025-08-27 23:00:00+00:00,2025-08-28 16:00:00+00:00
DXY_MR_RSI_Exhaust,DXY,MR_RSI_Exhaust,742,743,2,-245.0,2025-09-02 08:00:00+00:00,2025-09-02 10:00:00+00:00
DXY_MR_RSI_Exhaust,DXY,MR_RSI_Exhaust,748,752,5,-526.0,2025-09-05 05:00:00+00:00,2025-09-05 15:00:00+00:00
DXY_MR_RSI_Exhaust,DXY,MR_RSI_Exhaust,758,761,4,-313.49,2025-09-09 19:00:00+00:00,2025-09-11 10:00:00+00:00
DXY_MR_RSI_Exhaust,DXY,MR_RSI_Exhaust,764,771,8,-834.57,2025-09-15 12:00:00+00:00,2025-09-18 04:00:00+00:00
DXY_MR_RSI_Exhaust,DXY,MR_RSI_Exhaust,773,774,2,-202.78,2025-09-18 22:00:00+00:00,2025-09-19 08:00:00+00:00
DXY_MR_RSI_Exhaust,DXY,MR_RSI_Exhaust,778,779,2,-177.72,2025-09-22 13:00:00+00:00,2025-09-22 18:00:00+00:00
DXY_MR_RSI_Exhaust,DXY,MR_RSI_Exhaust,781,786,6,-508.65,2025-09-24 08:00:00+00:00,2025-09-25 15:00:00+00:00
DXY_MR_RSI_Exhaust,DXY,MR_RSI_Exhaust,788,790,3,-264.42,2025-09-28 23:00:00+00:00,2025-09-29 05:00:00+00:00
DXY_MR_RSI_Exhaust,DXY,MR_RSI_Exhaust,797,798,2,-204.36,2025-10-06 00:00:00+00:00,2025-10-06 07:00:00+00:00
DXY_MR_RSI_Exhaust,DXY,MR_RSI_Exhaust,801,807,7,-542.0,2025-10-07 07:00:00+00:00,2025-10-08 07:00:00+00:00
DXY_MR_RSI_Exhaust,DXY,MR_RSI_Exhaust,816,818,3,-333.14,2025-10-13 12:00:00+00:00,2025-10-15 02:00:00+00:00
DXY_MR_RSI_Exhaust,DXY,MR_RSI_Exhaust,820,823,4,-388.0,2025-10-16 01:00:00+00:00,2025-10-17 04:00:00+00:00
DXY_MR_RSI_Exhaust,DXY,MR_RSI_Exhaust,825,829,5,-423.92,2025-10-17 20:00:00+00:00,2025-10-23 07:00:00+00:00
DXY_MR_RSI_Exhaust,DXY,MR_RSI_Exhaust,836,838,3,-307.5,2025-10-30 13:00:00+00:00,2025-10-31 18:00:00+00:00
DXY_MR_RSI_Exhaust,DXY,MR_RSI_Exhaust,840,845,6,-470.16,2025-11-04 20:00:00+00:00,2025-11-07 15:00:00+00:00
DXY_MR_RSI_Exhaust,DXY,MR_RSI_Exhaust,854,857,4,-417.36,2025-11-19 15:00:00+00:00,2025-11-25 15:00:00+00:00
DXY_MR_RSI_Exhaust,DXY,MR_RSI_Exhaust,859,862,4,-371.78,2025-11-26 23:00:00+00:00,2025-12-01 10:00:00+00:00
DXY_MR_RSI_Exhaust,DXY,MR_RSI_Exhaust,864,871,8,-507.5,2025-12-02 03:00:00+00:00,2025-12-03 17:00:00+00:00
DXY_MR_RSI_Exhaust,DXY,MR_RSI_Exhaust,878,882,5,-452.28,2025-12-10 16:00:00+00:00,2025-12-11 14:00:00+00:00
DXY_MR_RSI_Exhaust,DXY,MR_RSI_Exhaust,888,889,2,-174.86,2025-12-17 05:00:00+00:00,2025-12-17 07:00:00+00:00
DXY_MR_RSI_Exhaust,DXY,MR_RSI_Exhaust,892,900,9,-629.78,2025-12-19 04:00:00+00:00,2025-12-23 09:00:00+00:00
DXY_MR_RSI_Exhaust,DXY,MR_RSI_Exhaust,904,906,3,-181.94,2025-12-30 19:00:00+00:00,2025-12-31 07:00:00+00:00
DXY_MR_RSI_Exhaust,DXY,MR_RSI_Exhaust,908,916,9,-735.42,2026-01-05 07:00:00+00:00,2026-01-09 15:00:00+00:00
DXY_MR_RSI_Exhaust,DXY,MR_RSI_Exhaust,926,927,2,-304.42,2026-01-20 07:00:00+00:00,2026-01-20 09:00:00+00:00
DXY_MR_RSI_Exhaust,DXY,MR_RSI_Exhaust,929,940,12,-1485.51,2026-01-22 14:00:00+00:00,2026-01-27 17:00:00+00:00
DXY_MR_RSI_Exhaust,DXY,MR_RSI_Exhaust,942,943,2,-327.01,2026-01-28 12:00:00+00:00,2026-01-28 17:00:00+00:00
DXY_MR_RSI_Exhaust,DXY,MR_RSI_Exhaust,947,948,2,-208.72,2026-02-04 20:00:00+00:00,2026-02-05 03:00:00+00:00
DXY_MR_RSI_Exhaust,DXY,MR_RSI_Exhaust,950,958,9,-789.44,2026-02-06 12:00:00+00:00,2026-02-09 16:00:00+00:00
DXY_MR_RSI_Exhaust,DXY,MR_RSI_Exhaust,963,964,2,-169.14,2026-02-17 08:00:00+00:00,2026-02-17 14:00:00+00:00
DXY_MR_RSI_Exhaust,DXY,MR_RSI_Exhaust,967,969,3,-272.14,2026-02-18 14:00:00+00:00,2026-02-18 19:00:00+00:00
DXY_MR_RSI_Exhaust,DXY,MR_RSI_Exhaust,974,976,3,-257.14,2026-02-23 14:00:00+00:00,2026-02-26 01:00:00+00:00
DXY_MR_RSI_Exhaust,DXY,MR_RSI_Exhaust,981,986,6,-825.93,2026-03-02 07:00:00+00:00,2026-03-03 12:00:00+00:00
DXY_MR_RSI_Exhaust,DXY,MR_RSI_Exhaust,990,994,5,-600.0,2026-03-10 22:00:00+00:00,2026-03-13 07:00:00+00:00
DXY_MR_RSI_Exhaust,DXY,MR_RSI_Exhaust,996,997,2,-281.0,2026-03-13 15:00:00+00:00,2026-03-13 17:00:00+00:00
DXY_MR_RSI_Exhaust,DXY,MR_RSI_Exhaust,999,1000,2,-218.57,2026-03-16 11:00:00+00:00,2026-03-16 13:00:00+00:00
DXY_MR_RSI_Exhaust,DXY,MR_RSI_Exhaust,1002,1003,2,-281.86,2026-03-17 20:00:00+00:00,2026-03-18 19:00:00+00:00
DXY_MR_RSI_Exhaust,DXY,MR_RSI_Exhaust,1005,1007,3,-501.14,2026-03-19 14:00:00+00:00,2026-03-19 18:00:00+00:00
DXY_MR_RSI_Exhaust,DXY,MR_RSI_Exhaust,1011,1013,3,-340.93,2026-03-24 09:00:00+00:00,2026-03-27 18:00:00+00:00
DXY_MR_RSI_Exhaust,DXY,MR_RSI_Exhaust,1015,1021,7,-867.36,2026-03-30 15:00:00+00:00,2026-04-01 09:00:00+00:00
DXY_MR_RSI_Exhaust,DXY,MR_RSI_Exhaust,1023,1026,4,-507.85,2026-04-02 02:00:00+00:00,2026-04-02 10:00:00+00:00
DXY_MR_RSI_Exhaust,DXY,MR_RSI_Exhaust,1031,1033,3,-442.0,2026-04-07 22:00:00+00:00,2026-04-08 06:00:00+00:00
DXY_MR_RSI_Exhaust,DXY,MR_RSI_Exhaust,1041,1046,6,-533.01,2026-04-13 14:00:00+00:00,2026-04-14 12:00:00+00:00
DXY_MR_RSI_Exhaust,DXY,MR_RSI_Exhaust,1054,1055,2,-137.0,2026-04-21 09:00:00+00:00,2026-04-21 17:00:00+00:00
DXY_MR_RSI_Exhaust,DXY,MR_RSI_Exhaust,1058,1059,2,-156.5,2026-04-22 20:00:00+00:00,2026-04-23 04:00:00+00:00
DXY_MR_RSI_Exhaust,DXY,MR_RSI_Exhaust,1063,1064,2,-123.01,2026-04-28 02:00:00+00:00,2026-04-28 07:00:00+00:00
EURUSD_MR_RSI_Exhaust,EURUSD,MR_RSI_Exhaust,4,6,3,-13.5,2026-03-09 05:05:00+00:00,2026-03-09 05:35:00+00:00
EURUSD_MR_RSI_Exhaust,EURUSD,MR_RSI_Exhaust,13,20,8,-35.39,2026-03-09 15:20:00+00:00,2026-03-09 19:40:00+00:00
EURUSD_MR_RSI_Exhaust,EURUSD,MR_RSI_Exhaust,22,23,2,-8.59,2026-03-09 21:05:00+00:00,2026-03-09 21:20:00+00:00
EURUSD_MR_RSI_Exhaust,EURUSD,MR_RSI_Exhaust,28,32,5,-11.87,2026-03-10 05:15:00+00:00,2026-03-10 06:50:00+00:00
EURUSD_MR_RSI_Exhaust,EURUSD,MR_RSI_Exhaust,34,36,3,-14.81,2026-03-10 07:45:00+00:00,2026-03-10 08:05:00+00:00
EURUSD_MR_RSI_Exhaust,EURUSD,MR_RSI_Exhaust,44,46,3,-15.75,2026-03-10 18:40:00+00:00,2026-03-10 19:50:00+00:00
EURUSD_MR_RSI_Exhaust,EURUSD,MR_RSI_Exhaust,51,55,5,-23.36,2026-03-11 07:45:00+00:00,2026-03-11 09:05:00+00:00
EURUSD_MR_RSI_Exhaust,EURUSD,MR_RSI_Exhaust,58,62,5,-19.59,2026-03-11 12:05:00+00:00,2026-03-11 15:50:00+00:00
EURUSD_MR_RSI_Exhaust,EURUSD,MR_RSI_Exhaust,66,69,4,-12.61,2026-03-11 22:45:00+00:00,2026-03-11 23:35:00+00:00
EURUSD_MR_RSI_Exhaust,EURUSD,MR_RSI_Exhaust,78,79,2,-6.01,2026-03-12 11:35:00+00:00,2026-03-12 12:20:00+00:00
EURUSD_MR_RSI_Exhaust,EURUSD,MR_RSI_Exhaust,81,83,3,-10.92,2026-03-12 14:20:00+00:00,2026-03-12 18:45:00+00:00
EURUSD_MR_RSI_Exhaust,EURUSD,MR_RSI_Exhaust,85,87,3,-5.11,2026-03-12 20:45:00+00:00,2026-03-12 22:40:00+00:00
EURUSD_MR_RSI_Exhaust,EURUSD,MR_RSI_Exhaust,90,95,6,-12.61,2026-03-13 02:20:00+00:00,2026-03-13 03:35:00+00:00
EURUSD_MR_RSI_Exhaust,EURUSD,MR_RSI_Exhaust,97,104,8,-27.4,2026-03-13 06:35:00+00:00,2026-03-13 08:15:00+00:00
EURUSD_MR_RSI_Exhaust,EURUSD,MR_RSI_Exhaust,107,117,11,-45.88,2026-03-13 09:30:00+00:00,2026-03-13 20:15:00+00:00
EURUSD_MR_RSI_Exhaust,EURUSD,MR_RSI_Exhaust,119,120,2,-6.06,2026-03-16 00:05:00+00:00,2026-03-16 00:15:00+00:00
EURUSD_MR_RSI_Exhaust,EURUSD,MR_RSI_Exhaust,122,126,5,-8.23,2026-03-16 02:45:00+00:00,2026-03-16 05:55:00+00:00
EURUSD_MR_RSI_Exhaust,EURUSD,MR_RSI_Exhaust,132,139,8,-32.42,2026-03-16 08:50:00+00:00,2026-03-16 11:50:00+00:00
EURUSD_MR_RSI_Exhaust,EURUSD,MR_RSI_Exhaust,144,145,2,-6.35,2026-03-16 19:45:00+00:00,2026-03-16 19:55:00+00:00
EURUSD_MR_RSI_Exhaust,EURUSD,MR_RSI_Exhaust,147,149,3,-3.97,2026-03-16 22:45:00+00:00,2026-03-16 23:15:00+00:00
EURUSD_MR_RSI_Exhaust,EURUSD,MR_RSI_Exhaust,151,153,3,-5.38,2026-03-16 23:40:00+00:00,2026-03-17 02:30:00+00:00
EURUSD_MR_RSI_Exhaust,EURUSD,MR_RSI_Exhaust,158,160,3,-6.8,2026-03-17 05:45:00+00:00,2026-03-17 06:05:00+00:00
EURUSD_MR_RSI_Exhaust,EURUSD,MR_RSI_Exhaust,163,164,2,-5.84,2026-03-17 07:15:00+00:00,2026-03-17 07:30:00+00:00
EURUSD_MR_RSI_Exhaust,EURUSD,MR_RSI_Exhaust,166,168,3,-12.95,2026-03-17 08:00:00+00:00,2026-03-17 09:10:00+00:00
EURUSD_MR_RSI_Exhaust,EURUSD,MR_RSI_Exhaust,178,183,6,-8.09,2026-03-18 04:10:00+00:00,2026-03-18 06:15:00+00:00
EURUSD_MR_RSI_Exhaust,EURUSD,MR_RSI_Exhaust,185,186,2,-5.42,2026-03-18 07:35:00+00:00,2026-03-18 07:45:00+00:00
EURUSD_MR_RSI_Exhaust,EURUSD,MR_RSI_Exhaust,188,193,6,-26.61,2026-03-18 09:35:00+00:00,2026-03-18 13:05:00+00:00
EURUSD_MR_RSI_Exhaust,EURUSD,MR_RSI_Exhaust,197,202,6,-26.99,2026-03-18 18:50:00+00:00,2026-03-18 20:25:00+00:00
EURUSD_MR_RSI_Exhaust,EURUSD,MR_RSI_Exhaust,207,209,3,-7.32,2026-03-18 23:45:00+00:00,2026-03-19 01:10:00+00:00
EURUSD_MR_RSI_Exhaust,EURUSD,MR_RSI_Exhaust,212,218,7,-15.9,2026-03-19 03:30:00+00:00,2026-03-19 08:30:00+00:00
EURUSD_MR_RSI_Exhaust,EURUSD,MR_RSI_Exhaust,221,225,5,-33.58,2026-03-19 14:40:00+00:00,2026-03-19 17:25:00+00:00
EURUSD_MR_RSI_Exhaust,EURUSD,MR_RSI_Exhaust,231,237,7,-13.01,2026-03-19 23:15:00+00:00,2026-03-20 04:00:00+00:00
EURUSD_MR_RSI_Exhaust,EURUSD,MR_RSI_Exhaust,239,242,4,-12.63,2026-03-20 09:30:00+00:00,2026-03-20 10:00:00+00:00
EURUSD_MR_RSI_Exhaust,EURUSD,MR_RSI_Exhaust,245,246,2,-7.44,2026-03-20 11:15:00+00:00,2026-03-20 11:25:00+00:00
EURUSD_MR_RSI_Exhaust,EURUSD,MR_RSI_Exhaust,248,252,5,-24.64,2026-03-20 13:20:00+00:00,2026-03-20 14:15:00+00:00
EURUSD_MR_RSI_Exhaust,EURUSD,MR_RSI_Exhaust,262,267,6,-14.68,2026-03-23 02:50:00+00:00,2026-03-23 06:10:00+00:00
EURUSD_MR_RSI_Exhaust,EURUSD,MR_RSI_Exhaust,269,272,4,-17.94,2026-03-23 09:25:00+00:00,2026-03-23 10:10:00+00:00
EURUSD_MR_RSI_Exhaust,EURUSD,MR_RSI_Exhaust,275,279,5,-76.22,2026-03-23 11:20:00+00:00,2026-03-23 14:25:00+00:00
EURUSD_MR_RSI_Exhaust,EURUSD,MR_RSI_Exhaust,281,282,2,-15.91,2026-03-23 15:45:00+00:00,2026-03-23 15:55:00+00:00
EURUSD_MR_RSI_Exhaust,EURUSD,MR_RSI_Exhaust,289,290,2,-4.82,2026-03-24 00:05:00+00:00,2026-03-24 00:15:00+00:00
EURUSD_MR_RSI_Exhaust,EURUSD,MR_RSI_Exhaust,296,297,2,-10.48,2026-03-24 08:35:00+00:00,2026-03-24 08:55:00+00:00
EURUSD_MR_RSI_Exhaust,EURUSD,MR_RSI_Exhaust,307,309,3,-9.25,2026-03-25 02:00:00+00:00,2026-03-25 02:55:00+00:00
EURUSD_MR_RSI_Exhaust,EURUSD,MR_RSI_Exhaust,311,312,2,-3.75,2026-03-25 05:05:00+00:00,2026-03-25 05:50:00+00:00
EURUSD_MR_RSI_Exhaust,EURUSD,MR_RSI_Exhaust,322,324,3,-7.46,2026-03-25 18:45:00+00:00,2026-03-25 19:10:00+00:00
EURUSD_MR_RSI_Exhaust,EURUSD,MR_RSI_Exhaust,331,336,6,-9.67,2026-03-26 03:45:00+00:00,2026-03-26 06:00:00+00:00
EURUSD_MR_RSI_Exhaust,EURUSD,MR_RSI_Exhaust,340,343,4,-11.26,2026-03-26 11:20:00+00:00,2026-03-26 11:50:00+00:00
EURUSD_MR_RSI_Exhaust,EURUSD,MR_RSI_Exhaust,352,353,2,-3.33,2026-03-27 00:00:00+00:00,2026-03-27 00:20:00+00:00
EURUSD_MR_RSI_Exhaust,EURUSD,MR_RSI_Exhaust,359,361,3,-3.9,2026-03-27 04:35:00+00:00,2026-03-27 05:10:00+00:00
EURUSD_MR_RSI_Exhaust,EURUSD,MR_RSI_Exhaust,363,374,12,-35.49,2026-03-27 07:00:00+00:00,2026-03-27 18:00:00+00:00
EURUSD_MR_RSI_Exhaust,EURUSD,MR_RSI_Exhaust,378,381,4,-10.02,2026-03-27 21:10:00+00:00,2026-03-29 23:50:00+00:00
EURUSD_MR_RSI_Exhaust,EURUSD,MR_RSI_Exhaust,383,384,2,-5.29,2026-03-30 00:20:00+00:00,2026-03-30 00:30:00+00:00
EURUSD_MR_RSI_Exhaust,EURUSD,MR_RSI_Exhaust,386,388,3,-6.06,2026-03-30 03:05:00+00:00,2026-03-30 03:25:00+00:00
EURUSD_MR_RSI_Exhaust,EURUSD,MR_RSI_Exhaust,390,391,2,-6.44,2026-03-30 07:20:00+00:00,2026-03-30 07:35:00+00:00
EURUSD_MR_RSI_Exhaust,EURUSD,MR_RSI_Exhaust,393,394,2,-6.78,2026-03-30 14:05:00+00:00,2026-03-30 14:15:00+00:00
EURUSD_MR_RSI_Exhaust,EURUSD,MR_RSI_Exhaust,396,397,2,-5.44,2026-03-30 16:05:00+00:00,2026-03-30 20:00:00+00:00
EURUSD_MR_RSI_Exhaust,EURUSD,MR_RSI_Exhaust,399,401,3,-11.26,2026-03-31 00:50:00+00:00,2026-03-31 01:20:00+00:00
EURUSD_MR_RSI_Exhaust,EURUSD,MR_RSI_Exhaust,409,414,6,-29.44,2026-03-31 11:40:00+00:00,2026-03-31 13:55:00+00:00
EURUSD_MR_RSI_Exhaust,EURUSD,MR_RSI_Exhaust,416,418,3,-22.83,2026-03-31 16:45:00+00:00,2026-03-31 17:30:00+00:00
EURUSD_MR_RSI_Exhaust,EURUSD,MR_RSI_Exhaust,422,425,4,-8.7,2026-03-31 23:20:00+00:00,2026-04-01 00:05:00+00:00
EURUSD_MR_RSI_Exhaust,EURUSD,MR_RSI_Exhaust,431,432,2,-2.86,2026-04-01 05:15:00+00:00,2026-04-01 05:30:00+00:00
EURUSD_MR_RSI_Exhaust,EURUSD,MR_RSI_Exhaust,435,436,2,-10.45,2026-04-01 07:15:00+00:00,2026-04-01 07:25:00+00:00
EURUSD_MR_RSI_Exhaust,EURUSD,MR_RSI_Exhaust,445,446,2,-8.09,2026-04-01 18:00:00+00:00,2026-04-01 18:15:00+00:00
EURUSD_MR_RSI_Exhaust,EURUSD,MR_RSI_Exhaust,448,454,7,-36.75,2026-04-02 01:20:00+00:00,2026-04-02 06:05:00+00:00
EURUSD_MR_RSI_Exhaust,EURUSD,MR_RSI_Exhaust,457,458,2,-5.79,2026-04-02 09:25:00+00:00,2026-04-02 10:45:00+00:00
EURUSD_MR_RSI_Exhaust,EURUSD,MR_RSI_Exhaust,475,476,2,-3.14,2026-04-03 06:40:00+00:00,2026-04-03 06:50:00+00:00
EURUSD_MR_RSI_Exhaust,EURUSD,MR_RSI_Exhaust,481,482,2,-4.93,2026-04-03 16:25:00+00:00,2026-04-03 20:20:00+00:00
EURUSD_MR_RSI_Exhaust,EURUSD,MR_RSI_Exhaust,486,490,5,-6.93,2026-04-06 03:05:00+00:00,2026-04-06 05:20:00+00:00
EURUSD_MR_RSI_Exhaust,EURUSD,MR_RSI_Exhaust,493,494,2,-8.37,2026-04-06 07:40:00+00:00,2026-04-06 07:50:00+00:00
EURUSD_MR_RSI_Exhaust,EURUSD,MR_RSI_Exhaust,496,503,8,-16.22,2026-04-06 10:20:00+00:00,2026-04-06 14:25:00+00:00
EURUSD_MR_RSI_Exhaust,EURUSD,MR_RSI_Exhaust,511,514,4,-5.05,2026-04-07 03:20:00+00:00,2026-04-07 04:05:00+00:00
EURUSD_MR_RSI_Exhaust,EURUSD,MR_RSI_Exhaust,516,518,3,-10.87,2026-04-07 06:55:00+00:00,2026-04-07 08:45:00+00:00
EURUSD_MR_RSI_Exhaust,EURUSD,MR_RSI_Exhaust,521,523,3,-9.17,2026-04-07 10:20:00+00:00,2026-04-07 10:45:00+00:00
EURUSD_MR_RSI_Exhaust,EURUSD,MR_RSI_Exhaust,528,530,3,-10.93,2026-04-07 19:50:00+00:00,2026-04-07 20:10:00+00:00
EURUSD_MR_RSI_Exhaust,EURUSD,MR_RSI_Exhaust,533,538,6,-41.73,2026-04-07 22:05:00+00:00,2026-04-07 23:25:00+00:00
EURUSD_MR_RSI_Exhaust,EURUSD,MR_RSI_Exhaust,544,546,3,-9.86,2026-04-08 09:55:00+00:00,2026-04-08 11:20:00+00:00
EURUSD_MR_RSI_Exhaust,EURUSD,MR_RSI_Exhaust,552,554,3,-11.29,2026-04-08 18:25:00+00:00,2026-04-08 18:55:00+00:00
EURUSD_MR_RSI_Exhaust,EURUSD,MR_RSI_Exhaust,556,558,3,-3.6,2026-04-08 23:15:00+00:00,2026-04-09 00:00:00+00:00
EURUSD_MR_RSI_Exhaust,EURUSD,MR_RSI_Exhaust,560,561,2,-3.69,2026-04-09 00:20:00+00:00,2026-04-09 02:25:00+00:00
EURUSD_MR_RSI_Exhaust,EURUSD,MR_RSI_Exhaust,563,566,4,-5.44,2026-04-09 05:30:00+00:00,2026-04-09 06:15:00+00:00
EURUSD_MR_RSI_Exhaust,EURUSD,MR_RSI_Exhaust,574,578,5,-23.08,2026-04-09 15:50:00+00:00,2026-04-09 18:25:00+00:00
EURUSD_MR_RSI_Exhaust,EURUSD,MR_RSI_Exhaust,581,584,4,-5.87,2026-04-09 20:45:00+00:00,2026-04-10 00:10:00+00:00
EURUSD_MR_RSI_Exhaust,EURUSD,MR_RSI_Exhaust,590,591,2,-2.34,2026-04-10 05:10:00+00:00,2026-04-10 05:20:00+00:00
EURUSD_MR_RSI_Exhaust,EURUSD,MR_RSI_Exhaust,593,595,3,-9.68,2026-04-10 09:25:00+00:00,2026-04-10 10:50:00+00:00
EURUSD_MR_RSI_Exhaust,EURUSD,MR_RSI_Exhaust,598,599,2,-4.82,2026-04-10 16:25:00+00:00,2026-04-10 16:35:00+00:00
EURUSD_MR_RSI_Exhaust,EURUSD,MR_RSI_Exhaust,603,604,2,-6.47,2026-04-10 19:50:00+00:00,2026-04-12 23:05:00+00:00
EURUSD_MR_RSI_Exhaust,EURUSD,MR_RSI_Exhaust,606,608,3,-7.79,2026-04-13 00:30:00+00:00,2026-04-13 01:05:00+00:00
EURUSD_MR_RSI_Exhaust,EURUSD,MR_RSI_Exhaust,619,621,3,-8.22,2026-04-13 13:10:00+00:00,2026-04-13 13:45:00+00:00
EURUSD_MR_RSI_Exhaust,EURUSD,MR_RSI_Exhaust,625,638,14,-32.1,2026-04-13 16:35:00+00:00,2026-04-14 02:00:00+00:00
EURUSD_MR_RSI_Exhaust,EURUSD,MR_RSI_Exhaust,642,643,2,-2.38,2026-04-14 04:20:00+00:00,2026-04-14 04:30:00+00:00
EURUSD_MR_RSI_Exhaust,EURUSD,MR_RSI_Exhaust,646,647,2,-8.32,2026-04-14 07:05:00+00:00,2026-04-14 07:30:00+00:00
EURUSD_MR_RSI_Exhaust,EURUSD,MR_RSI_Exhaust,651,653,3,-8.14,2026-04-14 09:45:00+00:00,2026-04-14 11:10:00+00:00
EURUSD_MR_RSI_Exhaust,EURUSD,MR_RSI_Exhaust,655,656,2,-4.48,2026-04-14 11:50:00+00:00,2026-04-14 12:00:00+00:00
EURUSD_MR_RSI_Exhaust,EURUSD,MR_RSI_Exhaust,663,665,3,-3.97,2026-04-14 21:05:00+00:00,2026-04-14 23:40:00+00:00
EURUSD_MR_RSI_Exhaust,EURUSD,MR_RSI_Exhaust,668,669,2,-3.58,2026-04-15 02:20:00+00:00,2026-04-15 02:30:00+00:00
EURUSD_MR_RSI_Exhaust,EURUSD,MR_RSI_Exhaust,677,680,4,-6.97,2026-04-15 15:15:00+00:00,2026-04-15 23:40:00+00:00
EURUSD_MR_RSI_Exhaust,EURUSD,MR_RSI_Exhaust,685,687,3,-3.6,2026-04-16 04:15:00+00:00,2026-04-16 05:20:00+00:00
EURUSD_MR_RSI_Exhaust,EURUSD,MR_RSI_Exhaust,689,692,4,-8.26,2026-04-16 05:45:00+00:00,2026-04-16 06:30:00+00:00
EURUSD_MR_RSI_Exhaust,EURUSD,MR_RSI_Exhaust,694,695,2,-5.17,2026-04-16 08:05:00+00:00,2026-04-16 08:20:00+00:00
EURUSD_MR_RSI_Exhaust,EURUSD,MR_RSI_Exhaust,700,704,5,-10.11,2026-04-16 16:05:00+00:00,2026-04-17 00:00:00+00:00
EURUSD_MR_RSI_Exhaust,EURUSD,MR_RSI_Exhaust,706,709,4,-5.36,2026-04-17 00:30:00+00:00,2026-04-17 03:55:00+00:00
EURUSD_MR_RSI_Exhaust,EURUSD,MR_RSI_Exhaust,711,713,3,-6.15,2026-04-17 08:10:00+00:00,2026-04-17 09:00:00+00:00
EURUSD_MR_RSI_Exhaust,EURUSD,MR_RSI_Exhaust,715,717,3,-13.66,2026-04-17 12:35:00+00:00,2026-04-17 13:05:00+00:00
EURUSD_MR_RSI_Exhaust,EURUSD,MR_RSI_Exhaust,721,724,4,-18.36,2026-04-17 14:20:00+00:00,2026-04-17 17:10:00+00:00
EURUSD_MR_RSI_Exhaust,EURUSD,MR_RSI_Exhaust,726,730,5,-13.97,2026-04-17 19:35:00+00:00,2026-04-19 23:05:00+00:00
EURUSD_MR_RSI_Exhaust,EURUSD,MR_RSI_Exhaust,737,739,3,-6.62,2026-04-20 10:30:00+00:00,2026-04-20 11:00:00+00:00
EURUSD_MR_RSI_Exhaust,EURUSD,MR_RSI_Exhaust,743,744,2,-5.54,2026-04-20 13:25:00+00:00,2026-04-20 13:35:00+00:00
EURUSD_MR_RSI_Exhaust,EURUSD,MR_RSI_Exhaust,747,748,2,-4.86,2026-04-20 15:25:00+00:00,2026-04-20 16:05:00+00:00
EURUSD_MR_RSI_Exhaust,EURUSD,MR_RSI_Exhaust,751,752,2,-2.68,2026-04-21 02:30:00+00:00,2026-04-21 02:40:00+00:00
EURUSD_MR_RSI_Exhaust,EURUSD,MR_RSI_Exhaust,754,755,2,-2.38,2026-04-21 03:20:00+00:00,2026-04-21 03:30:00+00:00
EURUSD_MR_RSI_Exhaust,EURUSD,MR_RSI_Exhaust,765,766,2,-7.1,2026-04-21 15:50:00+00:00,2026-04-21 17:10:00+00:00
EURUSD_MR_RSI_Exhaust,EURUSD,MR_RSI_Exhaust,775,776,2,-1.97,2026-04-21 23:50:00+00:00,2026-04-22 00:05:00+00:00
EURUSD_MR_RSI_Exhaust,EURUSD,MR_RSI_Exhaust,780,781,2,-2.46,2026-04-22 03:20:00+00:00,2026-04-22 03:45:00+00:00
EURUSD_MR_RSI_Exhaust,EURUSD,MR_RSI_Exhaust,786,789,4,-9.17,2026-04-22 11:40:00+00:00,2026-04-22 12:15:00+00:00
EURUSD_MR_RSI_Exhaust,EURUSD,MR_RSI_Exhaust,791,793,3,-9.14,2026-04-22 14:55:00+00:00,2026-04-22 16:40:00+00:00
EURUSD_MR_RSI_Exhaust,EURUSD,MR_RSI_Exhaust,795,796,2,-3.43,2026-04-22 18:30:00+00:00,2026-04-22 20:00:00+00:00
EURUSD_MR_RSI_Exhaust,EURUSD,MR_RSI_Exhaust,799,804,6,-7.92,2026-04-23 02:35:00+00:00,2026-04-23 05:50:00+00:00
EURUSD_MR_RSI_Exhaust,EURUSD,MR_RSI_Exhaust,806,807,2,-5.67,2026-04-23 09:40:00+00:00,2026-04-23 10:30:00+00:00
EURUSD_MR_RSI_Exhaust,EURUSD,MR_RSI_Exhaust,809,815,7,-23.28,2026-04-23 14:25:00+00:00,2026-04-23 17:25:00+00:00
EURUSD_MR_RSI_Exhaust,EURUSD,MR_RSI_Exhaust,821,822,2,-3.22,2026-04-24 03:00:00+00:00,2026-04-24 03:10:00+00:00
EURUSD_MR_RSI_Exhaust,EURUSD,MR_RSI_Exhaust,827,831,5,-13.29,2026-04-24 10:25:00+00:00,2026-04-24 11:25:00+00:00
EURUSD_MR_RSI_Exhaust,EURUSD,MR_RSI_Exhaust,840,842,3,-5.69,2026-04-27 00:45:00+00:00,2026-04-27 01:20:00+00:00
EURUSD_MR_RSI_Exhaust,EURUSD,MR_RSI_Exhaust,844,848,5,-7.08,2026-04-27 04:55:00+00:00,2026-04-27 06:10:00+00:00
EURUSD_MR_RSI_Exhaust,EURUSD,MR_RSI_Exhaust,850,853,4,-10.24,2026-04-27 07:15:00+00:00,2026-04-27 08:15:00+00:00
EURUSD_MR_RSI_Exhaust,EURUSD,MR_RSI_Exhaust,857,859,3,-6.99,2026-04-27 15:55:00+00:00,2026-04-27 17:05:00+00:00
EURUSD_MR_RSI_Exhaust,EURUSD,MR_RSI_Exhaust,866,870,5,-11.17,2026-04-28 05:45:00+00:00,2026-04-28 06:50:00+00:00
EURUSD_MR_RSI_Exhaust,EURUSD,MR_RSI_Exhaust,877,879,3,-10.36,2026-04-28 13:00:00+00:00,2026-04-28 15:45:00+00:00
EURUSD_MR_RSI_Exhaust,EURUSD,MR_RSI_Exhaust,882,884,3,-5.0,2026-04-28 21:05:00+00:00,2026-04-28 22:10:00+00:00
EURUSD_MR_RSI_Exhaust,EURUSD,MR_RSI_Exhaust,888,889,2,-2.26,2026-04-29 05:20:00+00:00,2026-04-29 05:30:00+00:00
EURUSD_MR_RSI_Exhaust,EURUSD,MR_RSI_Exhaust,895,897,3,-9.0,2026-04-29 12:40:00+00:00,2026-04-29 13:40:00+00:00
EURUSD_MR_RSI_Exhaust,EURUSD,MR_RSI_Exhaust,900,903,4,-7.61,2026-04-29 17:00:00+00:00,2026-04-29 23:45:00+00:00
EURUSD_MR_EMA_Dist,EURUSD,MR_EMA_Dist,5,8,4,-16.83,2026-03-09 04:35:00+00:00,2026-03-09 05:35:00+00:00
EURUSD_MR_EMA_Dist,EURUSD,MR_EMA_Dist,23,26,4,-21.82,2026-03-09 14:55:00+00:00,2026-03-09 16:00:00+00:00
EURUSD_MR_EMA_Dist,EURUSD,MR_EMA_Dist,29,31,3,-15.75,2026-03-09 19:20:00+00:00,2026-03-09 19:40:00+00:00
EURUSD_MR_EMA_Dist,EURUSD,MR_EMA_Dist,33,35,3,-19.28,2026-03-09 20:00:00+00:00,2026-03-09 21:00:00+00:00
EURUSD_MR_EMA_Dist,EURUSD,MR_EMA_Dist,44,45,2,-6.08,2026-03-10 03:00:00+00:00,2026-03-10 03:35:00+00:00
EURUSD_MR_EMA_Dist,EURUSD,MR_EMA_Dist,48,52,5,-11.77,2026-03-10 05:20:00+00:00,2026-03-10 06:50:00+00:00
EURUSD_MR_EMA_Dist,EURUSD,MR_EMA_Dist,54,58,5,-23.32,2026-03-10 07:20:00+00:00,2026-03-10 08:05:00+00:00
EURUSD_MR_EMA_Dist,EURUSD,MR_EMA_Dist,67,69,3,-11.72,2026-03-10 14:40:00+00:00,2026-03-10 15:35:00+00:00
EURUSD_MR_EMA_Dist,EURUSD,MR_EMA_Dist,72,73,2,-8.44,2026-03-10 16:55:00+00:00,2026-03-10 17:10:00+00:00
EURUSD_MR_EMA_Dist,EURUSD,MR_EMA_Dist,77,80,4,-23.68,2026-03-10 18:40:00+00:00,2026-03-10 20:10:00+00:00
EURUSD_MR_EMA_Dist,EURUSD,MR_EMA_Dist,86,88,3,-9.45,2026-03-11 01:20:00+00:00,2026-03-11 02:55:00+00:00
EURUSD_MR_EMA_Dist,EURUSD,MR_EMA_Dist,90,92,3,-5.32,2026-03-11 03:55:00+00:00,2026-03-11 04:45:00+00:00
EURUSD_MR_EMA_Dist,EURUSD,MR_EMA_Dist,94,95,2,-3.19,2026-03-11 05:30:00+00:00,2026-03-11 05:40:00+00:00
EURUSD_MR_EMA_Dist,EURUSD,MR_EMA_Dist,99,103,5,-23.06,2026-03-11 07:40:00+00:00,2026-03-11 09:05:00+00:00
EURUSD_MR_EMA_Dist,EURUSD,MR_EMA_Dist,107,110,4,-14.32,2026-03-11 11:20:00+00:00,2026-03-11 12:35:00+00:00
EURUSD_MR_EMA_Dist,EURUSD,MR_EMA_Dist,112,115,4,-17.47,2026-03-11 15:00:00+00:00,2026-03-11 15:45:00+00:00
EURUSD_MR_EMA_Dist,EURUSD,MR_EMA_Dist,124,128,5,-15.29,2026-03-11 22:30:00+00:00,2026-03-11 23:35:00+00:00
EURUSD_MR_EMA_Dist,EURUSD,MR_EMA_Dist,131,133,3,-7.63,2026-03-12 02:20:00+00:00,2026-03-12 02:40:00+00:00
EURUSD_MR_EMA_Dist,EURUSD,MR_EMA_Dist,135,136,2,-6.1,2026-03-12 06:10:00+00:00,2026-03-12 06:50:00+00:00
EURUSD_MR_EMA_Dist,EURUSD,MR_EMA_Dist,139,140,2,-6.2,2026-03-12 09:25:00+00:00,2026-03-12 09:35:00+00:00
EURUSD_MR_EMA_Dist,EURUSD,MR_EMA_Dist,143,145,3,-8.11,2026-03-12 10:35:00+00:00,2026-03-12 11:25:00+00:00
EURUSD_MR_EMA_Dist,EURUSD,MR_EMA_Dist,147,148,2,-7.16,2026-03-12 12:10:00+00:00,2026-03-12 12:20:00+00:00
EURUSD_MR_EMA_Dist,EURUSD,MR_EMA_Dist,150,154,5,-26.44,2026-03-12 13:15:00+00:00,2026-03-12 14:20:00+00:00
EURUSD_MR_EMA_Dist,EURUSD,MR_EMA_Dist,157,160,4,-10.06,2026-03-12 18:10:00+00:00,2026-03-12 18:45:00+00:00
EURUSD_MR_EMA_Dist,EURUSD,MR_EMA_Dist,162,164,3,-5.6,2026-03-12 19:50:00+00:00,2026-03-12 20:15:00+00:00
EURUSD_MR_EMA_Dist,EURUSD,MR_EMA_Dist,166,169,4,-6.16,2026-03-12 20:50:00+00:00,2026-03-12 21:30:00+00:00
EURUSD_MR_EMA_Dist,EURUSD,MR_EMA_Dist,173,175,3,-5.6,2026-03-12 23:45:00+00:00,2026-03-13 00:05:00+00:00
EURUSD_MR_EMA_Dist,EURUSD,MR_EMA_Dist,177,178,2,-3.51,2026-03-13 00:40:00+00:00,2026-03-13 01:05:00+00:00
EURUSD_MR_EMA_Dist,EURUSD,MR_EMA_Dist,183,190,8,-16.2,2026-03-13 02:20:00+00:00,2026-03-13 04:30:00+00:00
EURUSD_MR_EMA_Dist,EURUSD,MR_EMA_Dist,192,204,13,-35.63,2026-03-13 05:00:00+00:00,2026-03-13 08:15:00+00:00
EURUSD_MR_EMA_Dist,EURUSD,MR_EMA_Dist,209,210,2,-9.59,2026-03-13 12:40:00+00:00,2026-03-13 12:50:00+00:00
EURUSD_MR_EMA_Dist,EURUSD,MR_EMA_Dist,213,218,6,-30.15,2026-03-13 14:50:00+00:00,2026-03-13 16:35:00+00:00
EURUSD_MR_EMA_Dist,EURUSD,MR_EMA_Dist,220,227,8,-18.87,2026-03-13 18:50:00+00:00,2026-03-13 20:10:00+00:00
EURUSD_MR_EMA_Dist,EURUSD,MR_EMA_Dist,230,233,4,-12.22,2026-03-16 00:05:00+00:00,2026-03-16 00:45:00+00:00
EURUSD_MR_EMA_Dist,EURUSD,MR_EMA_Dist,235,237,3,-8.33,2026-03-16 01:10:00+00:00,2026-03-16 03:35:00+00:00
EURUSD_MR_EMA_Dist,EURUSD,MR_EMA_Dist,239,242,4,-6.08,2026-03-16 04:45:00+00:00,2026-03-16 05:55:00+00:00
EURUSD_MR_EMA_Dist,EURUSD,MR_EMA_Dist,248,249,2,-6.16,2026-03-16 07:05:00+00:00,2026-03-16 07:30:00+00:00
EURUSD_MR_EMA_Dist,EURUSD,MR_EMA_Dist,252,257,6,-22.36,2026-03-16 08:25:00+00:00,2026-03-16 10:20:00+00:00
EURUSD_MR_EMA_Dist,EURUSD,MR_EMA_Dist,259,262,4,-16.07,2026-03-16 10:45:00+00:00,2026-03-16 11:45:00+00:00
EURUSD_MR_EMA_Dist,EURUSD,MR_EMA_Dist,264,268,5,-18.36,2026-03-16 13:00:00+00:00,2026-03-16 13:45:00+00:00
EURUSD_MR_EMA_Dist,EURUSD,MR_EMA_Dist,271,272,2,-8.3,2026-03-16 14:55:00+00:00,2026-03-16 15:10:00+00:00
EURUSD_MR_EMA_Dist,EURUSD,MR_EMA_Dist,275,279,5,-20.78,2026-03-16 16:50:00+00:00,2026-03-16 18:35:00+00:00
EURUSD_MR_EMA_Dist,EURUSD,MR_EMA_Dist,282,284,3,-4.63,2026-03-16 22:35:00+00:00,2026-03-16 23:15:00+00:00
EURUSD_MR_EMA_Dist,EURUSD,MR_EMA_Dist,286,289,4,-5.28,2026-03-16 23:40:00+00:00,2026-03-17 00:10:00+00:00
EURUSD_MR_EMA_Dist,EURUSD,MR_EMA_Dist,298,300,3,-6.8,2026-03-17 05:45:00+00:00,2026-03-17 06:05:00+00:00
EURUSD_MR_EMA_Dist,EURUSD,MR_EMA_Dist,311,312,2,-10.42,2026-03-17 09:45:00+00:00,2026-03-17 10:00:00+00:00
EURUSD_MR_EMA_Dist,EURUSD,MR_EMA_Dist,317,319,3,-15.26,2026-03-17 12:35:00+00:00,2026-03-17 13:05:00+00:00
EURUSD_MR_EMA_Dist,EURUSD,MR_EMA_Dist,323,327,5,-14.64,2026-03-17 16:55:00+00:00,2026-03-17 18:05:00+00:00
EURUSD_MR_EMA_Dist,EURUSD,MR_EMA_Dist,334,335,2,-3.8,2026-03-18 00:35:00+00:00,2026-03-18 00:45:00+00:00
EURUSD_MR_EMA_Dist,EURUSD,MR_EMA_Dist,339,347,9,-11.89,2026-03-18 04:05:00+00:00,2026-03-18 06:15:00+00:00
EURUSD_MR_EMA_Dist,EURUSD,MR_EMA_Dist,350,353,4,-10.66,2026-03-18 07:30:00+00:00,2026-03-18 08:00:00+00:00
EURUSD_MR_EMA_Dist,EURUSD,MR_EMA_Dist,359,361,3,-8.76,2026-03-18 10:45:00+00:00,2026-03-18 11:15:00+00:00
EURUSD_MR_EMA_Dist,EURUSD,MR_EMA_Dist,363,364,2,-12.37,2026-03-18 12:30:00+00:00,2026-03-18 12:50:00+00:00
EURUSD_MR_EMA_Dist,EURUSD,MR_EMA_Dist,369,370,2,-8.54,2026-03-18 16:00:00+00:00,2026-03-18 16:40:00+00:00
EURUSD_MR_EMA_Dist,EURUSD,MR_EMA_Dist,373,381,9,-39.87,2026-03-18 18:20:00+00:00,2026-03-18 20:30:00+00:00
EURUSD_MR_EMA_Dist,EURUSD,MR_EMA_Dist,385,386,2,-8.26,2026-03-18 21:55:00+00:00,2026-03-18 22:05:00+00:00
EURUSD_MR_EMA_Dist,EURUSD,MR_EMA_Dist,389,392,4,-11.47,2026-03-19 00:30:00+00:00,2026-03-19 01:20:00+00:00
EURUSD_MR_EMA_Dist,EURUSD,MR_EMA_Dist,394,395,2,-5.36,2026-03-19 02:00:00+00:00,2026-03-19 02:10:00+00:00
EURUSD_MR_EMA_Dist,EURUSD,MR_EMA_Dist,398,401,4,-7.05,2026-03-19 04:05:00+00:00,2026-03-19 05:45:00+00:00
EURUSD_MR_EMA_Dist,EURUSD,MR_EMA_Dist,405,406,2,-11.45,2026-03-19 07:45:00+00:00,2026-03-19 08:00:00+00:00
EURUSD_MR_EMA_Dist,EURUSD,MR_EMA_Dist,409,413,5,-35.14,2026-03-19 09:50:00+00:00,2026-03-19 14:00:00+00:00
EURUSD_MR_EMA_Dist,EURUSD,MR_EMA_Dist,415,421,7,-43.33,2026-03-19 16:00:00+00:00,2026-03-19 19:00:00+00:00
EURUSD_MR_EMA_Dist,EURUSD,MR_EMA_Dist,424,427,4,-22.27,2026-03-19 19:55:00+00:00,2026-03-19 22:00:00+00:00
EURUSD_MR_EMA_Dist,EURUSD,MR_EMA_Dist,430,440,11,-19.42,2026-03-20 00:25:00+00:00,2026-03-20 04:00:00+00:00
EURUSD_MR_EMA_Dist,EURUSD,MR_EMA_Dist,442,444,3,-4.29,2026-03-20 05:10:00+00:00,2026-03-20 05:35:00+00:00
EURUSD_MR_EMA_Dist,EURUSD,MR_EMA_Dist,448,449,2,-8.03,2026-03-20 07:35:00+00:00,2026-03-20 08:00:00+00:00
EURUSD_MR_EMA_Dist,EURUSD,MR_EMA_Dist,452,455,4,-13.18,2026-03-20 09:35:00+00:00,2026-03-20 10:05:00+00:00
EURUSD_MR_EMA_Dist,EURUSD,MR_EMA_Dist,461,464,4,-20.53,2026-03-20 13:10:00+00:00,2026-03-20 14:15:00+00:00
EURUSD_MR_EMA_Dist,EURUSD,MR_EMA_Dist,473,474,2,-7.06,2026-03-20 20:20:00+00:00,2026-03-20 20:55:00+00:00
EURUSD_MR_EMA_Dist,EURUSD,MR_EMA_Dist,478,484,7,-18.5,2026-03-23 02:15:00+00:00,2026-03-23 06:10:00+00:00
EURUSD_MR_EMA_Dist,EURUSD,MR_EMA_Dist,490,494,5,-22.12,2026-03-23 09:05:00+00:00,2026-03-23 09:55:00+00:00
EURUSD_MR_EMA_Dist,EURUSD,MR_EMA_Dist,497,500,4,-68.69,2026-03-23 11:20:00+00:00,2026-03-23 12:45:00+00:00
EURUSD_MR_EMA_Dist,EURUSD,MR_EMA_Dist,502,506,5,-48.69,2026-03-23 13:15:00+00:00,2026-03-23 14:30:00+00:00
EURUSD_MR_EMA_Dist,EURUSD,MR_EMA_Dist,510,512,3,-17.42,2026-03-23 18:05:00+00:00,2026-03-23 18:40:00+00:00
EURUSD_MR_EMA_Dist,EURUSD,MR_EMA_Dist,516,518,3,-7.13,2026-03-23 23:50:00+00:00,2026-03-24 00:15:00+00:00
EURUSD_MR_EMA_Dist,EURUSD,MR_EMA_Dist,520,521,2,-8.64,2026-03-24 01:15:00+00:00,2026-03-24 01:35:00+00:00
EURUSD_MR_EMA_Dist,EURUSD,MR_EMA_Dist,523,527,5,-13.14,2026-03-24 02:40:00+00:00,2026-03-24 04:20:00+00:00
EURUSD_MR_EMA_Dist,EURUSD,MR_EMA_Dist,529,530,2,-3.93,2026-03-24 04:50:00+00:00,2026-03-24 05:00:00+00:00
EURUSD_MR_EMA_Dist,EURUSD,MR_EMA_Dist,551,552,2,-9.63,2026-03-24 20:35:00+00:00,2026-03-24 22:00:00+00:00
EURUSD_MR_EMA_Dist,EURUSD,MR_EMA_Dist,556,557,2,-5.01,2026-03-24 23:50:00+00:00,2026-03-25 00:00:00+00:00
EURUSD_MR_EMA_Dist,EURUSD,MR_EMA_Dist,562,564,3,-9.25,2026-03-25 02:05:00+00:00,2026-03-25 02:55:00+00:00
EURUSD_MR_EMA_Dist,EURUSD,MR_EMA_Dist,566,571,6,-10.58,2026-03-25 04:25:00+00:00,2026-03-25 05:50:00+00:00
EURUSD_MR_EMA_Dist,EURUSD,MR_EMA_Dist,581,585,5,-23.84,2026-03-25 12:25:00+00:00,2026-03-25 13:50:00+00:00
EURUSD_MR_EMA_Dist,EURUSD,MR_EMA_Dist,587,588,2,-9.77,2026-03-25 14:20:00+00:00,2026-03-25 14:30:00+00:00
EURUSD_MR_EMA_Dist,EURUSD,MR_EMA_Dist,590,591,2,-10.93,2026-03-25 15:10:00+00:00,2026-03-25 15:20:00+00:00
EURUSD_MR_EMA_Dist,EURUSD,MR_EMA_Dist,595,597,3,-7.46,2026-03-25 18:45:00+00:00,2026-03-25 19:10:00+00:00
EURUSD_MR_EMA_Dist,EURUSD,MR_EMA_Dist,600,601,2,-3.82,2026-03-25 21:20:00+00:00,2026-03-25 22:00:00+00:00
EURUSD_MR_EMA_Dist,EURUSD,MR_EMA_Dist,610,611,2,-4.49,2026-03-26 03:25:00+00:00,2026-03-26 03:35:00+00:00
EURUSD_MR_EMA_Dist,EURUSD,MR_EMA_Dist,615,616,2,-3.35,2026-03-26 05:50:00+00:00,2026-03-26 06:00:00+00:00
EURUSD_MR_EMA_Dist,EURUSD,MR_EMA_Dist,623,627,5,-14.6,2026-03-26 11:15:00+00:00,2026-03-26 11:55:00+00:00
EURUSD_MR_EMA_Dist,EURUSD,MR_EMA_Dist,631,632,2,-8.76,2026-03-26 15:40:00+00:00,2026-03-26 16:20:00+00:00
EURUSD_MR_EMA_Dist,EURUSD,MR_EMA_Dist,634,636,3,-6.84,2026-03-26 19:05:00+00:00,2026-03-26 19:30:00+00:00
EURUSD_MR_EMA_Dist,EURUSD,MR_EMA_Dist,646,648,3,-4.28,2026-03-27 04:05:00+00:00,2026-03-27 05:10:00+00:00
EURUSD_MR_EMA_Dist,EURUSD,MR_EMA_Dist,651,656,6,-15.58,2026-03-27 07:00:00+00:00,2026-03-27 08:00:00+00:00
EURUSD_MR_EMA_Dist,EURUSD,MR_EMA_Dist,658,661,4,-11.96,2026-03-27 09:25:00+00:00,2026-03-27 11:00:00+00:00
EURUSD_MR_EMA_Dist,EURUSD,MR_EMA_Dist,667,671,5,-20.21,2026-03-27 13:20:00+00:00,2026-03-27 15:25:00+00:00
EURUSD_MR_EMA_Dist,EURUSD,MR_EMA_Dist,673,674,2,-7.87,2026-03-27 16:40:00+00:00,2026-03-27 17:25:00+00:00
EURUSD_MR_EMA_Dist,EURUSD,MR_EMA_Dist,676,677,2,-4.45,2026-03-27 18:50:00+00:00,2026-03-27 19:00:00+00:00
EURUSD_MR_EMA_Dist,EURUSD,MR_EMA_Dist,679,683,5,-12.2,2026-03-27 20:35:00+00:00,2026-03-29 23:50:00+00:00
EURUSD_MR_EMA_Dist,EURUSD,MR_EMA_Dist,688,692,5,-10.41,2026-03-30 02:35:00+00:00,2026-03-30 03:20:00+00:00
EURUSD_MR_EMA_Dist,EURUSD,MR_EMA_Dist,699,701,3,-9.47,2026-03-30 07:05:00+00:00,2026-03-30 07:35:00+00:00
EURUSD_MR_EMA_Dist,EURUSD,MR_EMA_Dist,707,710,4,-12.84,2026-03-30 09:45:00+00:00,2026-03-30 12:00:00+00:00
EURUSD_MR_EMA_Dist,EURUSD,MR_EMA_Dist,712,716,5,-18.56,2026-03-30 12:30:00+00:00,2026-03-30 14:10:00+00:00
EURUSD_MR_EMA_Dist,EURUSD,MR_EMA_Dist,718,719,2,-6.48,2026-03-30 14:55:00+00:00,2026-03-30 15:05:00+00:00
EURUSD_MR_EMA_Dist,EURUSD,MR_EMA_Dist,731,732,2,-3.1,2026-03-31 00:05:00+00:00,2026-03-31 00:15:00+00:00
EURUSD_MR_EMA_Dist,EURUSD,MR_EMA_Dist,735,738,4,-14.08,2026-03-31 00:45:00+00:00,2026-03-31 01:20:00+00:00
EURUSD_MR_EMA_Dist,EURUSD,MR_EMA_Dist,749,755,7,-33.57,2026-03-31 11:30:00+00:00,2026-03-31 13:55:00+00:00
EURUSD_MR_EMA_Dist,EURUSD,MR_EMA_Dist,757,759,3,-17.56,2026-03-31 14:45:00+00:00,2026-03-31 15:10:00+00:00
EURUSD_MR_EMA_Dist,EURUSD,MR_EMA_Dist,761,764,4,-23.18,2026-03-31 16:05:00+00:00,2026-03-31 19:55:00+00:00
EURUSD_MR_EMA_Dist,EURUSD,MR_EMA_Dist,769,776,8,-18.05,2026-03-31 21:45:00+00:00,2026-04-01 00:05:00+00:00
EURUSD_MR_EMA_Dist,EURUSD,MR_EMA_Dist,783,785,3,-4.2,2026-04-01 04:55:00+00:00,2026-04-01 05:30:00+00:00
EURUSD_MR_EMA_Dist,EURUSD,MR_EMA_Dist,788,792,5,-21.57,2026-04-01 06:25:00+00:00,2026-04-01 08:30:00+00:00
EURUSD_MR_EMA_Dist,EURUSD,MR_EMA_Dist,797,799,3,-9.62,2026-04-01 11:00:00+00:00,2026-04-01 11:20:00+00:00
EURUSD_MR_EMA_Dist,EURUSD,MR_EMA_Dist,807,809,3,-11.46,2026-04-01 17:35:00+00:00,2026-04-01 18:15:00+00:00
EURUSD_MR_EMA_Dist,EURUSD,MR_EMA_Dist,819,827,9,-41.93,2026-04-02 01:10:00+00:00,2026-04-02 04:45:00+00:00
EURUSD_MR_EMA_Dist,EURUSD,MR_EMA_Dist,829,830,2,-4.09,2026-04-02 05:45:00+00:00,2026-04-02 05:55:00+00:00
EURUSD_MR_EMA_Dist,EURUSD,MR_EMA_Dist,835,837,3,-10.73,2026-04-02 08:25:00+00:00,2026-04-02 10:20:00+00:00
EURUSD_MR_EMA_Dist,EURUSD,MR_EMA_Dist,842,844,3,-10.82,2026-04-02 14:00:00+00:00,2026-04-02 14:20:00+00:00
EURUSD_MR_EMA_Dist,EURUSD,MR_EMA_Dist,855,857,3,-5.14,2026-04-02 21:45:00+00:00,2026-04-02 23:05:00+00:00
EURUSD_MR_EMA_Dist,EURUSD,MR_EMA_Dist,863,865,3,-3.43,2026-04-03 01:00:00+00:00,2026-04-03 01:50:00+00:00
EURUSD_MR_EMA_Dist,EURUSD,MR_EMA_Dist,867,868,2,-2.28,2026-04-03 02:10:00+00:00,2026-04-03 02:20:00+00:00
EURUSD_MR_EMA_Dist,EURUSD,MR_EMA_Dist,875,877,3,-1.71,2026-04-03 04:40:00+00:00,2026-04-03 05:15:00+00:00
EURUSD_MR_EMA_Dist,EURUSD,MR_EMA_Dist,880,882,3,-4.38,2026-04-03 05:55:00+00:00,2026-04-03 06:50:00+00:00
EURUSD_MR_EMA_Dist,EURUSD,MR_EMA_Dist,886,889,4,-5.42,2026-04-03 09:00:00+00:00,2026-04-03 09:35:00+00:00
EURUSD_MR_EMA_Dist,EURUSD,MR_EMA_Dist,896,898,3,-7.61,2026-04-03 14:05:00+00:00,2026-04-03 14:50:00+00:00
EURUSD_MR_EMA_Dist,EURUSD,MR_EMA_Dist,900,903,4,-8.07,2026-04-03 15:20:00+00:00,2026-04-03 16:10:00+00:00
EURUSD_MR_EMA_Dist,EURUSD,MR_EMA_Dist,911,915,5,-6.93,2026-04-06 03:05:00+00:00,2026-04-06 05:20:00+00:00
EURUSD_MR_EMA_Dist,EURUSD,MR_EMA_Dist,919,924,6,-17.37,2026-04-06 06:45:00+00:00,2026-04-06 07:45:00+00:00
EURUSD_MR_EMA_Dist,EURUSD,MR_EMA_Dist,931,939,9,-18.61,2026-04-06 12:40:00+00:00,2026-04-06 14:25:00+00:00
EURUSD_MR_EMA_Dist,EURUSD,MR_EMA_Dist,946,947,2,-2.76,2026-04-06 21:05:00+00:00,2026-04-06 23:25:00+00:00
EURUSD_MR_EMA_Dist,EURUSD,MR_EMA_Dist,949,953,5,-8.19,2026-04-07 00:35:00+00:00,2026-04-07 01:55:00+00:00
EURUSD_MR_EMA_Dist,EURUSD,MR_EMA_Dist,957,960,4,-5.05,2026-04-07 04:05:00+00:00,2026-04-07 05:25:00+00:00
EURUSD_MR_EMA_Dist,EURUSD,MR_EMA_Dist,962,969,8,-24.28,2026-04-07 06:30:00+00:00,2026-04-07 08:45:00+00:00
EURUSD_MR_EMA_Dist,EURUSD,MR_EMA_Dist,979,980,2,-7.28,2026-04-07 15:15:00+00:00,2026-04-07 15:25:00+00:00
EURUSD_MR_EMA_Dist,EURUSD,MR_EMA_Dist,984,987,4,-13.13,2026-04-07 19:20:00+00:00,2026-04-07 20:10:00+00:00
EURUSD_MR_EMA_Dist,EURUSD,MR_EMA_Dist,989,997,9,-52.5,2026-04-07 20:55:00+00:00,2026-04-07 23:25:00+00:00
EURUSD_MR_EMA_Dist,EURUSD,MR_EMA_Dist,999,1000,2,-13.35,2026-04-08 00:20:00+00:00,2026-04-08 01:15:00+00:00
EURUSD_MR_EMA_Dist,EURUSD,MR_EMA_Dist,1003,1007,5,-13.63,2026-04-08 03:45:00+00:00,2026-04-08 05:45:00+00:00
EURUSD_MR_EMA_Dist,EURUSD,MR_EMA_Dist,1009,1011,3,-14.95,2026-04-08 06:05:00+00:00,2026-04-08 06:35:00+00:00
EURUSD_MR_EMA_Dist,EURUSD,MR_EMA_Dist,1016,1018,3,-9.37,2026-04-08 11:00:00+00:00,2026-04-08 11:20:00+00:00
EURUSD_MR_EMA_Dist,EURUSD,MR_EMA_Dist,1020,1021,2,-7.72,2026-04-08 11:40:00+00:00,2026-04-08 11:50:00+00:00
EURUSD_MR_EMA_Dist,EURUSD,MR_EMA_Dist,1023,1024,2,-10.38,2026-04-08 12:35:00+00:00,2026-04-08 12:45:00+00:00
EURUSD_MR_EMA_Dist,EURUSD,MR_EMA_Dist,1027,1029,3,-12.9,2026-04-08 15:10:00+00:00,2026-04-08 16:20:00+00:00
EURUSD_MR_EMA_Dist,EURUSD,MR_EMA_Dist,1031,1033,3,-11.29,2026-04-08 18:20:00+00:00,2026-04-08 18:50:00+00:00
EURUSD_MR_EMA_Dist,EURUSD,MR_EMA_Dist,1036,1040,5,-10.41,2026-04-08 20:20:00+00:00,2026-04-09 00:00:00+00:00
EURUSD_MR_EMA_Dist,EURUSD,MR_EMA_Dist,1042,1044,3,-4.75,2026-04-09 00:20:00+00:00,2026-04-09 01:10:00+00:00
EURUSD_MR_EMA_Dist,EURUSD,MR_EMA_Dist,1049,1050,2,-2.62,2026-04-09 05:50:00+00:00,2026-04-09 06:20:00+00:00
EURUSD_MR_EMA_Dist,EURUSD,MR_EMA_Dist,1053,1057,5,-12.36,2026-04-09 08:35:00+00:00,2026-04-09 11:40:00+00:00
EURUSD_MR_EMA_Dist,EURUSD,MR_EMA_Dist,1061,1063,3,-7.22,2026-04-09 12:40:00+00:00,2026-04-09 13:20:00+00:00
EURUSD_MR_EMA_Dist,EURUSD,MR_EMA_Dist,1067,1071,5,-22.57,2026-04-09 15:20:00+00:00,2026-04-09 17:20:00+00:00
EURUSD_MR_EMA_Dist,EURUSD,MR_EMA_Dist,1076,1081,6,-12.13,2026-04-09 20:05:00+00:00,2026-04-10 00:05:00+00:00
EURUSD_MR_EMA_Dist,EURUSD,MR_EMA_Dist,1085,1087,3,-3.71,2026-04-10 05:10:00+00:00,2026-04-10 05:35:00+00:00
EURUSD_MR_EMA_Dist,EURUSD,MR_EMA_Dist,1089,1091,3,-7.13,2026-04-10 06:45:00+00:00,2026-04-10 07:45:00+00:00
EURUSD_MR_EMA_Dist,EURUSD,MR_EMA_Dist,1094,1098,5,-18.28,2026-04-10 09:30:00+00:00,2026-04-10 10:50:00+00:00
EURUSD_MR_EMA_Dist,EURUSD,MR_EMA_Dist,1104,1109,6,-23.17,2026-04-10 12:50:00+00:00,2026-04-10 14:05:00+00:00
EURUSD_MR_EMA_Dist,EURUSD,MR_EMA_Dist,1111,1112,2,-6.0,2026-04-10 14:50:00+00:00,2026-04-10 15:05:00+00:00
EURUSD_MR_EMA_Dist,EURUSD,MR_EMA_Dist,1114,1115,2,-4.82,2026-04-10 16:25:00+00:00,2026-04-10 16:35:00+00:00
EURUSD_MR_EMA_Dist,EURUSD,MR_EMA_Dist,1122,1123,2,-6.76,2026-04-10 21:00:00+00:00,2026-04-12 23:05:00+00:00
EURUSD_MR_EMA_Dist,EURUSD,MR_EMA_Dist,1126,1127,2,-4.68,2026-04-13 00:40:00+00:00,2026-04-13 01:35:00+00:00
EURUSD_MR_EMA_Dist,EURUSD,MR_EMA_Dist,1145,1146,2,-5.87,2026-04-13 12:55:00+00:00,2026-04-13 13:45:00+00:00
EURUSD_MR_EMA_Dist,EURUSD,MR_EMA_Dist,1148,1150,3,-11.06,2026-04-13 14:10:00+00:00,2026-04-13 14:30:00+00:00
EURUSD_MR_EMA_Dist,EURUSD,MR_EMA_Dist,1152,1167,16,-38.48,2026-04-13 15:05:00+00:00,2026-04-14 00:15:00+00:00
EURUSD_MR_EMA_Dist,EURUSD,MR_EMA_Dist,1169,1170,2,-2.68,2026-04-14 00:40:00+00:00,2026-04-14 00:50:00+00:00
EURUSD_MR_EMA_Dist,EURUSD,MR_EMA_Dist,1176,1177,2,-2.48,2026-04-14 04:15:00+00:00,2026-04-14 04:25:00+00:00
EURUSD_MR_EMA_Dist,EURUSD,MR_EMA_Dist,1182,1183,2,-6.14,2026-04-14 06:50:00+00:00,2026-04-14 07:00:00+00:00
EURUSD_MR_EMA_Dist,EURUSD,MR_EMA_Dist,1187,1188,2,-6.26,2026-04-14 08:30:00+00:00,2026-04-14 08:45:00+00:00
EURUSD_MR_EMA_Dist,EURUSD,MR_EMA_Dist,1190,1195,6,-17.2,2026-04-14 09:35:00+00:00,2026-04-14 12:30:00+00:00
EURUSD_MR_EMA_Dist,EURUSD,MR_EMA_Dist,1198,1199,2,-7.56,2026-04-14 14:20:00+00:00,2026-04-14 14:40:00+00:00
EURUSD_MR_EMA_Dist,EURUSD,MR_EMA_Dist,1207,1209,3,-3.67,2026-04-14 21:05:00+00:00,2026-04-14 23:40:00+00:00
EURUSD_MR_EMA_Dist,EURUSD,MR_EMA_Dist,1212,1214,3,-5.77,2026-04-15 01:40:00+00:00,2026-04-15 02:30:00+00:00
EURUSD_MR_EMA_Dist,EURUSD,MR_EMA_Dist,1219,1220,2,-3.38,2026-04-15 05:30:00+00:00,2026-04-15 06:05:00+00:00
EURUSD_MR_EMA_Dist,EURUSD,MR_EMA_Dist,1225,1227,3,-9.33,2026-04-15 09:05:00+00:00,2026-04-15 10:25:00+00:00
EURUSD_MR_EMA_Dist,EURUSD,MR_EMA_Dist,1230,1231,2,-6.55,2026-04-15 12:35:00+00:00,2026-04-15 13:00:00+00:00
EURUSD_MR_EMA_Dist,EURUSD,MR_EMA_Dist,1233,1236,4,-12.72,2026-04-15 14:15:00+00:00,2026-04-15 15:10:00+00:00
EURUSD_MR_EMA_Dist,EURUSD,MR_EMA_Dist,1240,1241,2,-4.18,2026-04-15 18:10:00+00:00,2026-04-15 18:25:00+00:00
EURUSD_MR_EMA_Dist,EURUSD,MR_EMA_Dist,1245,1248,4,-4.79,2026-04-15 22:15:00+00:00,2026-04-15 23:45:00+00:00
EURUSD_MR_EMA_Dist,EURUSD,MR_EMA_Dist,1250,1254,5,-5.4,2026-04-16 00:05:00+00:00,2026-04-16 01:00:00+00:00
EURUSD_MR_EMA_Dist,EURUSD,MR_EMA_Dist,1263,1266,4,-8.26,2026-04-16 05:45:00+00:00,2026-04-16 06:30:00+00:00
EURUSD_MR_EMA_Dist,EURUSD,MR_EMA_Dist,1268,1272,5,-14.33,2026-04-16 07:05:00+00:00,2026-04-16 08:20:00+00:00
EURUSD_MR_EMA_Dist,EURUSD,MR_EMA_Dist,1274,1277,4,-10.82,2026-04-16 08:50:00+00:00,2026-04-16 09:45:00+00:00
EURUSD_MR_EMA_Dist,EURUSD,MR_EMA_Dist,1285,1286,2,-5.36,2026-04-16 14:10:00+00:00,2026-04-16 14:25:00+00:00
EURUSD_MR_EMA_Dist,EURUSD,MR_EMA_Dist,1292,1293,2,-3.96,2026-04-16 18:40:00+00:00,2026-04-16 19:15:00+00:00
EURUSD_MR_EMA_Dist,EURUSD,MR_EMA_Dist,1303,1304,2,-2.28,2026-04-17 03:45:00+00:00,2026-04-17 03:55:00+00:00
EURUSD_MR_EMA_Dist,EURUSD,MR_EMA_Dist,1311,1314,4,-7.94,2026-04-17 08:10:00+00:00,2026-04-17 09:00:00+00:00
EURUSD_MR_EMA_Dist,EURUSD,MR_EMA_Dist,1316,1317,2,-4.97,2026-04-17 09:50:00+00:00,2026-04-17 10:15:00+00:00
EURUSD_MR_EMA_Dist,EURUSD,MR_EMA_Dist,1319,1323,5,-18.54,2026-04-17 12:05:00+00:00,2026-04-17 13:05:00+00:00
EURUSD_MR_EMA_Dist,EURUSD,MR_EMA_Dist,1328,1334,7,-27.28,2026-04-17 15:20:00+00:00,2026-04-17 18:45:00+00:00
EURUSD_MR_EMA_Dist,EURUSD,MR_EMA_Dist,1336,1341,6,-17.35,2026-04-17 19:10:00+00:00,2026-04-19 23:05:00+00:00
EURUSD_MR_EMA_Dist,EURUSD,MR_EMA_Dist,1344,1345,2,-5.42,2026-04-20 00:35:00+00:00,2026-04-20 01:10:00+00:00
EURUSD_MR_EMA_Dist,EURUSD,MR_EMA_Dist,1355,1358,4,-9.69,2026-04-20 09:45:00+00:00,2026-04-20 11:00:00+00:00
EURUSD_MR_EMA_Dist,EURUSD,MR_EMA_Dist,1363,1365,3,-8.41,2026-04-20 13:20:00+00:00,2026-04-20 13:40:00+00:00
EURUSD_MR_EMA_Dist,EURUSD,MR_EMA_Dist,1367,1370,4,-13.88,2026-04-20 14:25:00+00:00,2026-04-20 15:45:00+00:00
EURUSD_MR_EMA_Dist,EURUSD,MR_EMA_Dist,1375,1378,4,-7.26,2026-04-20 19:10:00+00:00,2026-04-20 21:05:00+00:00
EURUSD_MR_EMA_Dist,EURUSD,MR_EMA_Dist,1380,1381,2,-2.78,2026-04-20 23:40:00+00:00,2026-04-21 00:40:00+00:00
EURUSD_MR_EMA_Dist,EURUSD,MR_EMA_Dist,1383,1386,4,-5.46,2026-04-21 02:00:00+00:00,2026-04-21 03:25:00+00:00
EURUSD_MR_EMA_Dist,EURUSD,MR_EMA_Dist,1388,1389,2,-2.48,2026-04-21 03:50:00+00:00,2026-04-21 04:30:00+00:00
EURUSD_MR_EMA_Dist,EURUSD,MR_EMA_Dist,1393,1396,4,-7.54,2026-04-21 06:05:00+00:00,2026-04-21 08:00:00+00:00
EURUSD_MR_EMA_Dist,EURUSD,MR_EMA_Dist,1405,1409,5,-17.19,2026-04-21 14:50:00+00:00,2026-04-21 17:10:00+00:00
EURUSD_MR_EMA_Dist,EURUSD,MR_EMA_Dist,1415,1416,2,-9.06,2026-04-21 19:40:00+00:00,2026-04-21 19:50:00+00:00
EURUSD_MR_EMA_Dist,EURUSD,MR_EMA_Dist,1425,1426,2,-2.56,2026-04-22 03:15:00+00:00,2026-04-22 03:45:00+00:00
EURUSD_MR_EMA_Dist,EURUSD,MR_EMA_Dist,1428,1429,2,-3.25,2026-04-22 05:10:00+00:00,2026-04-22 05:20:00+00:00
EURUSD_MR_EMA_Dist,EURUSD,MR_EMA_Dist,1431,1432,2,-6.02,2026-04-22 06:00:00+00:00,2026-04-22 08:00:00+00:00
EURUSD_MR_EMA_Dist,EURUSD,MR_EMA_Dist,1437,1442,6,-13.41,2026-04-22 11:15:00+00:00,2026-04-22 12:15:00+00:00
EURUSD_MR_EMA_Dist,EURUSD,MR_EMA_Dist,1446,1449,4,-13.28,2026-04-22 14:35:00+00:00,2026-04-22 16:05:00+00:00
EURUSD_MR_EMA_Dist,EURUSD,MR_EMA_Dist,1451,1452,2,-3.73,2026-04-22 17:35:00+00:00,2026-04-22 17:45:00+00:00
EURUSD_MR_EMA_Dist,EURUSD,MR_EMA_Dist,1454,1457,4,-7.25,2026-04-22 18:10:00+00:00,2026-04-22 19:55:00+00:00
EURUSD_MR_EMA_Dist,EURUSD,MR_EMA_Dist,1461,1463,3,-5.58,2026-04-22 21:15:00+00:00,2026-04-22 22:45:00+00:00
EURUSD_MR_EMA_Dist,EURUSD,MR_EMA_Dist,1467,1469,3,-5.19,2026-04-23 02:25:00+00:00,2026-04-23 02:50:00+00:00
EURUSD_MR_EMA_Dist,EURUSD,MR_EMA_Dist,1475,1477,3,-4.01,2026-04-23 06:25:00+00:00,2026-04-23 06:45:00+00:00
EURUSD_MR_EMA_Dist,EURUSD,MR_EMA_Dist,1480,1484,5,-14.29,2026-04-23 07:35:00+00:00,2026-04-23 10:20:00+00:00
EURUSD_MR_EMA_Dist,EURUSD,MR_EMA_Dist,1487,1491,5,-17.11,2026-04-23 14:10:00+00:00,2026-04-23 15:05:00+00:00
EURUSD_MR_EMA_Dist,EURUSD,MR_EMA_Dist,1493,1495,3,-8.99,2026-04-23 17:05:00+00:00,2026-04-23 17:25:00+00:00
EURUSD_MR_EMA_Dist,EURUSD,MR_EMA_Dist,1506,1508,3,-4.98,2026-04-24 02:25:00+00:00,2026-04-24 03:05:00+00:00
EURUSD_MR_EMA_Dist,EURUSD,MR_EMA_Dist,1516,1517,2,-4.78,2026-04-24 07:45:00+00:00,2026-04-24 07:55:00+00:00
EURUSD_MR_EMA_Dist,EURUSD,MR_EMA_Dist,1519,1524,6,-16.82,2026-04-24 08:50:00+00:00,2026-04-24 11:25:00+00:00
EURUSD_MR_EMA_Dist,EURUSD,MR_EMA_Dist,1533,1535,3,-5.01,2026-04-24 18:25:00+00:00,2026-04-24 19:05:00+00:00
EURUSD_MR_EMA_Dist,EURUSD,MR_EMA_Dist,1537,1538,2,-3.44,2026-04-24 19:30:00+00:00,2026-04-24 20:15:00+00:00
EURUSD_MR_EMA_Dist,EURUSD,MR_EMA_Dist,1543,1546,4,-8.83,2026-04-27 01:00:00+00:00,2026-04-27 02:40:00+00:00
EURUSD_MR_EMA_Dist,EURUSD,MR_EMA_Dist,1551,1552,2,-3.54,2026-04-27 06:00:00+00:00,2026-04-27 06:10:00+00:00
EURUSD_MR_EMA_Dist,EURUSD,MR_EMA_Dist,1555,1559,5,-12.88,2026-04-27 07:00:00+00:00,2026-04-27 08:15:00+00:00
EURUSD_MR_EMA_Dist,EURUSD,MR_EMA_Dist,1562,1563,2,-3.84,2026-04-27 10:30:00+00:00,2026-04-27 10:45:00+00:00
EURUSD_MR_EMA_Dist,EURUSD,MR_EMA_Dist,1573,1577,5,-12.6,2026-04-27 15:00:00+00:00,2026-04-27 17:05:00+00:00
EURUSD_MR_EMA_Dist,EURUSD,MR_EMA_Dist,1579,1582,4,-9.64,2026-04-27 17:35:00+00:00,2026-04-27 18:10:00+00:00
EURUSD_MR_EMA_Dist,EURUSD,MR_EMA_Dist,1584,1585,2,-3.73,2026-04-27 19:20:00+00:00,2026-04-27 20:00:00+00:00
EURUSD_MR_EMA_Dist,EURUSD,MR_EMA_Dist,1587,1592,6,-8.44,2026-04-28 00:05:00+00:00,2026-04-28 02:45:00+00:00
EURUSD_MR_EMA_Dist,EURUSD,MR_EMA_Dist,1596,1602,7,-14.22,2026-04-28 03:50:00+00:00,2026-04-28 06:50:00+00:00
EURUSD_MR_EMA_Dist,EURUSD,MR_EMA_Dist,1610,1611,2,-6.06,2026-04-28 11:35:00+00:00,2026-04-28 11:50:00+00:00
EURUSD_MR_EMA_Dist,EURUSD,MR_EMA_Dist,1617,1620,4,-9.41,2026-04-28 16:30:00+00:00,2026-04-28 17:40:00+00:00
EURUSD_MR_EMA_Dist,EURUSD,MR_EMA_Dist,1625,1626,2,-3.13,2026-04-28 20:10:00+00:00,2026-04-28 21:05:00+00:00
EURUSD_MR_EMA_Dist,EURUSD,MR_EMA_Dist,1628,1629,2,-3.73,2026-04-28 21:25:00+00:00,2026-04-28 22:05:00+00:00
EURUSD_MR_EMA_Dist,EURUSD,MR_EMA_Dist,1634,1638,5,-8.05,2026-04-29 02:40:00+00:00,2026-04-29 05:25:00+00:00
EURUSD_MR_EMA_Dist,EURUSD,MR_EMA_Dist,1651,1653,3,-8.71,2026-04-29 12:40:00+00:00,2026-04-29 13:25:00+00:00
EURUSD_MR_EMA_Dist,EURUSD,MR_EMA_Dist,1661,1662,2,-8.97,2026-04-29 18:25:00+00:00,2026-04-29 18:35:00+00:00
EURUSD_MR_EMA_Dist,EURUSD,MR_EMA_Dist,1665,1666,2,-2.72,2026-04-29 23:40:00+00:00,2026-04-29 23:50:00+00:00
ITUB4_MR_RSI_Exhaust,ITUB4,MR_RSI_Exhaust,5,7,3,-39.0,2024-01-16 15:00:00+00:00,2024-01-18 14:00:00+00:00
ITUB4_MR_RSI_Exhaust,ITUB4,MR_RSI_Exhaust,11,14,4,-67.28,2024-02-05 17:00:00+00:00,2024-02-06 15:00:00+00:00
ITUB4_MR_RSI_Exhaust,ITUB4,MR_RSI_Exhaust,16,18,3,-50.5,2024-02-07 11:00:00+00:00,2024-02-20 11:00:00+00:00
ITUB4_MR_RSI_Exhaust,ITUB4,MR_RSI_Exhaust,21,30,10,-127.69,2024-02-27 11:00:00+00:00,2024-03-13 14:00:00+00:00
ITUB4_MR_RSI_Exhaust,ITUB4,MR_RSI_Exhaust,33,35,3,-36.79,2024-03-26 15:00:00+00:00,2024-03-27 16:00:00+00:00
ITUB4_MR_RSI_Exhaust,ITUB4,MR_RSI_Exhaust,37,39,3,-46.79,2024-04-01 14:00:00+00:00,2024-04-02 11:00:00+00:00
ITUB4_MR_RSI_Exhaust,ITUB4,MR_RSI_Exhaust,42,45,4,-67.64,2024-04-11 11:00:00+00:00,2024-04-15 15:00:00+00:00
ITUB4_MR_RSI_Exhaust,ITUB4,MR_RSI_Exhaust,52,58,7,-93.0,2024-05-21 13:00:00+00:00,2024-05-24 16:00:00+00:00
ITUB4_MR_RSI_Exhaust,ITUB4,MR_RSI_Exhaust,65,66,2,-36.22,2024-06-18 10:00:00+00:00,2024-06-18 14:00:00+00:00
ITUB4_MR_RSI_Exhaust,ITUB4,MR_RSI_Exhaust,71,76,6,-73.86,2024-07-05 13:00:00+00:00,2024-07-17 12:00:00+00:00
ITUB4_MR_RSI_Exhaust,ITUB4,MR_RSI_Exhaust,81,87,7,-107.5,2024-07-31 13:00:00+00:00,2024-08-02 16:00:00+00:00
ITUB4_MR_RSI_Exhaust,ITUB4,MR_RSI_Exhaust,91,102,12,-210.94,2024-08-07 16:00:00+00:00,2024-08-15 13:00:00+00:00
ITUB4_MR_RSI_Exhaust,ITUB4,MR_RSI_Exhaust,112,113,2,-33.0,2024-09-13 14:00:00+00:00,2024-09-20 11:00:00+00:00
ITUB4_MR_RSI_Exhaust,ITUB4,MR_RSI_Exhaust,124,126,3,-38.57,2024-10-24 11:00:00+00:00,2024-10-24 15:00:00+00:00
ITUB4_MR_RSI_Exhaust,ITUB4,MR_RSI_Exhaust,130,131,2,-25.78,2024-10-31 11:00:00+00:00,2024-10-31 15:00:00+00:00
ITUB4_MR_RSI_Exhaust,ITUB4,MR_RSI_Exhaust,133,136,4,-65.78,2024-11-08 13:00:00+00:00,2024-11-22 10:00:00+00:00
ITUB4_MR_RSI_Exhaust,ITUB4,MR_RSI_Exhaust,138,139,2,-28.64,2024-11-26 12:00:00+00:00,2024-11-26 15:00:00+00:00
ITUB4_MR_RSI_Exhaust,ITUB4,MR_RSI_Exhaust,141,145,5,-111.5,2024-11-28 10:00:00+00:00,2024-11-29 12:00:00+00:00
ITUB4_MR_RSI_Exhaust,ITUB4,MR_RSI_Exhaust,147,149,3,-51.0,2024-12-04 12:00:00+00:00,2024-12-05 11:00:00+00:00
ITUB4_MR_RSI_Exhaust,ITUB4,MR_RSI_Exhaust,154,155,2,-36.42,2024-12-13 12:00:00+00:00,2024-12-16 11:00:00+00:00
ITUB4_MR_RSI_Exhaust,ITUB4,MR_RSI_Exhaust,166,169,4,-67.51,2025-01-15 11:00:00+00:00,2025-01-17 12:00:00+00:00
ITUB4_MR_RSI_Exhaust,ITUB4,MR_RSI_Exhaust,171,175,5,-75.86,2025-01-27 15:00:00+00:00,2025-01-30 14:00:00+00:00
ITUB4_MR_RSI_Exhaust,ITUB4,MR_RSI_Exhaust,182,185,4,-55.44,2025-02-14 11:00:00+00:00,2025-02-17 10:00:00+00:00
ITUB4_MR_RSI_Exhaust,ITUB4,MR_RSI_Exhaust,187,189,3,-48.72,2025-02-19 11:00:00+00:00,2025-02-26 15:00:00+00:00
ITUB4_MR_RSI_Exhaust,ITUB4,MR_RSI_Exhaust,193,198,6,-119.79,2025-03-13 13:00:00+00:00,2025-03-18 11:00:00+00:00
ITUB4_MR_RSI_Exhaust,ITUB4,MR_RSI_Exhaust,202,204,3,-49.49,2025-03-27 11:00:00+00:00,2025-03-28 15:00:00+00:00
ITUB4_MR_RSI_Exhaust,ITUB4,MR_RSI_Exhaust,207,219,13,-263.27,2025-04-14 14:00:00+00:00,2025-04-30 16:00:00+00:00
ITUB4_MR_RSI_Exhaust,ITUB4,MR_RSI_Exhaust,224,228,5,-103.79,2025-05-14 12:00:00+00:00,2025-05-16 15:00:00+00:00
ITUB4_MR_RSI_Exhaust,ITUB4,MR_RSI_Exhaust,230,232,3,-64.86,2025-05-21 11:00:00+00:00,2025-05-21 15:00:00+00:00
ITUB4_MR_RSI_Exhaust,ITUB4,MR_RSI_Exhaust,236,238,3,-59.22,2025-06-03 14:00:00+00:00,2025-06-13 10:00:00+00:00
ITUB4_MR_RSI_Exhaust,ITUB4,MR_RSI_Exhaust,247,251,5,-97.78,2025-07-08 14:00:00+00:00,2025-07-11 11:00:00+00:00
ITUB4_MR_RSI_Exhaust,ITUB4,MR_RSI_Exhaust,255,261,7,-158.13,2025-07-30 15:00:00+00:00,2025-08-12 12:00:00+00:00
ITUB4_MR_RSI_Exhaust,ITUB4,MR_RSI_Exhaust,264,267,4,-95.43,2025-08-14 15:00:00+00:00,2025-08-22 12:00:00+00:00
ITUB4_MR_RSI_Exhaust,ITUB4,MR_RSI_Exhaust,269,270,2,-46.5,2025-08-28 11:00:00+00:00,2025-08-28 13:00:00+00:00
ITUB4_MR_RSI_Exhaust,ITUB4,MR_RSI_Exhaust,282,288,7,-118.07,2025-10-20 14:00:00+00:00,2025-11-03 13:00:00+00:00
ITUB4_MR_RSI_Exhaust,ITUB4,MR_RSI_Exhaust,293,297,5,-98.21,2025-11-13 16:00:00+00:00,2025-11-26 15:00:00+00:00
ITUB4_MR_RSI_Exhaust,ITUB4,MR_RSI_Exhaust,299,302,4,-89.93,2025-12-01 11:00:00+00:00,2025-12-04 13:00:00+00:00
ITUB4_MR_RSI_Exhaust,ITUB4,MR_RSI_Exhaust,304,309,6,-161.58,2025-12-08 10:00:00+00:00,2025-12-11 16:00:00+00:00
ITUB4_MR_RSI_Exhaust,ITUB4,MR_RSI_Exhaust,312,315,4,-88.43,2025-12-19 11:00:00+00:00,2026-01-05 16:00:00+00:00
ITUB4_MR_RSI_Exhaust,ITUB4,MR_RSI_Exhaust,317,319,3,-56.14,2026-01-07 17:00:00+00:00,2026-01-13 11:00:00+00:00
ITUB4_MR_RSI_Exhaust,ITUB4,MR_RSI_Exhaust,324,334,11,-406.13,2026-01-21 11:00:00+00:00,2026-01-28 12:00:00+00:00
ITUB4_MR_RSI_Exhaust,ITUB4,MR_RSI_Exhaust,338,346,9,-351.86,2026-02-06 12:00:00+00:00,2026-02-13 11:00:00+00:00
ITUB4_MR_RSI_Exhaust,ITUB4,MR_RSI_Exhaust,349,352,4,-159.21,2026-02-20 15:00:00+00:00,2026-03-03 11:00:00+00:00
ITUB4_MR_RSI_Exhaust,ITUB4,MR_RSI_Exhaust,355,356,2,-73.42,2026-03-05 17:00:00+00:00,2026-03-06 11:00:00+00:00
ITUB4_MR_RSI_Exhaust,ITUB4,MR_RSI_Exhaust,359,360,2,-82.57,2026-03-16 10:00:00+00:00,2026-03-19 11:00:00+00:00
ITUB4_MR_RSI_Exhaust,ITUB4,MR_RSI_Exhaust,363,364,2,-85.5,2026-03-31 14:00:00+00:00,2026-04-01 10:00:00+00:00
ITUB4_MR_RSI_Exhaust,ITUB4,MR_RSI_Exhaust,367,368,2,-89.78,2026-04-08 11:00:00+00:00,2026-04-09 14:00:00+00:00
ITUB4_MR_RSI_Exhaust,ITUB4,MR_RSI_Exhaust,370,376,7,-232.22,2026-04-15 11:00:00+00:00,2026-04-27 12:00:00+00:00
BTC_MR_EMA_Dist,BTC,MR_EMA_Dist,0,1,2,-351.17,2024-05-12 14:00:00+00:00,2024-05-12 16:00:00+00:00
BTC_MR_EMA_Dist,BTC,MR_EMA_Dist,7,11,5,-2191.37,2024-05-15 10:00:00+00:00,2024-05-15 19:00:00+00:00
BTC_MR_EMA_Dist,BTC,MR_EMA_Dist,13,18,6,-2173.09,2024-05-16 22:00:00+00:00,2024-05-17 17:00:00+00:00
BTC_MR_EMA_Dist,BTC,MR_EMA_Dist,21,22,2,-793.04,2024-05-20 16:00:00+00:00,2024-05-20 18:00:00+00:00
BTC_MR_EMA_Dist,BTC,MR_EMA_Dist,29,30,2,-848.23,2024-05-23 14:00:00+00:00,2024-05-23 18:00:00+00:00
BTC_MR_EMA_Dist,BTC,MR_EMA_Dist,32,33,2,-1150.08,2024-05-23 22:00:00+00:00,2024-05-24 06:00:00+00:00
BTC_MR_EMA_Dist,BTC,MR_EMA_Dist,43,46,4,-1235.05,2024-05-29 08:00:00+00:00,2024-05-29 17:00:00+00:00
BTC_MR_EMA_Dist,BTC,MR_EMA_Dist,56,59,4,-1235.91,2024-06-03 02:00:00+00:00,2024-06-03 12:00:00+00:00
BTC_MR_EMA_Dist,BTC,MR_EMA_Dist,62,65,4,-1528.86,2024-06-04 14:00:00+00:00,2024-06-05 02:00:00+00:00
BTC_MR_EMA_Dist,BTC,MR_EMA_Dist,76,80,5,-1920.11,2024-06-11 02:00:00+00:00,2024-06-11 11:00:00+00:00
BTC_MR_EMA_Dist,BTC,MR_EMA_Dist,89,90,2,-476.58,2024-06-17 07:00:00+00:00,2024-06-17 10:00:00+00:00
BTC_MR_EMA_Dist,BTC,MR_EMA_Dist,93,94,2,-1030.43,2024-06-18 02:00:00+00:00,2024-06-18 15:00:00+00:00
BTC_MR_EMA_Dist,BTC,MR_EMA_Dist,99,103,5,-1421.82,2024-06-20 16:00:00+00:00,2024-06-21 12:00:00+00:00
BTC_MR_EMA_Dist,BTC,MR_EMA_Dist,105,116,12,-3432.97,2024-06-22 12:00:00+00:00,2024-06-24 18:00:00+00:00
BTC_MR_EMA_Dist,BTC,MR_EMA_Dist,120,121,2,-545.28,2024-06-26 17:00:00+00:00,2024-06-26 19:00:00+00:00
BTC_MR_EMA_Dist,BTC,MR_EMA_Dist,128,132,5,-1118.74,2024-06-30 08:00:00+00:00,2024-06-30 23:00:00+00:00
BTC_MR_EMA_Dist,BTC,MR_EMA_Dist,134,135,2,-556.25,2024-07-01 09:00:00+00:00,2024-07-01 17:00:00+00:00
BTC_MR_EMA_Dist,BTC,MR_EMA_Dist,138,143,6,-1782.25,2024-07-02 15:00:00+00:00,2024-07-03 13:00:00+00:00
BTC_MR_EMA_Dist,BTC,MR_EMA_Dist,145,148,4,-2009.22,2024-07-04 01:00:00+00:00,2024-07-04 10:00:00+00:00
BTC_MR_EMA_Dist,BTC,MR_EMA_Dist,150,152,3,-1614.61,2024-07-04 23:00:00+00:00,2024-07-05 03:00:00+00:00
BTC_MR_EMA_Dist,BTC,MR_EMA_Dist,155,156,2,-596.22,2024-07-06 17:00:00+00:00,2024-07-06 21:00:00+00:00
BTC_MR_EMA_Dist,BTC,MR_EMA_Dist,158,160,3,-1056.94,2024-07-07 14:00:00+00:00,2024-07-08 00:00:00+00:00
BTC_MR_EMA_Dist,BTC,MR_EMA_Dist,163,165,3,-1266.8,2024-07-09 07:00:00+00:00,2024-07-09 19:00:00+00:00
BTC_MR_EMA_Dist,BTC,MR_EMA_Dist,173,177,5,-1360.75,2024-07-13 08:00:00+00:00,2024-07-14 02:00:00+00:00
BTC_MR_EMA_Dist,BTC,MR_EMA_Dist,179,185,7,-2925.1,2024-07-14 15:00:00+00:00,2024-07-15 23:00:00+00:00
BTC_MR_EMA_Dist,BTC,MR_EMA_Dist,188,190,3,-1750.8,2024-07-16 11:00:00+00:00,2024-07-16 16:00:00+00:00
BTC_MR_EMA_Dist,BTC,MR_EMA_Dist,194,196,3,-1333.48,2024-07-19 14:00:00+00:00,2024-07-19 18:00:00+00:00
BTC_MR_EMA_Dist,BTC,MR_EMA_Dist,205,208,4,-1989.97,2024-07-24 19:00:00+00:00,2024-07-25 05:00:00+00:00
BTC_MR_EMA_Dist,BTC,MR_EMA_Dist,210,214,5,-1916.74,2024-07-26 01:00:00+00:00,2024-07-27 13:00:00+00:00
BTC_MR_EMA_Dist,BTC,MR_EMA_Dist,218,220,3,-881.96,2024-07-28 19:00:00+00:00,2024-07-29 03:00:00+00:00
BTC_MR_EMA_Dist,BTC,MR_EMA_Dist,222,225,4,-1872.22,2024-07-29 17:00:00+00:00,2024-07-30 21:00:00+00:00
BTC_MR_EMA_Dist,BTC,MR_EMA_Dist,227,231,5,-2441.32,2024-07-31 20:00:00+00:00,2024-08-01 16:00:00+00:00
BTC_MR_EMA_Dist,BTC,MR_EMA_Dist,233,236,4,-2670.19,2024-08-02 15:00:00+00:00,2024-08-03 01:00:00+00:00
BTC_MR_EMA_Dist,BTC,MR_EMA_Dist,238,247,10,-7944.37,2024-08-04 03:00:00+00:00,2024-08-05 11:00:00+00:00
BTC_MR_EMA_Dist,BTC,MR_EMA_Dist,253,257,5,-3267.63,2024-08-08 03:00:00+00:00,2024-08-08 22:00:00+00:00
BTC_MR_EMA_Dist,BTC,MR_EMA_Dist,259,263,5,-2141.28,2024-08-09 14:00:00+00:00,2024-08-11 04:00:00+00:00
BTC_MR_EMA_Dist,BTC,MR_EMA_Dist,265,267,3,-1278.7,2024-08-11 20:00:00+00:00,2024-08-12 01:00:00+00:00
BTC_MR_EMA_Dist,BTC,MR_EMA_Dist,273,275,3,-1524.67,2024-08-14 15:00:00+00:00,2024-08-14 23:00:00+00:00
BTC_MR_EMA_Dist,BTC,MR_EMA_Dist,282,283,2,-491.39,2024-08-18 07:00:00+00:00,2024-08-18 10:00:00+00:00
BTC_MR_EMA_Dist,BTC,MR_EMA_Dist,295,300,6,-2000.75,2024-08-23 06:00:00+00:00,2024-08-23 22:00:00+00:00
BTC_MR_EMA_Dist,BTC,MR_EMA_Dist,303,307,5,-1992.75,2024-08-26 23:00:00+00:00,2024-08-28 00:00:00+00:00
BTC_MR_EMA_Dist,BTC,MR_EMA_Dist,309,310,2,-1084.82,2024-08-28 10:00:00+00:00,2024-08-28 14:00:00+00:00
BTC_MR_EMA_Dist,BTC,MR_EMA_Dist,313,315,3,-1308.2,2024-08-29 19:00:00+00:00,2024-08-30 17:00:00+00:00
BTC_MR_EMA_Dist,BTC,MR_EMA_Dist,317,321,5,-1442.47,2024-09-01 08:00:00+00:00,2024-09-01 16:00:00+00:00
BTC_MR_EMA_Dist,BTC,MR_EMA_Dist,326,327,2,-762.1,2024-09-03 15:00:00+00:00,2024-09-04 01:00:00+00:00
BTC_MR_EMA_Dist,BTC,MR_EMA_Dist,330,332,3,-993.15,2024-09-05 06:00:00+00:00,2024-09-05 13:00:00+00:00
BTC_MR_EMA_Dist,BTC,MR_EMA_Dist,336,338,3,-1699.73,2024-09-06 14:00:00+00:00,2024-09-06 19:00:00+00:00
BTC_MR_EMA_Dist,BTC,MR_EMA_Dist,344,346,3,-1273.43,2024-09-09 16:00:00+00:00,2024-09-09 20:00:00+00:00
BTC_MR_EMA_Dist,BTC,MR_EMA_Dist,348,350,3,-1231.2,2024-09-10 05:00:00+00:00,2024-09-10 19:00:00+00:00
BTC_MR_EMA_Dist,BTC,MR_EMA_Dist,353,357,5,-2133.61,2024-09-11 18:00:00+00:00,2024-09-13 16:00:00+00:00
BTC_MR_EMA_Dist,BTC,MR_EMA_Dist,359,362,4,-1276.96,2024-09-16 00:00:00+00:00,2024-09-16 14:00:00+00:00
BTC_MR_EMA_Dist,BTC,MR_EMA_Dist,364,365,2,-696.76,2024-09-17 11:00:00+00:00,2024-09-17 15:00:00+00:00
BTC_MR_EMA_Dist,BTC,MR_EMA_Dist,370,373,4,-1966.48,2024-09-18 23:00:00+00:00,2024-09-19 15:00:00+00:00
BTC_MR_EMA_Dist,BTC,MR_EMA_Dist,386,389,4,-1316.52,2024-09-26 11:00:00+00:00,2024-09-27 09:00:00+00:00
BTC_MR_EMA_Dist,BTC,MR_EMA_Dist,393,397,5,-1555.1,2024-09-30 02:00:00+00:00,2024-09-30 19:00:00+00:00
BTC_MR_EMA_Dist,BTC,MR_EMA_Dist,399,404,6,-2508.52,2024-10-01 12:00:00+00:00,2024-10-01 22:00:00+00:00
BTC_MR_EMA_Dist,BTC,MR_EMA_Dist,409,414,6,-1685.35,2024-10-04 16:00:00+00:00,2024-10-07 00:00:00+00:00
BTC_MR_EMA_Dist,BTC,MR_EMA_Dist,418,419,2,-436.51,2024-10-09 09:00:00+00:00,2024-10-09 13:00:00+00:00
BTC_MR_EMA_Dist,BTC,MR_EMA_Dist,421,422,2,-559.64,2024-10-09 17:00:00+00:00,2024-10-09 19:00:00+00:00
BTC_MR_EMA_Dist,BTC,MR_EMA_Dist,424,426,3,-762.08,2024-10-10 11:00:00+00:00,2024-10-10 15:00:00+00:00
BTC_MR_EMA_Dist,BTC,MR_EMA_Dist,429,433,5,-1308.87,2024-10-11 13:00:00+00:00,2024-10-12 12:00:00+00:00
BTC_MR_EMA_Dist,BTC,MR_EMA_Dist,437,440,4,-1777.03,2024-10-14 04:00:00+00:00,2024-10-14 15:00:00+00:00
BTC_MR_EMA_Dist,BTC,MR_EMA_Dist,442,443,2,-660.93,2024-10-15 06:00:00+00:00,2024-10-15 08:00:00+00:00
BTC_MR_EMA_Dist,BTC,MR_EMA_Dist,445,447,3,-2198.59,2024-10-15 16:00:00+00:00,2024-10-16 03:00:00+00:00
BTC_MR_EMA_Dist,BTC,MR_EMA_Dist,450,451,2,-793.63,2024-10-18 02:00:00+00:00,2024-10-18 15:00:00+00:00
BTC_MR_EMA_Dist,BTC,MR_EMA_Dist,453,458,6,-885.07,2024-10-19 13:00:00+00:00,2024-10-20 23:00:00+00:00
BTC_MR_EMA_Dist,BTC,MR_EMA_Dist,460,462,3,-1132.26,2024-10-21 14:00:00+00:00,2024-10-22 01:00:00+00:00
BTC_MR_EMA_Dist,BTC,MR_EMA_Dist,464,467,4,-1219.84,2024-10-23 03:00:00+00:00,2024-10-23 16:00:00+00:00
BTC_MR_EMA_Dist,BTC,MR_EMA_Dist,469,470,2,-659.8,2024-10-24 14:00:00+00:00,2024-10-24 20:00:00+00:00
BTC_MR_EMA_Dist,BTC,MR_EMA_Dist,476,479,4,-598.91,2024-10-27 13:00:00+00:00,2024-10-27 21:00:00+00:00
BTC_MR_EMA_Dist,BTC,MR_EMA_Dist,481,491,11,-3875.03,2024-10-28 06:00:00+00:00,2024-10-29 18:00:00+00:00
BTC_MR_EMA_Dist,BTC,MR_EMA_Dist,493,494,2,-686.43,2024-10-30 14:00:00+00:00,2024-10-30 16:00:00+00:00
BTC_MR_EMA_Dist,BTC,MR_EMA_Dist,496,499,4,-1549.24,2024-10-31 14:00:00+00:00,2024-10-31 21:00:00+00:00
BTC_MR_EMA_Dist,BTC,MR_EMA_Dist,503,504,2,-569.97,2024-11-03 07:00:00+00:00,2024-11-03 10:00:00+00:00
BTC_MR_EMA_Dist,BTC,MR_EMA_Dist,508,509,2,-779.0,2024-11-04 15:00:00+00:00,2024-11-04 17:00:00+00:00
BTC_MR_EMA_Dist,BTC,MR_EMA_Dist,513,517,5,-4423.3,2024-11-06 01:00:00+00:00,2024-11-06 20:00:00+00:00
BTC_MR_EMA_Dist,BTC,MR_EMA_Dist,519,520,2,-891.39,2024-11-07 23:00:00+00:00,2024-11-08 16:00:00+00:00
BTC_MR_EMA_Dist,BTC,MR_EMA_Dist,522,527,6,-1973.55,2024-11-09 19:00:00+00:00,2024-11-10 11:00:00+00:00
BTC_MR_EMA_Dist,BTC,MR_EMA_Dist,529,537,9,-6936.82,2024-11-10 21:00:00+00:00,2024-11-12 00:00:00+00:00
BTC_MR_EMA_Dist,BTC,MR_EMA_Dist,539,541,3,-3690.97,2024-11-12 11:00:00+00:00,2024-11-13 15:00:00+00:00
BTC_MR_EMA_Dist,BTC,MR_EMA_Dist,555,556,2,-1232.95,2024-11-19 16:00:00+00:00,2024-11-19 18:00:00+00:00
BTC_MR_EMA_Dist,BTC,MR_EMA_Dist,558,560,3,-1669.26,2024-11-20 08:00:00+00:00,2024-11-20 13:00:00+00:00
BTC_MR_EMA_Dist,BTC,MR_EMA_Dist,562,565,4,-2882.49,2024-11-20 17:00:00+00:00,2024-11-21 06:00:00+00:00
BTC_MR_EMA_Dist,BTC,MR_EMA_Dist,567,570,4,-3021.98,2024-11-21 16:00:00+00:00,2024-11-22 00:00:00+00:00
BTC_MR_EMA_Dist,BTC,MR_EMA_Dist,574,575,2,-771.45,2024-11-24 12:00:00+00:00,2024-11-24 14:00:00+00:00
BTC_MR_EMA_Dist,BTC,MR_EMA_Dist,577,580,4,-3157.26,2024-11-25 15:00:00+00:00,2024-11-26 00:00:00+00:00
BTC_MR_EMA_Dist,BTC,MR_EMA_Dist,584,586,3,-1842.07,2024-11-27 15:00:00+00:00,2024-11-27 19:00:00+00:00
BTC_MR_EMA_Dist,BTC,MR_EMA_Dist,590,591,2,-976.96,2024-11-29 10:00:00+00:00,2024-11-29 12:00:00+00:00
BTC_MR_EMA_Dist,BTC,MR_EMA_Dist,596,597,2,-696.63,2024-12-01 09:00:00+00:00,2024-12-01 15:00:00+00:00
BTC_MR_EMA_Dist,BTC,MR_EMA_Dist,599,600,2,-1143.95,2024-12-02 08:00:00+00:00,2024-12-02 10:00:00+00:00
BTC_MR_EMA_Dist,BTC,MR_EMA_Dist,606,609,4,-3346.79,2024-12-04 20:00:00+00:00,2024-12-05 03:00:00+00:00
BTC_MR_EMA_Dist,BTC,MR_EMA_Dist,625,627,3,-1924.21,2024-12-11 14:00:00+00:00,2024-12-11 20:00:00+00:00
BTC_MR_EMA_Dist,BTC,MR_EMA_Dist,632,636,5,-2263.11,2024-12-15 02:00:00+00:00,2024-12-16 00:00:00+00:00
BTC_MR_EMA_Dist,BTC,MR_EMA_Dist,638,639,2,-1376.47,2024-12-16 15:00:00+00:00,2024-12-16 17:00:00+00:00
BTC_MR_EMA_Dist,BTC,MR_EMA_Dist,641,642,2,-1606.7,2024-12-17 00:00:00+00:00,2024-12-17 04:00:00+00:00
BTC_MR_EMA_Dist,BTC,MR_EMA_Dist,645,646,2,-1872.15,2024-12-18 05:00:00+00:00,2024-12-18 21:00:00+00:00
BTC_MR_EMA_Dist,BTC,MR_EMA_Dist,648,653,6,-5521.18,2024-12-19 13:00:00+00:00,2024-12-20 10:00:00+00:00
BTC_MR_EMA_Dist,BTC,MR_EMA_Dist,656,660,5,-3220.08,2024-12-21 13:00:00+00:00,2024-12-22 23:00:00+00:00
BTC_MR_EMA_Dist,BTC,MR_EMA_Dist,662,664,3,-2627.63,2024-12-23 07:00:00+00:00,2024-12-23 17:00:00+00:00
BTC_MR_EMA_Dist,BTC,MR_EMA_Dist,667,668,2,-1231.06,2024-12-24 14:00:00+00:00,2024-12-24 16:00:00+00:00
BTC_MR_EMA_Dist,BTC,MR_EMA_Dist,670,671,2,-1565.88,2024-12-24 21:00:00+00:00,2024-12-24 23:00:00+00:00
BTC_MR_EMA_Dist,BTC,MR_EMA_Dist,675,677,3,-1812.88,2024-12-27 16:00:00+00:00,2024-12-29 19:00:00+00:00
BTC_MR_EMA_Dist,BTC,MR_EMA_Dist,684,691,8,-3532.68,2025-01-01 16:00:00+00:00,2025-01-02 17:00:00+00:00
BTC_MR_EMA_Dist,BTC,MR_EMA_Dist,693,696,4,-1404.86,2025-01-03 10:00:00+00:00,2025-01-03 17:00:00+00:00
BTC_MR_EMA_Dist,BTC,MR_EMA_Dist,698,699,2,-529.93,2025-01-04 17:00:00+00:00,2025-01-04 19:00:00+00:00
BTC_MR_EMA_Dist,BTC,MR_EMA_Dist,701,704,4,-1746.34,2025-01-05 22:00:00+00:00,2025-01-06 15:00:00+00:00
BTC_MR_EMA_Dist,BTC,MR_EMA_Dist,706,712,7,-4727.63,2025-01-07 16:00:00+00:00,2025-01-09 08:00:00+00:00
BTC_MR_EMA_Dist,BTC,MR_EMA_Dist,722,725,4,-2696.71,2025-01-13 07:00:00+00:00,2025-01-13 13:00:00+00:00
BTC_MR_EMA_Dist,BTC,MR_EMA_Dist,729,735,7,-4439.45,2025-01-14 14:00:00+00:00,2025-01-15 20:00:00+00:00
BTC_MR_EMA_Dist,BTC,MR_EMA_Dist,737,743,7,-4745.18,2025-01-16 16:00:00+00:00,2025-01-17 18:00:00+00:00
BTC_MR_EMA_Dist,BTC,MR_EMA_Dist,746,748,3,-2213.11,2025-01-18 05:00:00+00:00,2025-01-19 03:00:00+00:00
BTC_MR_EMA_Dist,BTC,MR_EMA_Dist,756,758,3,-2254.86,2025-01-22 17:00:00+00:00,2025-01-23 03:00:00+00:00
BTC_MR_EMA_Dist,BTC,MR_EMA_Dist,761,762,2,-1378.46,2025-01-24 11:00:00+00:00,2025-01-24 17:00:00+00:00
BTC_MR_EMA_Dist,BTC,MR_EMA_Dist,765,768,4,-1772.91,2025-01-26 23:00:00+00:00,2025-01-27 05:00:00+00:00
BTC_MR_EMA_Dist,BTC,MR_EMA_Dist,772,775,4,-2708.35,2025-01-28 21:00:00+00:00,2025-01-30 04:00:00+00:00
BTC_MR_EMA_Dist,BTC,MR_EMA_Dist,779,781,3,-1774.07,2025-01-31 19:00:00+00:00,2025-02-01 23:00:00+00:00
BTC_MR_EMA_Dist,BTC,MR_EMA_Dist,783,786,4,-2706.42,2025-02-02 07:00:00+00:00,2025-02-02 17:00:00+00:00
BTC_MR_EMA_Dist,BTC,MR_EMA_Dist,788,790,3,-2940.45,2025-02-02 21:00:00+00:00,2025-02-03 01:00:00+00:00
BTC_MR_EMA_Dist,BTC,MR_EMA_Dist,792,793,2,-2450.32,2025-02-03 19:00:00+00:00,2025-02-03 21:00:00+00:00
BTC_MR_EMA_Dist,BTC,MR_EMA_Dist,798,799,2,-1130.84,2025-02-06 16:00:00+00:00,2025-02-06 18:00:00+00:00
BTC_MR_EMA_Dist,BTC,MR_EMA_Dist,801,802,2,-1408.97,2025-02-07 14:00:00+00:00,2025-02-07 21:00:00+00:00
BTC_MR_EMA_Dist,BTC,MR_EMA_Dist,807,808,2,-880.27,2025-02-11 17:00:00+00:00,2025-02-11 19:00:00+00:00
BTC_MR_EMA_Dist,BTC,MR_EMA_Dist,814,815,2,-733.91,2025-02-14 10:00:00+00:00,2025-02-14 15:00:00+00:00
BTC_MR_EMA_Dist,BTC,MR_EMA_Dist,827,833,7,-2738.53,2025-02-20 00:00:00+00:00,2025-02-21 13:00:00+00:00
BTC_MR_EMA_Dist,BTC,MR_EMA_Dist,837,838,2,-599.89,2025-02-22 09:00:00+00:00,2025-02-23 13:00:00+00:00
BTC_MR_EMA_Dist,BTC,MR_EMA_Dist,843,849,7,-4978.09,2025-02-24 09:00:00+00:00,2025-02-25 10:00:00+00:00
BTC_MR_EMA_Dist,BTC,MR_EMA_Dist,853,854,2,-1580.85,2025-02-26 16:00:00+00:00,2025-02-26 18:00:00+00:00
BTC_MR_EMA_Dist,BTC,MR_EMA_Dist,856,861,6,-5573.51,2025-02-27 09:00:00+00:00,2025-02-28 04:00:00+00:00
BTC_MR_EMA_Dist,BTC,MR_EMA_Dist,863,864,2,-1612.79,2025-03-01 05:00:00+00:00,2025-03-02 16:00:00+00:00
BTC_MR_EMA_Dist,BTC,MR_EMA_Dist,866,869,4,-4852.5,2025-03-03 07:00:00+00:00,2025-03-03 21:00:00+00:00
BTC_MR_EMA_Dist,BTC,MR_EMA_Dist,873,876,4,-3973.66,2025-03-05 17:00:00+00:00,2025-03-06 02:00:00+00:00
BTC_MR_EMA_Dist,BTC,MR_EMA_Dist,880,886,7,-4668.45,2025-03-07 17:00:00+00:00,2025-03-09 22:00:00+00:00
BTC_MR_EMA_Dist,BTC,MR_EMA_Dist,888,890,3,-3217.72,2025-03-10 03:00:00+00:00,2025-03-10 18:00:00+00:00
BTC_MR_EMA_Dist,BTC,MR_EMA_Dist,895,896,2,-1186.25,2025-03-13 14:00:00+00:00,2025-03-13 16:00:00+00:00
BTC_MR_EMA_Dist,BTC,MR_EMA_Dist,898,900,3,-1354.78,2025-03-14 10:00:00+00:00,2025-03-14 14:00:00+00:00
BTC_MR_EMA_Dist,BTC,MR_EMA_Dist,902,904,3,-919.82,2025-03-15 09:00:00+00:00,2025-03-15 15:00:00+00:00
BTC_MR_EMA_Dist,BTC,MR_EMA_Dist,912,913,2,-874.61,2025-03-18 11:00:00+00:00,2025-03-18 13:00:00+00:00
BTC_MR_EMA_Dist,BTC,MR_EMA_Dist,915,917,3,-1035.04,2025-03-19 10:00:00+00:00,2025-03-19 14:00:00+00:00
BTC_MR_EMA_Dist,BTC,MR_EMA_Dist,919,921,3,-1657.28,2025-03-19 18:00:00+00:00,2025-03-19 23:00:00+00:00
BTC_MR_EMA_Dist,BTC,MR_EMA_Dist,926,928,3,-523.91,2025-03-23 11:00:00+00:00,2025-03-23 15:00:00+00:00
BTC_MR_EMA_Dist,BTC,MR_EMA_Dist,930,937,8,-2786.88,2025-03-23 19:00:00+00:00,2025-03-24 15:00:00+00:00
BTC_MR_EMA_Dist,BTC,MR_EMA_Dist,939,941,3,-1339.43,2025-03-25 10:00:00+00:00,2025-03-25 16:00:00+00:00
BTC_MR_EMA_Dist,BTC,MR_EMA_Dist,944,952,9,-3648.97,2025-03-26 17:00:00+00:00,2025-03-29 12:00:00+00:00
BTC_MR_EMA_Dist,BTC,MR_EMA_Dist,954,957,4,-1505.95,2025-03-30 03:00:00+00:00,2025-03-30 23:00:00+00:00
BTC_MR_EMA_Dist,BTC,MR_EMA_Dist,963,967,5,-2789.97,2025-04-02 09:00:00+00:00,2025-04-02 23:00:00+00:00
BTC_MR_EMA_Dist,BTC,MR_EMA_Dist,972,977,6,-2982.27,2025-04-06 11:00:00+00:00,2025-04-07 05:00:00+00:00
BTC_MR_EMA_Dist,BTC,MR_EMA_Dist,981,984,4,-2812.71,2025-04-08 16:00:00+00:00,2025-04-09 01:00:00+00:00
BTC_MR_EMA_Dist,BTC,MR_EMA_Dist,990,995,6,-3522.67,2025-04-11 07:00:00+00:00,2025-04-12 15:00:00+00:00
BTC_MR_EMA_Dist,BTC,MR_EMA_Dist,1000,1001,2,-929.58,2025-04-15 04:00:00+00:00,2025-04-15 10:00:00+00:00
BTC_MR_EMA_Dist,BTC,MR_EMA_Dist,1011,1012,2,-846.93,2025-04-21 01:00:00+00:00,2025-04-21 03:00:00+00:00
BTC_MR_EMA_Dist,BTC,MR_EMA_Dist,1014,1020,7,-4179.23,2025-04-21 17:00:00+00:00,2025-04-23 00:00:00+00:00
BTC_MR_EMA_Dist,BTC,MR_EMA_Dist,1024,1029,6,-2652.74,2025-04-24 13:00:00+00:00,2025-04-25 12:00:00+00:00
BTC_MR_EMA_Dist,BTC,MR_EMA_Dist,1031,1034,4,-1330.65,2025-04-26 23:00:00+00:00,2025-04-28 11:00:00+00:00
BTC_MR_EMA_Dist,BTC,MR_EMA_Dist,1039,1043,5,-1903.42,2025-05-01 06:00:00+00:00,2025-05-01 16:00:00+00:00
BTC_MR_EMA_Dist,BTC,MR_EMA_Dist,1048,1054,7,-2150.93,2025-05-04 03:00:00+00:00,2025-05-05 14:00:00+00:00
BTC_MR_EMA_Dist,BTC,MR_EMA_Dist,1057,1058,2,-665.59,2025-05-06 10:00:00+00:00,2025-05-06 12:00:00+00:00
BTC_MR_EMA_Dist,BTC,MR_EMA_Dist,1062,1063,2,-984.12,2025-05-07 04:00:00+00:00,2025-05-07 13:00:00+00:00
BTC_MR_EMA_Dist,BTC,MR_EMA_Dist,1065,1074,10,-5596.62,2025-05-07 19:00:00+00:00,2025-05-09 01:00:00+00:00
BTC_MR_EMA_Dist,BTC,MR_EMA_Dist,1076,1077,2,-1295.51,2025-05-09 17:00:00+00:00,2025-05-09 19:00:00+00:00
BTC_MR_EMA_Dist,BTC,MR_EMA_Dist,1079,1081,3,-943.81,2025-05-10 16:00:00+00:00,2025-05-10 22:00:00+00:00
BTC_MR_EMA_Dist,BTC,MR_EMA_Dist,1083,1084,2,-985.72,2025-05-11 02:00:00+00:00,2025-05-11 11:00:00+00:00
BTC_MR_EMA_Dist,BTC,MR_EMA_Dist,1090,1091,2,-818.63,2025-05-15 04:00:00+00:00,2025-05-15 07:00:00+00:00
BTC_MR_EMA_Dist,BTC,MR_EMA_Dist,1097,1098,2,-522.63,2025-05-18 08:00:00+00:00,2025-05-18 14:00:00+00:00
BTC_MR_EMA_Dist,BTC,MR_EMA_Dist,1102,1103,2,-1384.39,2025-05-19 17:00:00+00:00,2025-05-20 01:00:00+00:00
BTC_MR_EMA_Dist,BTC,MR_EMA_Dist,1105,1106,2,-1263.76,2025-05-20 18:00:00+00:00,2025-05-20 20:00:00+00:00
BTC_MR_EMA_Dist,BTC,MR_EMA_Dist,1110,1112,3,-3492.84,2025-05-21 20:00:00+00:00,2025-05-22 03:00:00+00:00
BTC_MR_EMA_Dist,BTC,MR_EMA_Dist,1114,1115,2,-1360.81,2025-05-23 12:00:00+00:00,2025-05-23 21:00:00+00:00
BTC_MR_EMA_Dist,BTC,MR_EMA_Dist,1121,1122,2,-1069.09,2025-05-25 23:00:00+00:00,2025-05-26 02:00:00+00:00
BTC_MR_EMA_Dist,BTC,MR_EMA_Dist,1129,1134,6,-3335.06,2025-05-29 14:00:00+00:00,2025-05-30 17:00:00+00:00
BTC_MR_EMA_Dist,BTC,MR_EMA_Dist,1136,1137,2,-613.2,2025-05-31 18:00:00+00:00,2025-06-01 02:00:00+00:00
BTC_MR_EMA_Dist,BTC,MR_EMA_Dist,1149,1150,2,-1123.46,2025-06-05 17:00:00+00:00,2025-06-05 19:00:00+00:00
BTC_MR_EMA_Dist,BTC,MR_EMA_Dist,1153,1159,7,-2194.15,2025-06-06 15:00:00+00:00,2025-06-08 18:00:00+00:00
BTC_MR_EMA_Dist,BTC,MR_EMA_Dist,1161,1164,4,-1567.92,2025-06-09 09:00:00+00:00,2025-06-09 18:00:00+00:00
BTC_MR_EMA_Dist,BTC,MR_EMA_Dist,1166,1168,3,-1631.94,2025-06-10 16:00:00+00:00,2025-06-10 23:00:00+00:00
BTC_MR_EMA_Dist,BTC,MR_EMA_Dist,1170,1171,2,-900.89,2025-06-12 04:00:00+00:00,2025-06-12 11:00:00+00:00
BTC_MR_EMA_Dist,BTC,MR_EMA_Dist,1174,1175,2,-1247.39,2025-06-12 20:00:00+00:00,2025-06-12 22:00:00+00:00
BTC_MR_EMA_Dist,BTC,MR_EMA_Dist,1177,1178,2,-1193.58,2025-06-13 16:00:00+00:00,2025-06-13 19:00:00+00:00
BTC_MR_EMA_Dist,BTC,MR_EMA_Dist,1185,1188,4,-1679.77,2025-06-16 05:00:00+00:00,2025-06-16 18:00:00+00:00
BTC_MR_EMA_Dist,BTC,MR_EMA_Dist,1191,1192,2,-1035.78,2025-06-17 12:00:00+00:00,2025-06-17 15:00:00+00:00
BTC_MR_EMA_Dist,BTC,MR_EMA_Dist,1194,1196,3,-1549.17,2025-06-17 20:00:00+00:00,2025-06-18 18:00:00+00:00
BTC_MR_EMA_Dist,BTC,MR_EMA_Dist,1201,1206,6,-2950.56,2025-06-20 15:00:00+00:00,2025-06-22 14:00:00+00:00
BTC_MR_EMA_Dist,BTC,MR_EMA_Dist,1211,1215,5,-3420.59,2025-06-23 19:00:00+00:00,2025-06-25 11:00:00+00:00
BTC_MR_EMA_Dist,BTC,MR_EMA_Dist,1217,1219,3,-1408.74,2025-06-25 16:00:00+00:00,2025-06-25 20:00:00+00:00
BTC_MR_EMA_Dist,BTC,MR_EMA_Dist,1224,1226,3,-477.7,2025-06-28 08:00:00+00:00,2025-06-29 11:00:00+00:00
BTC_MR_EMA_Dist,BTC,MR_EMA_Dist,1231,1233,3,-1065.41,2025-07-01 05:00:00+00:00,2025-07-01 15:00:00+00:00
BTC_MR_EMA_Dist,BTC,MR_EMA_Dist,1235,1236,2,-769.46,2025-07-02 09:00:00+00:00,2025-07-02 15:00:00+00:00
BTC_MR_EMA_Dist,BTC,MR_EMA_Dist,1238,1239,2,-931.63,2025-07-03 03:00:00+00:00,2025-07-03 06:00:00+00:00
BTC_MR_EMA_Dist,BTC,MR_EMA_Dist,1249,1250,2,-678.57,2025-07-07 17:00:00+00:00,2025-07-07 19:00:00+00:00
BTC_MR_EMA_Dist,BTC,MR_EMA_Dist,1257,1261,5,-2533.62,2025-07-10 14:00:00+00:00,2025-07-11 06:00:00+00:00
BTC_MR_EMA_Dist,BTC,MR_EMA_Dist,1263,1270,8,-3951.8,2025-07-11 16:00:00+00:00,2025-07-14 05:00:00+00:00
BTC_MR_EMA_Dist,BTC,MR_EMA_Dist,1273,1274,2,-1539.48,2025-07-15 03:00:00+00:00,2025-07-15 05:00:00+00:00
BTC_MR_EMA_Dist,BTC,MR_EMA_Dist,1277,1278,2,-1041.82,2025-07-16 10:00:00+00:00,2025-07-16 16:00:00+00:00
BTC_MR_EMA_Dist,BTC,MR_EMA_Dist,1293,1294,2,-1155.1,2025-07-25 02:00:00+00:00,2025-07-25 04:00:00+00:00
BTC_MR_EMA_Dist,BTC,MR_EMA_Dist,1298,1301,4,-992.77,2025-07-26 11:00:00+00:00,2025-07-27 18:00:00+00:00
BTC_MR_EMA_Dist,BTC,MR_EMA_Dist,1304,1305,2,-914.37,2025-07-29 15:00:00+00:00,2025-07-29 17:00:00+00:00
BTC_MR_EMA_Dist,BTC,MR_EMA_Dist,1310,1316,7,-4383.86,2025-07-31 20:00:00+00:00,2025-08-01 20:00:00+00:00
BTC_MR_EMA_Dist,BTC,MR_EMA_Dist,1328,1330,3,-1047.08,2025-08-07 09:00:00+00:00,2025-08-07 16:00:00+00:00
BTC_MR_EMA_Dist,BTC,MR_EMA_Dist,1332,1333,2,-824.0,2025-08-08 07:00:00+00:00,2025-08-08 21:00:00+00:00
BTC_MR_EMA_Dist,BTC,MR_EMA_Dist,1338,1341,4,-1770.35,2025-08-10 07:00:00+00:00,2025-08-11 01:00:00+00:00
BTC_MR_EMA_Dist,BTC,MR_EMA_Dist,1346,1347,2,-884.19,2025-08-13 10:00:00+00:00,2025-08-13 12:00:00+00:00
BTC_MR_EMA_Dist,BTC,MR_EMA_Dist,1349,1352,4,-2728.26,2025-08-13 16:00:00+00:00,2025-08-13 23:00:00+00:00
BTC_MR_EMA_Dist,BTC,MR_EMA_Dist,1355,1356,2,-1549.77,2025-08-14 13:00:00+00:00,2025-08-14 17:00:00+00:00
BTC_MR_EMA_Dist,BTC,MR_EMA_Dist,1359,1362,4,-1542.92,2025-08-17 19:00:00+00:00,2025-08-18 07:00:00+00:00
BTC_MR_EMA_Dist,BTC,MR_EMA_Dist,1364,1368,5,-2706.3,2025-08-18 17:00:00+00:00,2025-08-19 20:00:00+00:00
BTC_MR_EMA_Dist,BTC,MR_EMA_Dist,1377,1378,2,-1504.43,2025-08-22 15:00:00+00:00,2025-08-22 17:00:00+00:00
BTC_MR_EMA_Dist,BTC,MR_EMA_Dist,1383,1385,3,-2157.32,2025-08-24 23:00:00+00:00,2025-08-25 07:00:00+00:00
BTC_MR_EMA_Dist,BTC,MR_EMA_Dist,1387,1389,3,-2126.57,2025-08-25 15:00:00+00:00,2025-08-25 22:00:00+00:00
BTC_MR_EMA_Dist,BTC,MR_EMA_Dist,1393,1394,2,-911.04,2025-08-29 06:00:00+00:00,2025-08-29 08:00:00+00:00
BTC_MR_EMA_Dist,BTC,MR_EMA_Dist,1396,1397,2,-1222.67,2025-08-29 13:00:00+00:00,2025-08-29 15:00:00+00:00
BTC_MR_EMA_Dist,BTC,MR_EMA_Dist,1399,1401,3,-819.46,2025-08-31 05:00:00+00:00,2025-08-31 11:00:00+00:00
BTC_MR_EMA_Dist,BTC,MR_EMA_Dist,1408,1409,2,-1021.9,2025-09-02 14:00:00+00:00,2025-09-03 13:00:00+00:00
BTC_MR_EMA_Dist,BTC,MR_EMA_Dist,1418,1421,4,-1108.41,2025-09-07 09:00:00+00:00,2025-09-08 11:00:00+00:00
BTC_MR_EMA_Dist,BTC,MR_EMA_Dist,1426,1428,3,-1190.11,2025-09-10 08:00:00+00:00,2025-09-10 15:00:00+00:00
BTC_MR_EMA_Dist,BTC,MR_EMA_Dist,1430,1431,2,-835.96,2025-09-11 14:00:00+00:00,2025-09-11 23:00:00+00:00
BTC_MR_EMA_Dist,BTC,MR_EMA_Dist,1433,1435,3,-1029.13,2025-09-12 10:00:00+00:00,2025-09-12 18:00:00+00:00
BTC_MR_EMA_Dist,BTC,MR_EMA_Dist,1442,1444,3,-1132.87,2025-09-16 17:00:00+00:00,2025-09-16 21:00:00+00:00
BTC_MR_EMA_Dist,BTC,MR_EMA_Dist,1448,1451,4,-1191.73,2025-09-19 12:00:00+00:00,2025-09-19 18:00:00+00:00
BTC_MR_EMA_Dist,BTC,MR_EMA_Dist,1456,1459,4,-1078.58,2025-09-21 09:00:00+00:00,2025-09-22 07:00:00+00:00
BTC_MR_EMA_Dist,BTC,MR_EMA_Dist,1461,1462,2,-1036.94,2025-09-22 15:00:00+00:00,2025-09-22 18:00:00+00:00
BTC_MR_EMA_Dist,BTC,MR_EMA_Dist,1464,1466,3,-1267.95,2025-09-23 06:00:00+00:00,2025-09-23 21:00:00+00:00
BTC_MR_EMA_Dist,BTC,MR_EMA_Dist,1469,1470,2,-932.76,2025-09-25 05:00:00+00:00,2025-09-25 13:00:00+00:00
BTC_MR_EMA_Dist,BTC,MR_EMA_Dist,1473,1478,6,-2207.16,2025-09-28 21:00:00+00:00,2025-09-29 20:00:00+00:00
BTC_MR_EMA_Dist,BTC,MR_EMA_Dist,1481,1489,9,-4286.04,2025-09-30 14:00:00+00:00,2025-10-02 16:00:00+00:00
BTC_MR_EMA_Dist,BTC,MR_EMA_Dist,1491,1496,6,-2777.38,2025-10-03 09:00:00+00:00,2025-10-05 03:00:00+00:00
BTC_MR_EMA_Dist,BTC,MR_EMA_Dist,1498,1503,6,-3174.08,2025-10-05 12:00:00+00:00,2025-10-06 17:00:00+00:00
BTC_MR_EMA_Dist,BTC,MR_EMA_Dist,1507,1508,2,-1242.62,2025-10-07 15:00:00+00:00,2025-10-07 17:00:00+00:00
BTC_MR_EMA_Dist,BTC,MR_EMA_Dist,1516,1520,5,-5742.55,2025-10-10 16:00:00+00:00,2025-10-11 01:00:00+00:00
BTC_MR_EMA_Dist,BTC,MR_EMA_Dist,1524,1527,4,-2522.09,2025-10-14 04:00:00+00:00,2025-10-14 11:00:00+00:00
BTC_MR_EMA_Dist,BTC,MR_EMA_Dist,1529,1534,6,-4354.04,2025-10-15 12:00:00+00:00,2025-10-17 09:00:00+00:00
BTC_MR_EMA_Dist,BTC,MR_EMA_Dist,1539,1540,2,-1208.0,2025-10-20 03:00:00+00:00,2025-10-20 05:00:00+00:00
BTC_MR_EMA_Dist,BTC,MR_EMA_Dist,1556,1557,2,-877.41,2025-10-24 22:00:00+00:00,2025-10-25 08:00:00+00:00
BTC_MR_EMA_Dist,BTC,MR_EMA_Dist,1559,1565,7,-2413.49,2025-10-25 17:00:00+00:00,2025-10-27 02:00:00+00:00
BTC_MR_EMA_Dist,BTC,MR_EMA_Dist,1570,1575,6,-3963.79,2025-10-28 21:00:00+00:00,2025-10-30 00:00:00+00:00
BTC_MR_EMA_Dist,BTC,MR_EMA_Dist,1577,1579,3,-2781.69,2025-10-30 10:00:00+00:00,2025-10-30 16:00:00+00:00
BTC_MR_EMA_Dist,BTC,MR_EMA_Dist,1587,1590,4,-2227.17,2025-11-03 03:00:00+00:00,2025-11-03 12:00:00+00:00
BTC_MR_EMA_Dist,BTC,MR_EMA_Dist,1592,1598,7,-6440.28,2025-11-03 18:00:00+00:00,2025-11-04 21:00:00+00:00
BTC_MR_EMA_Dist,BTC,MR_EMA_Dist,1600,1604,5,-3550.11,2025-11-06 13:00:00+00:00,2025-11-07 12:00:00+00:00
BTC_MR_EMA_Dist,BTC,MR_EMA_Dist,1607,1611,5,-2858.33,2025-11-09 14:00:00+00:00,2025-11-10 02:00:00+00:00
BTC_MR_EMA_Dist,BTC,MR_EMA_Dist,1613,1616,4,-2419.91,2025-11-10 17:00:00+00:00,2025-11-11 02:00:00+00:00
BTC_MR_EMA_Dist,BTC,MR_EMA_Dist,1621,1622,2,-1356.25,2025-11-12 16:00:00+00:00,2025-11-12 18:00:00+00:00
BTC_MR_EMA_Dist,BTC,MR_EMA_Dist,1624,1625,2,-1696.17,2025-11-13 16:00:00+00:00,2025-11-13 18:00:00+00:00
BTC_MR_EMA_Dist,BTC,MR_EMA_Dist,1627,1630,4,-3986.3,2025-11-14 00:00:00+00:00,2025-11-14 12:00:00+00:00
BTC_MR_EMA_Dist,BTC,MR_EMA_Dist,1632,1634,3,-2590.87,2025-11-14 16:00:00+00:00,2025-11-16 18:00:00+00:00
BTC_MR_EMA_Dist,BTC,MR_EMA_Dist,1636,1640,5,-4075.36,2025-11-17 14:00:00+00:00,2025-11-18 03:00:00+00:00
BTC_MR_EMA_Dist,BTC,MR_EMA_Dist,1643,1646,4,-3013.91,2025-11-19 05:00:00+00:00,2025-11-19 18:00:00+00:00
BTC_MR_EMA_Dist,BTC,MR_EMA_Dist,1648,1653,6,-5497.12,2025-11-20 16:00:00+00:00,2025-11-21 10:00:00+00:00
BTC_MR_EMA_Dist,BTC,MR_EMA_Dist,1655,1659,5,-2566.09,2025-11-23 04:00:00+00:00,2025-11-23 20:00:00+00:00
BTC_MR_EMA_Dist,BTC,MR_EMA_Dist,1665,1667,3,-1970.67,2025-11-26 18:00:00+00:00,2025-11-27 03:00:00+00:00
BTC_MR_EMA_Dist,BTC,MR_EMA_Dist,1671,1675,5,-3169.14,2025-12-01 00:00:00+00:00,2025-12-01 13:00:00+00:00
BTC_MR_EMA_Dist,BTC,MR_EMA_Dist,1678,1681,4,-2887.96,2025-12-02 15:00:00+00:00,2025-12-03 03:00:00+00:00
BTC_MR_EMA_Dist,BTC,MR_EMA_Dist,1683,1685,3,-1874.55,2025-12-03 15:00:00+00:00,2025-12-03 21:00:00+00:00
BTC_MR_EMA_Dist,BTC,MR_EMA_Dist,1687,1689,3,-1577.85,2025-12-05 10:00:00+00:00,2025-12-05 17:00:00+00:00
BTC_MR_EMA_Dist,BTC,MR_EMA_Dist,1698,1699,2,-1486.17,2025-12-09 22:00:00+00:00,2025-12-11 02:00:00+00:00
BTC_MR_EMA_Dist,BTC,MR_EMA_Dist,1703,1707,5,-1712.86,2025-12-12 16:00:00+00:00,2025-12-14 21:00:00+00:00
BTC_MR_EMA_Dist,BTC,MR_EMA_Dist,1709,1712,4,-2315.55,2025-12-15 15:00:00+00:00,2025-12-15 22:00:00+00:00
BTC_MR_EMA_Dist,BTC,MR_EMA_Dist,1722,1723,2,-1382.91,2025-12-19 08:00:00+00:00,2025-12-19 23:00:00+00:00
BTC_MR_EMA_Dist,BTC,MR_EMA_Dist,1726,1728,3,-1245.76,2025-12-22 01:00:00+00:00,2025-12-22 10:00:00+00:00
BTC_MR_EMA_Dist,BTC,MR_EMA_Dist,1740,1741,2,-479.68,2025-12-29 01:00:00+00:00,2025-12-29 03:00:00+00:00
BTC_MR_EMA_Dist,BTC,MR_EMA_Dist,1750,1758,9,-2577.66,2026-01-01 18:00:00+00:00,2026-01-04 07:00:00+00:00
BTC_MR_EMA_Dist,BTC,MR_EMA_Dist,1760,1761,2,-490.5,2026-01-04 20:00:00+00:00,2026-01-05 00:00:00+00:00
BTC_MR_EMA_Dist,BTC,MR_EMA_Dist,1763,1766,4,-1684.24,2026-01-05 07:00:00+00:00,2026-01-05 17:00:00+00:00
BTC_MR_EMA_Dist,BTC,MR_EMA_Dist,1768,1769,2,-688.74,2026-01-06 10:00:00+00:00,2026-01-06 12:00:00+00:00
BTC_MR_EMA_Dist,BTC,MR_EMA_Dist,1772,1774,3,-1492.1,2026-01-07 10:00:00+00:00,2026-01-08 07:00:00+00:00
BTC_MR_EMA_Dist,BTC,MR_EMA_Dist,1782,1783,2,-749.43,2026-01-12 02:00:00+00:00,2026-01-12 04:00:00+00:00
BTC_MR_EMA_Dist,BTC,MR_EMA_Dist,1786,1792,7,-3547.3,2026-01-13 07:00:00+00:00,2026-01-14 17:00:00+00:00
BTC_MR_EMA_Dist,BTC,MR_EMA_Dist,1801,1807,7,-2971.45,2026-01-19 00:00:00+00:00,2026-01-20 19:00:00+00:00
BTC_MR_EMA_Dist,BTC,MR_EMA_Dist,1809,1810,2,-1143.71,2026-01-21 06:00:00+00:00,2026-01-21 08:00:00+00:00
BTC_MR_EMA_Dist,BTC,MR_EMA_Dist,1819,1823,5,-712.33,2026-01-24 15:00:00+00:00,2026-01-25 07:00:00+00:00
BTC_MR_EMA_Dist,BTC,MR_EMA_Dist,1825,1827,3,-803.16,2026-01-25 13:00:00+00:00,2026-01-25 18:00:00+00:00
BTC_MR_EMA_Dist,BTC,MR_EMA_Dist,1835,1838,4,-2181.16,2026-01-29 03:00:00+00:00,2026-01-29 19:00:00+00:00
BTC_MR_EMA_Dist,BTC,MR_EMA_Dist,1840,1848,9,-6109.79,2026-01-31 07:00:00+00:00,2026-02-02 04:00:00+00:00
BTC_MR_EMA_Dist,BTC,MR_EMA_Dist,1850,1851,2,-1318.41,2026-02-03 15:00:00+00:00,2026-02-03 17:00:00+00:00
BTC_MR_EMA_Dist,BTC,MR_EMA_Dist,1853,1863,11,-10792.35,2026-02-03 23:00:00+00:00,2026-02-05 21:00:00+00:00
BTC_MR_EMA_Dist,BTC,MR_EMA_Dist,1866,1867,2,-958.94,2026-02-08 09:00:00+00:00,2026-02-08 12:00:00+00:00
BTC_MR_EMA_Dist,BTC,MR_EMA_Dist,1869,1870,2,-1138.33,2026-02-08 18:00:00+00:00,2026-02-08 20:00:00+00:00
BTC_MR_EMA_Dist,BTC,MR_EMA_Dist,1875,1877,3,-1785.76,2026-02-11 04:00:00+00:00,2026-02-11 08:00:00+00:00
BTC_MR_EMA_Dist,BTC,MR_EMA_Dist,1883,1885,3,-1209.39,2026-02-13 15:00:00+00:00,2026-02-14 09:00:00+00:00
BTC_MR_EMA_Dist,BTC,MR_EMA_Dist,1887,1890,4,-1506.43,2026-02-14 14:00:00+00:00,2026-02-15 05:00:00+00:00
BTC_MR_EMA_Dist,BTC,MR_EMA_Dist,1899,1901,3,-1260.05,2026-02-18 12:00:00+00:00,2026-02-18 19:00:00+00:00
BTC_MR_EMA_Dist,BTC,MR_EMA_Dist,1908,1910,3,-706.17,2026-02-22 15:00:00+00:00,2026-02-23 01:00:00+00:00
BTC_MR_EMA_Dist,BTC,MR_EMA_Dist,1912,1917,6,-3105.24,2026-02-23 07:00:00+00:00,2026-02-24 04:00:00+00:00
BTC_MR_EMA_Dist,BTC,MR_EMA_Dist,1920,1924,5,-2693.27,2026-02-25 02:00:00+00:00,2026-02-25 20:00:00+00:00
BTC_MR_EMA_Dist,BTC,MR_EMA_Dist,1927,1930,4,-1848.07,2026-02-27 11:00:00+00:00,2026-02-27 20:00:00+00:00
BTC_MR_EMA_Dist,BTC,MR_EMA_Dist,1938,1941,4,-2842.24,2026-03-03 19:00:00+00:00,2026-03-04 15:00:00+00:00
BTC_MR_EMA_Dist,BTC,MR_EMA_Dist,1943,1947,5,-2307.74,2026-03-06 12:00:00+00:00,2026-03-07 20:00:00+00:00
BTC_MR_EMA_Dist,BTC,MR_EMA_Dist,1950,1952,3,-1113.95,2026-03-08 12:00:00+00:00,2026-03-08 17:00:00+00:00
BTC_MR_EMA_Dist,BTC,MR_EMA_Dist,1954,1956,3,-1934.66,2026-03-09 14:00:00+00:00,2026-03-10 09:00:00+00:00
BTC_MR_EMA_Dist,BTC,MR_EMA_Dist,1961,1962,2,-1121.62,2026-03-13 01:00:00+00:00,2026-03-13 11:00:00+00:00
BTC_MR_EMA_Dist,BTC,MR_EMA_Dist,1965,1971,7,-2205.84,2026-03-15 00:00:00+00:00,2026-03-16 04:00:00+00:00
BTC_MR_EMA_Dist,BTC,MR_EMA_Dist,1973,1976,4,-2424.25,2026-03-16 09:00:00+00:00,2026-03-16 22:00:00+00:00
BTC_MR_EMA_Dist,BTC,MR_EMA_Dist,1979,1985,7,-3138.66,2026-03-18 12:00:00+00:00,2026-03-19 13:00:00+00:00
BTC_MR_EMA_Dist,BTC,MR_EMA_Dist,1991,1994,4,-1495.86,2026-03-22 04:00:00+00:00,2026-03-22 22:00:00+00:00
BTC_MR_EMA_Dist,BTC,MR_EMA_Dist,1996,1997,2,-1223.94,2026-03-23 04:00:00+00:00,2026-03-23 13:00:00+00:00
BTC_MR_EMA_Dist,BTC,MR_EMA_Dist,2000,2001,2,-858.77,2026-03-25 05:00:00+00:00,2026-03-25 09:00:00+00:00
BTC_MR_EMA_Dist,BTC,MR_EMA_Dist,2004,2006,3,-1191.22,2026-03-26 06:00:00+00:00,2026-03-26 16:00:00+00:00
BTC_MR_EMA_Dist,BTC,MR_EMA_Dist,2008,2012,5,-2195.7,2026-03-26 21:00:00+00:00,2026-03-27 15:00:00+00:00
BTC_MR_EMA_Dist,BTC,MR_EMA_Dist,2014,2015,2,-488.47,2026-03-28 14:00:00+00:00,2026-03-28 23:00:00+00:00
BTC_MR_EMA_Dist,BTC,MR_EMA_Dist,2017,2019,3,-663.0,2026-03-29 08:00:00+00:00,2026-03-29 18:00:00+00:00
BTC_MR_EMA_Dist,BTC,MR_EMA_Dist,2029,2030,2,-1002.06,2026-04-02 03:00:00+00:00,2026-04-02 05:00:00+00:00
BTC_MR_EMA_Dist,BTC,MR_EMA_Dist,2037,2040,4,-1303.91,2026-04-05 21:00:00+00:00,2026-04-06 10:00:00+00:00
BTC_MR_EMA_Dist,BTC,MR_EMA_Dist,2043,2044,2,-1025.02,2026-04-07 21:00:00+00:00,2026-04-07 23:00:00+00:00
BTC_MR_EMA_Dist,BTC,MR_EMA_Dist,2049,2051,3,-1271.53,2026-04-09 16:00:00+00:00,2026-04-10 15:00:00+00:00
BTC_MR_EMA_Dist,BTC,MR_EMA_Dist,2053,2056,4,-1308.81,2026-04-12 02:00:00+00:00,2026-04-13 01:00:00+00:00
BTC_MR_EMA_Dist,BTC,MR_EMA_Dist,2058,2060,3,-1369.9,2026-04-13 15:00:00+00:00,2026-04-13 23:00:00+00:00
BTC_MR_EMA_Dist,BTC,MR_EMA_Dist,2065,2067,3,-1455.62,2026-04-16 20:00:00+00:00,2026-04-17 13:00:00+00:00
BTC_MR_EMA_Dist,BTC,MR_EMA_Dist,2070,2071,2,-577.75,2026-04-19 03:00:00+00:00,2026-04-19 08:00:00+00:00
BTC_MR_EMA_Dist,BTC,MR_EMA_Dist,2076,2078,3,-1676.74,2026-04-22 03:00:00+00:00,2026-04-22 14:00:00+00:00
BTC_MR_EMA_Dist,BTC,MR_EMA_Dist,2083,2086,4,-1085.32,2026-04-26 06:00:00+00:00,2026-04-27 00:00:00+00:00
BTC_MR_EMA_Dist,BTC,MR_EMA_Dist,2088,2089,2,-790.73,2026-04-27 16:00:00+00:00,2026-04-28 12:00:00+00:00
PETR4_TF_EMA_Slope,PETR4,TF_EMA_Slope,4,6,3,-134.68,2024-05-17 17:00:00+00:00,2024-05-24 13:00:00+00:00
PETR4_TF_EMA_Slope,PETR4,TF_EMA_Slope,8,9,2,-72.32,2024-05-28 16:00:00+00:00,2024-05-28 18:00:00+00:00
PETR4_TF_EMA_Slope,PETR4,TF_EMA_Slope,11,13,3,-124.18,2024-05-31 14:00:00+00:00,2024-06-05 17:00:00+00:00
PETR4_TF_EMA_Slope,PETR4,TF_EMA_Slope,26,28,3,-117.21,2024-07-02 14:00:00+00:00,2024-07-03 14:00:00+00:00
PETR4_TF_EMA_Slope,PETR4,TF_EMA_Slope,30,31,2,-65.18,2024-07-04 16:00:00+00:00,2024-07-08 17:00:00+00:00
PETR4_TF_EMA_Slope,PETR4,TF_EMA_Slope,33,36,4,-135.31,2024-07-25 14:00:00+00:00,2024-07-31 17:00:00+00:00
PETR4_TF_EMA_Slope,PETR4,TF_EMA_Slope,39,41,3,-161.35,2024-08-05 14:00:00+00:00,2024-08-06 19:00:00+00:00
PETR4_TF_EMA_Slope,PETR4,TF_EMA_Slope,46,48,3,-108.32,2024-08-15 16:00:00+00:00,2024-08-20 15:00:00+00:00
PETR4_TF_EMA_Slope,PETR4,TF_EMA_Slope,51,52,2,-87.11,2024-08-22 14:00:00+00:00,2024-08-23 14:00:00+00:00
PETR4_TF_EMA_Slope,PETR4,TF_EMA_Slope,62,63,2,-81.64,2024-09-13 18:00:00+00:00,2024-09-16 16:00:00+00:00
PETR4_TF_EMA_Slope,PETR4,TF_EMA_Slope,67,68,2,-72.75,2024-09-25 15:00:00+00:00,2024-09-26 14:00:00+00:00
PETR4_TF_EMA_Slope,PETR4,TF_EMA_Slope,74,76,3,-99.22,2024-10-09 18:00:00+00:00,2024-10-15 16:00:00+00:00
PETR4_TF_EMA_Slope,PETR4,TF_EMA_Slope,78,79,2,-52.39,2024-10-17 16:00:00+00:00,2024-10-18 14:00:00+00:00
PETR4_TF_EMA_Slope,PETR4,TF_EMA_Slope,82,84,3,-74.14,2024-10-23 15:00:00+00:00,2024-10-25 15:00:00+00:00
PETR4_TF_EMA_Slope,PETR4,TF_EMA_Slope,87,89,3,-105.0,2024-10-28 19:00:00+00:00,2024-10-31 17:00:00+00:00
PETR4_TF_EMA_Slope,PETR4,TF_EMA_Slope,91,94,4,-144.1,2024-11-05 16:00:00+00:00,2024-11-08 14:00:00+00:00
PETR4_TF_EMA_Slope,PETR4,TF_EMA_Slope,101,105,5,-204.32,2024-11-22 16:00:00+00:00,2024-11-29 16:00:00+00:00
PETR4_TF_EMA_Slope,PETR4,TF_EMA_Slope,114,115,2,-73.61,2024-12-26 14:00:00+00:00,2024-12-30 14:00:00+00:00
PETR4_TF_EMA_Slope,PETR4,TF_EMA_Slope,117,119,3,-98.89,2025-01-02 16:00:00+00:00,2025-01-03 19:00:00+00:00
PETR4_TF_EMA_Slope,PETR4,TF_EMA_Slope,121,131,11,-323.38,2025-01-10 14:00:00+00:00,2025-01-22 18:00:00+00:00
PETR4_TF_EMA_Slope,PETR4,TF_EMA_Slope,133,135,3,-87.86,2025-01-24 16:00:00+00:00,2025-01-27 18:00:00+00:00
PETR4_TF_EMA_Slope,PETR4,TF_EMA_Slope,137,139,3,-122.57,2025-01-31 17:00:00+00:00,2025-02-04 14:00:00+00:00
PETR4_TF_EMA_Slope,PETR4,TF_EMA_Slope,146,149,4,-130.82,2025-02-18 16:00:00+00:00,2025-02-25 16:00:00+00:00
PETR4_TF_EMA_Slope,PETR4,TF_EMA_Slope,159,162,4,-150.53,2025-03-27 14:00:00+00:00,2025-04-01 17:00:00+00:00
PETR4_TF_EMA_Slope,PETR4,TF_EMA_Slope,169,171,3,-165.87,2025-04-17 14:00:00+00:00,2025-04-23 15:00:00+00:00
PETR4_TF_EMA_Slope,PETR4,TF_EMA_Slope,177,181,5,-150.1,2025-05-14 13:00:00+00:00,2025-05-29 15:00:00+00:00
PETR4_TF_EMA_Slope,PETR4,TF_EMA_Slope,187,188,2,-65.78,2025-06-09 14:00:00+00:00,2025-06-09 16:00:00+00:00
PETR4_TF_EMA_Slope,PETR4,TF_EMA_Slope,198,199,2,-49.82,2025-07-09 14:00:00+00:00,2025-07-10 14:00:00+00:00
PETR4_TF_EMA_Slope,PETR4,TF_EMA_Slope,206,207,2,-62.89,2025-07-18 17:00:00+00:00,2025-07-21 14:00:00+00:00
PETR4_TF_EMA_Slope,PETR4,TF_EMA_Slope,212,216,5,-179.14,2025-07-30 18:00:00+00:00,2025-08-07 14:00:00+00:00
PETR4_TF_EMA_Slope,PETR4,TF_EMA_Slope,219,223,5,-140.15,2025-08-14 14:00:00+00:00,2025-08-21 15:00:00+00:00
PETR4_TF_EMA_Slope,PETR4,TF_EMA_Slope,230,231,2,-60.32,2025-09-05 16:00:00+00:00,2025-09-08 14:00:00+00:00
PETR4_TF_EMA_Slope,PETR4,TF_EMA_Slope,233,235,3,-71.68,2025-09-10 18:00:00+00:00,2025-09-15 18:00:00+00:00
PETR4_TF_EMA_Slope,PETR4,TF_EMA_Slope,245,246,2,-43.18,2025-10-07 15:00:00+00:00,2025-10-07 18:00:00+00:00
PETR4_TF_EMA_Slope,PETR4,TF_EMA_Slope,250,257,8,-230.67,2025-10-17 14:00:00+00:00,2025-11-03 15:00:00+00:00
PETR4_TF_EMA_Slope,PETR4,TF_EMA_Slope,264,267,4,-181.49,2025-11-11 14:00:00+00:00,2025-11-14 14:00:00+00:00
PETR4_TF_EMA_Slope,PETR4,TF_EMA_Slope,271,273,3,-106.82,2025-12-02 15:00:00+00:00,2025-12-04 14:00:00+00:00
PETR4_TF_EMA_Slope,PETR4,TF_EMA_Slope,277,281,5,-129.75,2025-12-22 14:00:00+00:00,2026-01-02 16:00:00+00:00
PETR4_TF_EMA_Slope,PETR4,TF_EMA_Slope,300,303,4,-283.07,2026-01-29 14:00:00+00:00,2026-02-04 17:00:00+00:00
PETR4_TF_EMA_Slope,PETR4,TF_EMA_Slope,305,306,2,-94.07,2026-02-12 13:00:00+00:00,2026-02-12 18:00:00+00:00
PETR4_TF_EMA_Slope,PETR4,TF_EMA_Slope,311,312,2,-142.39,2026-03-02 14:00:00+00:00,2026-03-04 16:00:00+00:00
PETR4_TF_EMA_Slope,PETR4,TF_EMA_Slope,321,323,3,-216.96,2026-03-19 14:00:00+00:00,2026-03-24 14:00:00+00:00
PETR4_TF_EMA_Slope,PETR4,TF_EMA_Slope,327,328,2,-129.96,2026-03-30 14:00:00+00:00,2026-03-30 19:00:00+00:00
PETR4_TF_EMA_Slope,PETR4,TF_EMA_Slope,330,335,6,-529.61,2026-04-01 15:00:00+00:00,2026-04-08 18:00:00+00:00
PETR4_TF_EMA_Slope,PETR4,TF_EMA_Slope,339,342,4,-328.4,2026-04-17 14:00:00+00:00,2026-04-24 16:00:00+00:00
GOLD_TF_EMA_Slope,GOLD,TF_EMA_Slope,2,5,4,-270.64,2024-05-13 16:00:00+00:00,2024-05-14 11:00:00+00:00
GOLD_TF_EMA_Slope,GOLD,TF_EMA_Slope,8,9,2,-134.14,2024-05-15 10:00:00+00:00,2024-05-15 12:00:00+00:00
GOLD_TF_EMA_Slope,GOLD,TF_EMA_Slope,11,12,2,-237.75,2024-05-16 02:00:00+00:00,2024-05-16 14:00:00+00:00
GOLD_TF_EMA_Slope,GOLD,TF_EMA_Slope,21,22,2,-230.57,2024-05-23 18:00:00+00:00,2024-05-28 05:00:00+00:00
GOLD_TF_EMA_Slope,GOLD,TF_EMA_Slope,28,31,4,-647.68,2024-05-30 03:00:00+00:00,2024-05-30 13:00:00+00:00
GOLD_TF_EMA_Slope,GOLD,TF_EMA_Slope,33,34,2,-192.42,2024-06-05 01:00:00+00:00,2024-06-05 04:00:00+00:00
GOLD_TF_EMA_Slope,GOLD,TF_EMA_Slope,43,47,5,-532.29,2024-06-07 20:00:00+00:00,2024-06-11 13:00:00+00:00
GOLD_TF_EMA_Slope,GOLD,TF_EMA_Slope,49,55,7,-687.2,2024-06-12 13:00:00+00:00,2024-06-17 07:00:00+00:00
GOLD_TF_EMA_Slope,GOLD,TF_EMA_Slope,57,58,2,-139.18,2024-06-18 11:00:00+00:00,2024-06-18 13:00:00+00:00
GOLD_TF_EMA_Slope,GOLD,TF_EMA_Slope,63,64,2,-228.1,2024-06-20 15:00:00+00:00,2024-06-20 17:00:00+00:00
GOLD_TF_EMA_Slope,GOLD,TF_EMA_Slope,70,77,8,-646.6,2024-06-28 11:00:00+00:00,2024-07-03 14:30:00+00:00
GOLD_TF_EMA_Slope,GOLD,TF_EMA_Slope,81,82,2,-193.5,2024-07-08 16:00:00+00:00,2024-07-09 03:00:00+00:00
GOLD_TF_EMA_Slope,GOLD,TF_EMA_Slope,84,85,2,-133.28,2024-07-10 13:00:00+00:00,2024-07-10 23:00:00+00:00
GOLD_TF_EMA_Slope,GOLD,TF_EMA_Slope,88,92,5,-418.4,2024-07-11 16:00:00+00:00,2024-07-15 07:00:00+00:00
GOLD_TF_EMA_Slope,GOLD,TF_EMA_Slope,99,101,3,-360.1,2024-07-17 01:00:00+00:00,2024-07-18 04:00:00+00:00
GOLD_TF_EMA_Slope,GOLD,TF_EMA_Slope,107,109,3,-279.53,2024-07-22 15:00:00+00:00,2024-07-23 12:00:00+00:00
GOLD_TF_EMA_Slope,GOLD,TF_EMA_Slope,112,114,3,-318.0,2024-07-24 15:00:00+00:00,2024-07-24 20:00:00+00:00
GOLD_TF_EMA_Slope,GOLD,TF_EMA_Slope,118,120,3,-276.64,2024-07-28 23:00:00+00:00,2024-07-29 15:00:00+00:00
GOLD_TF_EMA_Slope,GOLD,TF_EMA_Slope,122,123,2,-521.89,2024-07-30 10:00:00+00:00,2024-07-30 12:00:00+00:00
GOLD_TF_EMA_Slope,GOLD,TF_EMA_Slope,125,127,3,-428.79,2024-08-02 06:00:00+00:00,2024-08-02 16:00:00+00:00
GOLD_TF_EMA_Slope,GOLD,TF_EMA_Slope,129,130,2,-433.5,2024-08-05 12:00:00+00:00,2024-08-05 16:00:00+00:00
GOLD_TF_EMA_Slope,GOLD,TF_EMA_Slope,134,140,7,-676.81,2024-08-12 18:00:00+00:00,2024-08-15 14:00:00+00:00
GOLD_TF_EMA_Slope,GOLD,TF_EMA_Slope,144,145,2,-237.43,2024-08-16 20:00:00+00:00,2024-08-19 13:00:00+00:00
GOLD_TF_EMA_Slope,GOLD,TF_EMA_Slope,147,150,4,-409.06,2024-08-20 09:00:00+00:00,2024-08-21 20:00:00+00:00
GOLD_TF_EMA_Slope,GOLD,TF_EMA_Slope,155,162,8,-671.68,2024-08-26 09:00:00+00:00,2024-08-29 14:00:00+00:00
GOLD_TF_EMA_Slope,GOLD,TF_EMA_Slope,167,168,2,-276.85,2024-09-03 15:00:00+00:00,2024-09-03 18:00:00+00:00
GOLD_TF_EMA_Slope,GOLD,TF_EMA_Slope,174,175,2,-227.57,2024-09-06 17:00:00+00:00,2024-09-09 15:00:00+00:00
GOLD_TF_EMA_Slope,GOLD,TF_EMA_Slope,178,181,4,-307.18,2024-09-11 07:00:00+00:00,2024-09-11 17:00:00+00:00
GOLD_TF_EMA_Slope,GOLD,TF_EMA_Slope,187,190,4,-523.6,2024-09-17 16:00:00+00:00,2024-09-19 03:00:00+00:00
GOLD_TF_EMA_Slope,GOLD,TF_EMA_Slope,198,200,3,-297.1,2024-09-26 11:00:00+00:00,2024-09-27 15:00:00+00:00
GOLD_TF_EMA_Slope,GOLD,TF_EMA_Slope,204,213,10,-985.72,2024-10-01 14:00:00+00:00,2024-10-04 13:00:00+00:00
GOLD_TF_EMA_Slope,GOLD,TF_EMA_Slope,215,217,3,-375.22,2024-10-08 08:00:00+00:00,2024-10-08 15:00:00+00:00
GOLD_TF_EMA_Slope,GOLD,TF_EMA_Slope,219,221,3,-291.64,2024-10-14 07:00:00+00:00,2024-10-14 16:00:00+00:00
GOLD_TF_EMA_Slope,GOLD,TF_EMA_Slope,229,230,2,-185.25,2024-10-21 13:00:00+00:00,2024-10-21 18:00:00+00:00
GOLD_TF_EMA_Slope,GOLD,TF_EMA_Slope,234,241,8,-717.42,2024-10-23 16:00:00+00:00,2024-10-28 03:00:00+00:00
GOLD_TF_EMA_Slope,GOLD,TF_EMA_Slope,246,247,2,-195.75,2024-10-31 16:00:00+00:00,2024-11-01 06:00:00+00:00
GOLD_TF_EMA_Slope,GOLD,TF_EMA_Slope,249,251,3,-331.93,2024-11-04 00:00:00+00:00,2024-11-05 18:00:00+00:00
GOLD_TF_EMA_Slope,GOLD,TF_EMA_Slope,256,257,2,-417.96,2024-11-06 15:00:00+00:00,2024-11-07 15:00:00+00:00
GOLD_TF_EMA_Slope,GOLD,TF_EMA_Slope,261,262,2,-218.89,2024-11-12 10:00:00+00:00,2024-11-12 13:00:00+00:00
GOLD_TF_EMA_Slope,GOLD,TF_EMA_Slope,266,273,8,-965.9,2024-11-14 10:00:00+00:00,2024-11-15 18:00:00+00:00
GOLD_TF_EMA_Slope,GOLD,TF_EMA_Slope,288,289,2,-336.11,2024-11-25 15:00:00+00:00,2024-11-27 09:00:00+00:00
GOLD_TF_EMA_Slope,GOLD,TF_EMA_Slope,291,294,4,-1085.07,2024-11-27 13:00:00+00:00,2024-12-05 16:00:00+00:00
GOLD_TF_EMA_Slope,GOLD,TF_EMA_Slope,300,302,3,-435.76,2024-12-18 23:00:00+00:00,2024-12-19 13:00:00+00:00
GOLD_TF_EMA_Slope,GOLD,TF_EMA_Slope,304,305,2,-189.64,2024-12-20 17:00:00+00:00,2024-12-23 13:00:00+00:00
GOLD_TF_EMA_Slope,GOLD,TF_EMA_Slope,313,314,2,-178.18,2024-12-30 16:00:00+00:00,2024-12-31 10:00:00+00:00
GOLD_TF_EMA_Slope,GOLD,TF_EMA_Slope,320,322,3,-374.03,2025-01-06 05:00:00+00:00,2025-01-06 16:00:00+00:00
GOLD_TF_EMA_Slope,GOLD,TF_EMA_Slope,332,333,2,-281.89,2025-01-10 15:00:00+00:00,2025-01-13 02:00:00+00:00
GOLD_TF_EMA_Slope,GOLD,TF_EMA_Slope,344,349,6,-510.33,2025-01-17 11:00:00+00:00,2025-01-21 09:00:00+00:00
GOLD_TF_EMA_Slope,GOLD,TF_EMA_Slope,351,353,3,-245.68,2025-01-22 10:00:00+00:00,2025-01-23 10:00:00+00:00
GOLD_TF_EMA_Slope,GOLD,TF_EMA_Slope,364,367,4,-959.56,2025-01-30 10:00:00+00:00,2025-01-31 20:00:00+00:00
GOLD_TF_EMA_Slope,GOLD,TF_EMA_Slope,380,381,2,-361.29,2025-02-14 21:00:00+00:00,2025-02-17 04:00:00+00:00
GOLD_TF_EMA_Slope,GOLD,TF_EMA_Slope,383,385,3,-355.18,2025-02-18 19:00:00+00:00,2025-02-20 01:00:00+00:00
GOLD_TF_EMA_Slope,GOLD,TF_EMA_Slope,387,393,7,-894.31,2025-02-21 09:00:00+00:00,2025-02-25 08:00:00+00:00
GOLD_TF_EMA_Slope,GOLD,TF_EMA_Slope,402,403,2,-291.21,2025-02-28 15:00:00+00:00,2025-02-28 17:00:00+00:00
GOLD_TF_EMA_Slope,GOLD,TF_EMA_Slope,407,414,8,-1019.14,2025-03-04 09:00:00+00:00,2025-03-07 15:00:00+00:00
GOLD_TF_EMA_Slope,GOLD,TF_EMA_Slope,425,426,2,-150.97,2025-03-19 06:00:00+00:00,2025-03-19 08:00:00+00:00
GOLD_TF_EMA_Slope,GOLD,TF_EMA_Slope,428,430,3,-345.43,2025-03-19 19:00:00+00:00,2025-03-20 20:00:00+00:00
GOLD_TF_EMA_Slope,GOLD,TF_EMA_Slope,432,436,5,-562.28,2025-03-21 14:00:00+00:00,2025-03-25 11:00:00+00:00
GOLD_TF_EMA_Slope,GOLD,TF_EMA_Slope,438,442,5,-442.82,2025-03-25 15:00:00+00:00,2025-03-26 16:00:00+00:00
GOLD_TF_EMA_Slope,GOLD,TF_EMA_Slope,449,452,4,-906.0,2025-03-28 08:00:00+00:00,2025-03-28 14:00:00+00:00
GOLD_TF_EMA_Slope,GOLD,TF_EMA_Slope,464,468,5,-1082.25,2025-04-16 19:00:00+00:00,2025-04-17 17:00:00+00:00
GOLD_TF_EMA_Slope,GOLD,TF_EMA_Slope,473,474,2,-576.0,2025-04-22 07:00:00+00:00,2025-04-22 09:00:00+00:00
GOLD_TF_EMA_Slope,GOLD,TF_EMA_Slope,478,484,7,-2169.64,2025-04-23 07:00:00+00:00,2025-04-28 15:00:00+00:00
GOLD_TF_EMA_Slope,GOLD,TF_EMA_Slope,494,498,5,-1299.64,2025-05-06 22:00:00+00:00,2025-05-08 07:00:00+00:00
GOLD_TF_EMA_Slope,GOLD,TF_EMA_Slope,500,501,2,-539.03,2025-05-08 17:00:00+00:00,2025-05-09 15:00:00+00:00
GOLD_TF_EMA_Slope,GOLD,TF_EMA_Slope,503,506,4,-903.22,2025-05-12 08:00:00+00:00,2025-05-13 19:00:00+00:00
GOLD_TF_EMA_Slope,GOLD,TF_EMA_Slope,510,511,2,-432.54,2025-05-15 07:00:00+00:00,2025-05-15 10:00:00+00:00
GOLD_TF_EMA_Slope,GOLD,TF_EMA_Slope,513,514,2,-432.86,2025-05-15 20:00:00+00:00,2025-05-16 05:00:00+00:00
GOLD_TF_EMA_Slope,GOLD,TF_EMA_Slope,516,517,2,-526.18,2025-05-16 11:00:00+00:00,2025-05-18 23:00:00+00:00
GOLD_TF_EMA_Slope,GOLD,TF_EMA_Slope,525,527,3,-615.75,2025-05-23 13:00:00+00:00,2025-05-26 02:00:00+00:00
GOLD_TF_EMA_Slope,GOLD,TF_EMA_Slope,529,531,3,-441.43,2025-05-27 08:00:00+00:00,2025-05-28 08:00:00+00:00
GOLD_TF_EMA_Slope,GOLD,TF_EMA_Slope,536,537,2,-603.86,2025-05-29 17:00:00+00:00,2025-05-30 14:00:00+00:00
GOLD_TF_EMA_Slope,GOLD,TF_EMA_Slope,542,546,5,-887.25,2025-06-03 15:00:00+00:00,2025-06-05 16:00:00+00:00
GOLD_TF_EMA_Slope,GOLD,TF_EMA_Slope,549,553,5,-770.35,2025-06-09 02:00:00+00:00,2025-06-10 02:00:00+00:00
GOLD_TF_EMA_Slope,GOLD,TF_EMA_Slope,555,556,2,-355.5,2025-06-11 13:00:00+00:00,2025-06-11 18:00:00+00:00
GOLD_TF_EMA_Slope,GOLD,TF_EMA_Slope,560,561,2,-377.25,2025-06-15 23:00:00+00:00,2025-06-16 04:00:00+00:00
GOLD_TF_EMA_Slope,GOLD,TF_EMA_Slope,568,569,2,-262.07,2025-06-20 07:00:00+00:00,2025-06-20 10:00:00+00:00
GOLD_TF_EMA_Slope,GOLD,TF_EMA_Slope,571,575,5,-811.5,2025-06-22 23:00:00+00:00,2025-06-23 14:00:00+00:00
GOLD_TF_EMA_Slope,GOLD,TF_EMA_Slope,577,579,3,-459.86,2025-06-24 07:00:00+00:00,2025-06-26 14:00:00+00:00
GOLD_TF_EMA_Slope,GOLD,TF_EMA_Slope,583,584,2,-376.07,2025-06-29 23:00:00+00:00,2025-06-30 04:00:00+00:00
GOLD_TF_EMA_Slope,GOLD,TF_EMA_Slope,588,589,2,-228.43,2025-07-01 13:00:00+00:00,2025-07-01 15:00:00+00:00
GOLD_TF_EMA_Slope,GOLD,TF_EMA_Slope,591,593,3,-373.61,2025-07-02 20:00:00+00:00,2025-07-03 14:30:00+00:00
GOLD_TF_EMA_Slope,GOLD,TF_EMA_Slope,596,598,3,-426.22,2025-07-07 11:00:00+00:00,2025-07-08 15:00:00+00:00
GOLD_TF_EMA_Slope,GOLD,TF_EMA_Slope,600,601,2,-255.75,2025-07-09 09:00:00+00:00,2025-07-09 13:00:00+00:00
GOLD_TF_EMA_Slope,GOLD,TF_EMA_Slope,604,606,3,-366.65,2025-07-11 13:00:00+00:00,2025-07-15 05:00:00+00:00
GOLD_TF_EMA_Slope,GOLD,TF_EMA_Slope,608,609,2,-320.14,2025-07-15 16:00:00+00:00,2025-07-16 17:00:00+00:00
GOLD_TF_EMA_Slope,GOLD,TF_EMA_Slope,627,628,2,-282.75,2025-07-28 14:00:00+00:00,2025-07-28 16:00:00+00:00
GOLD_TF_EMA_Slope,GOLD,TF_EMA_Slope,630,632,3,-786.1,2025-07-30 08:00:00+00:00,2025-07-30 12:00:00+00:00
GOLD_TF_EMA_Slope,GOLD,TF_EMA_Slope,634,640,7,-701.46,2025-08-04 14:00:00+00:00,2025-08-06 09:00:00+00:00
GOLD_TF_EMA_Slope,GOLD,TF_EMA_Slope,642,643,2,-235.82,2025-08-07 07:00:00+00:00,2025-08-07 09:00:00+00:00
GOLD_TF_EMA_Slope,GOLD,TF_EMA_Slope,645,646,2,-463.93,2025-08-07 22:00:00+00:00,2025-08-08 19:00:00+00:00
GOLD_TF_EMA_Slope,GOLD,TF_EMA_Slope,654,657,4,-419.05,2025-08-21 12:00:00+00:00,2025-08-22 15:00:00+00:00
GOLD_TF_EMA_Slope,GOLD,TF_EMA_Slope,661,662,2,-203.04,2025-08-26 22:00:00+00:00,2025-08-27 06:00:00+00:00
GOLD_TF_EMA_Slope,GOLD,TF_EMA_Slope,672,674,3,-496.92,2025-09-03 17:00:00+00:00,2025-09-04 03:00:00+00:00
GOLD_TF_EMA_Slope,GOLD,TF_EMA_Slope,681,689,9,-1336.5,2025-09-09 14:00:00+00:00,2025-09-15 03:00:00+00:00
GOLD_TF_EMA_Slope,GOLD,TF_EMA_Slope,691,694,4,-564.85,2025-09-15 16:00:00+00:00,2025-09-17 19:00:00+00:00
GOLD_TF_EMA_Slope,GOLD,TF_EMA_Slope,696,698,3,-599.68,2025-09-18 07:00:00+00:00,2025-09-18 14:00:00+00:00
GOLD_TF_EMA_Slope,GOLD,TF_EMA_Slope,703,708,6,-1021.62,2025-09-23 09:00:00+00:00,2025-09-25 14:00:00+00:00
GOLD_TF_EMA_Slope,GOLD,TF_EMA_Slope,712,715,4,-775.5,2025-09-30 04:00:00+00:00,2025-09-30 13:00:00+00:00
GOLD_TF_EMA_Slope,GOLD,TF_EMA_Slope,717,722,6,-1136.99,2025-10-01 09:00:00+00:00,2025-10-02 19:00:00+00:00
GOLD_TF_EMA_Slope,GOLD,TF_EMA_Slope,728,731,4,-815.14,2025-10-08 10:00:00+00:00,2025-10-09 13:00:00+00:00
GOLD_TF_EMA_Slope,GOLD,TF_EMA_Slope,733,734,2,-656.36,2025-10-09 18:00:00+00:00,2025-10-09 20:00:00+00:00
GOLD_TF_EMA_Slope,GOLD,TF_EMA_Slope,747,750,4,-1725.96,2025-10-16 23:00:00+00:00,2025-10-20 13:00:00+00:00
GOLD_TF_EMA_Slope,GOLD,TF_EMA_Slope,756,759,4,-1931.78,2025-10-22 12:00:00+00:00,2025-10-24 16:00:00+00:00
GOLD_TF_EMA_Slope,GOLD,TF_EMA_Slope,762,769,8,-2777.04,2025-10-28 08:00:00+00:00,2025-11-05 09:00:00+00:00
GOLD_TF_EMA_Slope,GOLD,TF_EMA_Slope,771,772,2,-343.93,2025-11-06 08:00:00+00:00,2025-11-06 17:00:00+00:00
GOLD_TF_EMA_Slope,GOLD,TF_EMA_Slope,777,780,4,-784.93,2025-11-11 00:00:00+00:00,2025-11-12 05:00:00+00:00
GOLD_TF_EMA_Slope,GOLD,TF_EMA_Slope,783,784,2,-576.42,2025-11-13 09:00:00+00:00,2025-11-13 19:00:00+00:00
GOLD_TF_EMA_Slope,GOLD,TF_EMA_Slope,789,790,2,-681.86,2025-11-17 20:00:00+00:00,2025-11-17 23:00:00+00:00
GOLD_TF_EMA_Slope,GOLD,TF_EMA_Slope,792,800,9,-2869.71,2025-11-19 10:00:00+00:00,2025-11-21 17:00:00+00:00
GOLD_TF_EMA_Slope,GOLD,TF_EMA_Slope,802,803,2,-531.75,2025-11-24 21:00:00+00:00,2025-11-25 10:00:00+00:00
GOLD_TF_EMA_Slope,GOLD,TF_EMA_Slope,806,809,4,-1320.33,2025-12-02 20:00:00+00:00,2025-12-10 21:00:00+00:00
GOLD_TF_EMA_Slope,GOLD,TF_EMA_Slope,815,819,5,-1174.16,2025-12-18 00:00:00+00:00,2025-12-19 02:00:00+00:00
GOLD_TF_EMA_Slope,GOLD,TF_EMA_Slope,824,827,4,-1098.21,2025-12-23 02:00:00+00:00,2025-12-26 07:00:00+00:00
GOLD_TF_EMA_Slope,GOLD,TF_EMA_Slope,831,834,4,-1428.44,2025-12-31 06:00:00+00:00,2026-01-02 17:00:00+00:00
GOLD_TF_EMA_Slope,GOLD,TF_EMA_Slope,851,854,4,-1749.54,2026-01-21 07:00:00+00:00,2026-01-22 00:00:00+00:00
GOLD_TF_EMA_Slope,GOLD,TF_EMA_Slope,859,860,2,-928.49,2026-01-26 07:00:00+00:00,2026-01-26 23:00:00+00:00
GOLD_TF_EMA_Slope,GOLD,TF_EMA_Slope,867,868,2,-1835.25,2026-01-29 00:00:00+00:00,2026-01-29 16:00:00+00:00
GOLD_TF_EMA_Slope,GOLD,TF_EMA_Slope,872,874,3,-4246.92,2026-02-02 19:00:00+00:00,2026-02-03 17:00:00+00:00
GOLD_TF_EMA_Slope,GOLD,TF_EMA_Slope,876,877,2,-1481.89,2026-02-04 03:00:00+00:00,2026-02-04 16:00:00+00:00
GOLD_TF_EMA_Slope,GOLD,TF_EMA_Slope,886,890,5,-2303.57,2026-02-11 12:00:00+00:00,2026-02-17 06:00:00+00:00
GOLD_TF_EMA_Slope,GOLD,TF_EMA_Slope,899,903,5,-1911.0,2026-02-23 17:00:00+00:00,2026-02-26 15:00:00+00:00
GOLD_TF_EMA_Slope,GOLD,TF_EMA_Slope,906,909,4,-1964.46,2026-03-01 23:00:00+00:00,2026-03-03 01:00:00+00:00
GOLD_TF_EMA_Slope,GOLD,TF_EMA_Slope,916,923,8,-3656.26,2026-03-05 16:00:00+00:00,2026-03-12 10:00:00+00:00
GOLD_TF_EMA_Slope,GOLD,TF_EMA_Slope,927,929,3,-1024.93,2026-03-16 00:00:00+00:00,2026-03-17 11:00:00+00:00
GOLD_TF_EMA_Slope,GOLD,TF_EMA_Slope,935,936,2,-1473.11,2026-03-19 13:00:00+00:00,2026-03-19 15:00:00+00:00
GOLD_TF_EMA_Slope,GOLD,TF_EMA_Slope,940,944,5,-4191.55,2026-03-23 07:00:00+00:00,2026-03-27 15:00:00+00:00
GOLD_TF_EMA_Slope,GOLD,TF_EMA_Slope,946,948,3,-1502.47,2026-03-30 12:00:00+00:00,2026-03-31 02:00:00+00:00
GOLD_TF_EMA_Slope,GOLD,TF_EMA_Slope,954,956,3,-1912.93,2026-04-02 07:00:00+00:00,2026-04-07 23:00:00+00:00
GOLD_TF_EMA_Slope,GOLD,TF_EMA_Slope,958,960,3,-1208.68,2026-04-12 23:00:00+00:00,2026-04-13 09:00:00+00:00
GOLD_TF_EMA_Slope,GOLD,TF_EMA_Slope,963,971,9,-3148.92,2026-04-15 02:00:00+00:00,2026-04-20 10:00:00+00:00
GOLD_TF_EMA_Slope,GOLD,TF_EMA_Slope,973,974,2,-786.86,2026-04-21 17:00:00+00:00,2026-04-22 05:00:00+00:00
GOLD_TF_EMA_Slope,GOLD,TF_EMA_Slope,976,979,4,-1303.92,2026-04-23 19:00:00+00:00,2026-04-27 05:00:00+00:00
SPY_MR_BB_Stretch,SPY,MR_BB_Stretch,0,2,3,-373.99,2024-05-15 14:30:00+00:00,2024-05-15 18:30:00+00:00
SPY_MR_BB_Stretch,SPY,MR_BB_Stretch,6,7,2,-319.89,2024-05-30 14:30:00+00:00,2024-05-31 13:30:00+00:00
SPY_MR_BB_Stretch,SPY,MR_BB_Stretch,9,11,3,-504.03,2024-06-05 15:30:00+00:00,2024-06-06 14:30:00+00:00
SPY_MR_BB_Stretch,SPY,MR_BB_Stretch,17,19,3,-512.52,2024-06-13 13:30:00+00:00,2024-06-17 18:30:00+00:00
SPY_MR_BB_Stretch,SPY,MR_BB_Stretch,24,33,10,-1152.8,2024-07-03 13:30:00+00:00,2024-07-10 19:30:00+00:00
SPY_MR_BB_Stretch,SPY,MR_BB_Stretch,35,37,3,-479.39,2024-07-11 16:30:00+00:00,2024-07-12 16:30:00+00:00
SPY_MR_BB_Stretch,SPY,MR_BB_Stretch,41,42,2,-440.11,2024-07-18 15:30:00+00:00,2024-07-18 19:30:00+00:00
SPY_MR_BB_Stretch,SPY,MR_BB_Stretch,44,46,3,-627.88,2024-07-24 14:30:00+00:00,2024-07-24 19:30:00+00:00
SPY_MR_BB_Stretch,SPY,MR_BB_Stretch,48,49,2,-585.98,2024-07-25 17:30:00+00:00,2024-07-25 19:30:00+00:00
SPY_MR_BB_Stretch,SPY,MR_BB_Stretch,51,52,2,-675.76,2024-08-01 18:30:00+00:00,2024-08-02 14:30:00+00:00
SPY_MR_BB_Stretch,SPY,MR_BB_Stretch,55,66,12,-2305.03,2024-08-13 14:30:00+00:00,2024-08-21 19:30:00+00:00
SPY_MR_BB_Stretch,SPY,MR_BB_Stretch,73,76,4,-1022.54,2024-09-03 19:30:00+00:00,2024-09-06 14:30:00+00:00
SPY_MR_BB_Stretch,SPY,MR_BB_Stretch,80,82,3,-848.93,2024-09-12 14:30:00+00:00,2024-09-13 14:30:00+00:00
SPY_MR_BB_Stretch,SPY,MR_BB_Stretch,88,91,4,-674.05,2024-10-09 14:30:00+00:00,2024-10-14 14:30:00+00:00
SPY_MR_BB_Stretch,SPY,MR_BB_Stretch,94,95,2,-291.47,2024-10-16 14:30:00+00:00,2024-10-16 18:30:00+00:00
SPY_MR_BB_Stretch,SPY,MR_BB_Stretch,98,100,3,-614.25,2024-10-31 14:30:00+00:00,2024-11-01 13:30:00+00:00
SPY_MR_BB_Stretch,SPY,MR_BB_Stretch,102,105,4,-899.51,2024-11-06 15:30:00+00:00,2024-11-08 15:30:00+00:00
SPY_MR_BB_Stretch,SPY,MR_BB_Stretch,114,120,7,-891.53,2024-11-25 15:30:00+00:00,2024-12-05 14:30:00+00:00
SPY_MR_BB_Stretch,SPY,MR_BB_Stretch,123,126,4,-1080.79,2024-12-18 19:30:00+00:00,2024-12-19 18:30:00+00:00
SPY_MR_BB_Stretch,SPY,MR_BB_Stretch,130,131,2,-453.88,2024-12-27 15:30:00+00:00,2024-12-27 17:30:00+00:00
SPY_MR_BB_Stretch,SPY,MR_BB_Stretch,136,137,2,-600.46,2025-01-08 15:30:00+00:00,2025-01-10 15:30:00+00:00
SPY_MR_BB_Stretch,SPY,MR_BB_Stretch,140,145,6,-1293.67,2025-01-15 15:30:00+00:00,2025-01-22 15:30:00+00:00
SPY_MR_BB_Stretch,SPY,MR_BB_Stretch,150,152,3,-499.39,2025-02-06 18:30:00+00:00,2025-02-19 17:30:00+00:00
SPY_MR_BB_Stretch,SPY,MR_BB_Stretch,154,156,3,-708.81,2025-02-21 18:30:00+00:00,2025-02-24 15:30:00+00:00
SPY_MR_BB_Stretch,SPY,MR_BB_Stretch,158,159,2,-671.95,2025-02-26 18:30:00+00:00,2025-02-27 19:30:00+00:00
SPY_MR_BB_Stretch,SPY,MR_BB_Stretch,163,167,5,-2513.11,2025-03-05 14:30:00+00:00,2025-03-11 15:30:00+00:00
SPY_MR_BB_Stretch,SPY,MR_BB_Stretch,169,170,2,-1036.4,2025-03-11 19:30:00+00:00,2025-03-12 15:30:00+00:00
SPY_MR_BB_Stretch,SPY,MR_BB_Stretch,173,174,2,-575.6,2025-03-28 14:30:00+00:00,2025-03-28 16:30:00+00:00
SPY_MR_BB_Stretch,SPY,MR_BB_Stretch,177,180,4,-2463.34,2025-04-03 14:30:00+00:00,2025-04-04 17:30:00+00:00
SPY_MR_BB_Stretch,SPY,MR_BB_Stretch,188,189,2,-849.46,2025-04-23 14:30:00+00:00,2025-04-25 17:30:00+00:00
SPY_MR_BB_Stretch,SPY,MR_BB_Stretch,194,199,6,-1960.88,2025-05-08 15:30:00+00:00,2025-05-15 17:30:00+00:00
SPY_MR_BB_Stretch,SPY,MR_BB_Stretch,205,206,2,-455.25,2025-06-03 14:30:00+00:00,2025-06-03 17:30:00+00:00
SPY_MR_BB_Stretch,SPY,MR_BB_Stretch,208,210,3,-565.2,2025-06-06 14:30:00+00:00,2025-06-10 19:30:00+00:00
SPY_MR_BB_Stretch,SPY,MR_BB_Stretch,213,217,5,-892.34,2025-06-24 14:30:00+00:00,2025-06-27 14:30:00+00:00
SPY_MR_BB_Stretch,SPY,MR_BB_Stretch,219,223,5,-813.58,2025-06-27 18:30:00+00:00,2025-07-02 19:30:00+00:00
SPY_MR_BB_Stretch,SPY,MR_BB_Stretch,226,227,2,-398.48,2025-07-08 13:30:00+00:00,2025-07-09 14:30:00+00:00
SPY_MR_BB_Stretch,SPY,MR_BB_Stretch,231,232,2,-355.15,2025-07-17 17:30:00+00:00,2025-07-18 14:30:00+00:00
SPY_MR_BB_Stretch,SPY,MR_BB_Stretch,234,239,6,-856.16,2025-07-22 13:30:00+00:00,2025-07-25 16:30:00+00:00
SPY_MR_BB_Stretch,SPY,MR_BB_Stretch,250,252,3,-476.17,2025-08-12 14:30:00+00:00,2025-08-13 14:30:00+00:00
SPY_MR_BB_Stretch,SPY,MR_BB_Stretch,263,269,7,-951.77,2025-09-10 19:30:00+00:00,2025-09-17 18:30:00+00:00
SPY_MR_BB_Stretch,SPY,MR_BB_Stretch,271,272,2,-299.53,2025-09-19 19:30:00+00:00,2025-09-22 16:30:00+00:00
SPY_MR_BB_Stretch,SPY,MR_BB_Stretch,274,278,5,-888.03,2025-09-25 15:30:00+00:00,2025-10-02 14:30:00+00:00
SPY_MR_BB_Stretch,SPY,MR_BB_Stretch,284,286,3,-829.01,2025-10-10 16:30:00+00:00,2025-10-13 13:30:00+00:00
SPY_MR_BB_Stretch,SPY,MR_BB_Stretch,288,291,4,-834.97,2025-10-23 18:30:00+00:00,2025-10-28 13:30:00+00:00
SPY_MR_BB_Stretch,SPY,MR_BB_Stretch,295,297,3,-725.29,2025-11-06 15:30:00+00:00,2025-11-07 15:30:00+00:00
SPY_MR_BB_Stretch,SPY,MR_BB_Stretch,300,303,4,-1173.73,2025-11-13 18:30:00+00:00,2025-11-17 19:30:00+00:00
SPY_MR_BB_Stretch,SPY,MR_BB_Stretch,307,312,6,-1502.89,2025-11-25 17:30:00+00:00,2025-12-03 17:30:00+00:00
SPY_MR_BB_Stretch,SPY,MR_BB_Stretch,318,321,4,-560.56,2025-12-22 17:30:00+00:00,2025-12-24 15:30:00+00:00
SPY_MR_BB_Stretch,SPY,MR_BB_Stretch,326,327,2,-333.65,2026-01-06 15:30:00+00:00,2026-01-07 15:30:00+00:00
SPY_MR_BB_Stretch,SPY,MR_BB_Stretch,334,335,2,-473.82,2026-01-20 15:30:00+00:00,2026-01-20 18:30:00+00:00
SPY_MR_BB_Stretch,SPY,MR_BB_Stretch,339,341,3,-505.15,2026-01-26 15:30:00+00:00,2026-01-27 17:30:00+00:00
SPY_MR_BB_Stretch,SPY,MR_BB_Stretch,343,344,2,-468.29,2026-01-28 20:30:00+00:00,2026-02-04 17:30:00+00:00
SPY_MR_BB_Stretch,SPY,MR_BB_Stretch,347,348,2,-658.11,2026-02-12 16:30:00+00:00,2026-02-13 14:30:00+00:00
SPY_MR_BB_Stretch,SPY,MR_BB_Stretch,352,353,2,-623.72,2026-03-05 18:30:00+00:00,2026-03-06 15:30:00+00:00
SPY_MR_BB_Stretch,SPY,MR_BB_Stretch,357,358,2,-472.5,2026-03-18 14:30:00+00:00,2026-03-18 19:30:00+00:00
SPY_MR_BB_Stretch,SPY,MR_BB_Stretch,360,361,2,-656.76,2026-03-19 19:30:00+00:00,2026-03-20 14:30:00+00:00
SPY_MR_BB_Stretch,SPY,MR_BB_Stretch,364,371,8,-2501.92,2026-03-26 15:30:00+00:00,2026-03-30 17:30:00+00:00
SPY_MR_BB_Stretch,SPY,MR_BB_Stretch,375,383,9,-2200.45,2026-04-08 14:30:00+00:00,2026-04-17 14:30:00+00:00
